Order_ID,Order_Date,Ship_Date,Ship_Days,Customer_ID,Customer_Segment,Region,State,Category,Sub_Category,Product_Name,Unit_Price,Quantity,Discount_Pct,Discount_Amount,Shipping_Cost,Total_Sales,Cost_Per_Unit,Profit,Sales_Channel,Payment_Method,Customer_Rating,Returned
ORD-00001,2024-10-16,2024-10-18,2,CUST-3232,Corporate,Northeast,Pennsylvania,Clothing,Women's Apparel,Adidas Yoga Pants,57.15,2,10,11.43,5.59,102.87,32.43,38.01,Online,Gift Card,4,0
ORD-00002,2024-03-05,2024-03-06,1,CUST-3196,Consumer,Northeast,Massachusetts,Home & Kitchen,Furniture,IKEA Kallax Shelf,86.89,2,0,0.0,6.84,173.78,64.42,44.94,Online,PayPal,5,0
ORD-00003,2023-05-08,2023-05-10,2,CUST-2857,Small Business,Southwest,Nevada,Electronics,Monitors,Dell 24-inch FHD,207.22,3,10,62.17,5.91,559.49,137.9,145.79,Mobile App,Debit Card,5,0
ORD-00004,2024-10-12,2024-10-14,2,CUST-1229,Consumer,West,Washington,Home & Kitchen,Cookware,Lodge Cast Iron Skillet,30.54,2,10,6.11,15.67,54.97,17.23,20.51,Online,Gift Card,4,0
ORD-00005,2023-08-23,2023-08-29,6,CUST-3394,Consumer,West,Oregon,Sports & Outdoors,Cycling,Schwinn Hybrid Bike,363.16,1,20,72.63,12.9,290.53,222.59,67.94,In-Store,Debit Card,4,0
ORD-00006,2024-03-14,2024-03-18,4,CUST-3266,Consumer,Southwest,Nevada,Home & Kitchen,Appliances,Instant Pot Duo 7-in-1,85.91,2,0,0.0,20.83,171.82,49.13,73.56,In-Store,Gift Card,5,0
ORD-00007,2023-01-12,2023-01-17,5,CUST-3079,Consumer,West,California,Office Supplies,Printers,Epson EcoTank,193.15,1,0,0.0,19.38,193.15,106.36,86.79,Mobile App,Credit Card,4,0
ORD-00008,2024-09-15,2024-09-22,7,CUST-2990,Consumer,Northeast,Pennsylvania,Clothing,Activewear,Reebok Sports Bra,34.95,4,10,13.98,24.7,125.82,20.0,45.82,Online,Gift Card,5,0
ORD-00009,2023-03-12,2023-03-17,5,CUST-2529,Corporate,Southwest,Utah,Clothing,Women's Apparel,North Face Fleece,97.64,1,5,4.88,9.23,92.76,70.74,22.02,Mobile App,PayPal,2,1
ORD-00010,2024-03-24,2024-03-30,6,CUST-1974,Consumer,Southwest,Nevada,Electronics,Smartphones,Samsung Galaxy A54,351.88,1,0,0.0,0.0,351.88,234.95,116.93,In-Store,Credit Card,4,0
ORD-00011,2023-10-13,2023-10-14,1,CUST-1403,Consumer,Midwest,Ohio,Office Supplies,Paper Products,Moleskine Notebook,14.95,4,10,5.98,8.8,53.82,10.57,11.54,In-Store,Apple Pay,5,0
ORD-00012,2023-03-04,2023-03-08,4,CUST-1060,Small Business,Southeast,North Carolina,Electronics,Smartphones,Samsung Galaxy A54,347.26,1,5,17.36,23.46,329.9,210.34,119.56,Mobile App,Credit Card,2,1
ORD-00013,2023-04-06,2023-04-10,4,CUST-3276,Corporate,Southwest,New Mexico,Clothing,Accessories,Fossil Watch,135.22,1,15,20.28,0.0,114.94,78.82,36.12,Online,Apple Pay,3,0
ORD-00014,2024-11-08,2024-11-13,5,CUST-1278,Small Business,Northeast,Pennsylvania,Clothing,Men's Apparel,Columbia Jacket,88.31,2,0,0.0,23.38,176.62,49.46,77.7,Online,Credit Card,4,0
ORD-00015,2024-11-22,2024-11-28,6,CUST-2872,Consumer,Southeast,Tennessee,Clothing,Activewear,Reebok Sports Bra,35.54,1,0,0.0,10.21,35.54,23.56,11.98,In-Store,Apple Pay,1,1
ORD-00016,2023-11-20,2023-11-22,2,CUST-3166,Consumer,Southwest,Texas,Sports & Outdoors,Team Sports,Rawlings Baseball Glove,48.56,5,0,0.0,22.61,242.8,29.28,96.4,Online,Gift Card,4,0
ORD-00017,2023-01-09,2023-01-12,3,CUST-1208,Corporate,Midwest,Wisconsin,Home & Kitchen,Furniture,IKEA Kallax Shelf,92.17,1,20,18.43,9.2,73.74,53.56,20.18,Online,PayPal,4,0
ORD-00018,2023-04-05,2023-04-06,1,CUST-3385,Small Business,Midwest,Michigan,Electronics,Laptops,HP Pavilion x360,614.99,3,10,184.5,13.54,1660.47,429.41,372.24,Online,Debit Card,5,0
ORD-00019,2024-07-19,2024-07-20,1,CUST-1969,Corporate,Northeast,New Jersey,Electronics,Tablets,Samsung Galaxy Tab S6,341.89,4,15,205.13,9.98,1162.43,249.51,164.39,Online,Apple Pay,5,0
ORD-00020,2023-06-16,2023-06-19,3,CUST-1911,Corporate,Southwest,New Mexico,Sports & Outdoors,Fitness Equipment,Bowflex Dumbbells,365.07,2,0,0.0,21.2,730.14,259.36,211.42,Online,Apple Pay,5,0
ORD-00021,2023-07-24,2023-07-31,7,CUST-2356,Corporate,West,Colorado,Home & Kitchen,Cookware,Lodge Cast Iron Skillet,29.69,1,10,2.97,0.0,26.72,17.98,8.74,Online,Apple Pay,3,0
ORD-00022,2023-01-29,2023-01-30,1,CUST-3129,Corporate,Northeast,Pennsylvania,Clothing,Activewear,Puma Track Pants,49.22,1,10,4.92,24.67,44.3,34.81,9.49,Online,PayPal,3,0
ORD-00023,2024-07-05,2024-07-08,3,CUST-1521,Corporate,West,Washington,Home & Kitchen,Decor,Pottery Barn Throw Pillow,50.61,4,20,40.49,0.0,161.95,34.55,23.75,In-Store,PayPal,4,0
ORD-00024,2023-07-16,2023-07-22,6,CUST-1695,Consumer,Southeast,Virginia,Clothing,Activewear,Reebok Sports Bra,33.24,1,5,1.66,16.59,31.58,20.19,11.39,Online,Debit Card,3,0
ORD-00025,2024-11-05,2024-11-12,7,CUST-3024,Consumer,Midwest,Wisconsin,Home & Kitchen,Furniture,IKEA Kallax Shelf,87.28,2,0,0.0,14.49,174.56,48.43,77.7,Mobile App,Gift Card,2,1
ORD-00026,2024-02-14,2024-02-18,4,CUST-2812,Consumer,Northeast,New York,Electronics,Headphones,Sony WH-1000XM5,300.53,1,25,75.13,21.96,225.4,168.31,57.09,Online,Gift Card,5,0
ORD-00027,2024-09-19,2024-09-26,7,CUST-2112,Consumer,West,Arizona,Sports & Outdoors,Team Sports,Adidas Soccer Ball,24.93,4,10,9.97,17.74,89.75,15.0,29.75,Mobile App,Debit Card,2,0
ORD-00028,2023-12-10,2023-12-12,2,CUST-3358,Consumer,Midwest,Ohio,Clothing,Women's Apparel,Lululemon Tank,65.04,2,10,13.01,13.31,117.07,41.07,34.93,Mobile App,Gift Card,5,0
ORD-00029,2024-01-25,2024-01-29,4,CUST-1522,Consumer,Southeast,North Carolina,Home & Kitchen,Decor,Yankee Candle Set,36.04,2,10,7.21,10.45,64.87,26.29,12.29,Online,Apple Pay,4,0
ORD-00030,2024-09-29,2024-10-03,4,CUST-2726,Consumer,Midwest,Indiana,Office Supplies,Organizers,Pendaflex Folders,14.44,1,10,1.44,0.0,13.0,9.28,3.72,Online,PayPal,5,0
ORD-00031,2023-09-16,2023-09-18,2,CUST-1468,Consumer,West,Colorado,Electronics,Monitors,LG 27-inch 4K,355.24,5,0,0.0,20.07,1776.2,250.89,521.75,Online,Debit Card,3,0
ORD-00032,2024-07-31,2024-08-05,5,CUST-1311,Consumer,Southwest,Nevada,Home & Kitchen,Cookware,Lodge Cast Iron Skillet,30.64,2,25,15.32,11.21,45.96,21.62,2.72,Online,Apple Pay,2,1
ORD-00033,2024-08-29,2024-09-01,3,CUST-1432,Corporate,West,Washington,Electronics,Tablets,Amazon Fire HD 10,157.25,2,0,0.0,13.56,314.5,111.1,92.3,Online,Credit Card,5,0
ORD-00034,2024-03-19,2024-03-23,4,CUST-1354,Corporate,Southwest,Nevada,Clothing,Accessories,Ray-Ban Aviators,156.31,2,25,78.16,14.66,234.46,111.24,11.98,Mobile App,PayPal,5,0
ORD-00035,2023-10-13,2023-10-16,3,CUST-1782,Small Business,Southwest,New Mexico,Sports & Outdoors,Team Sports,Rawlings Baseball Glove,49.96,2,0,0.0,12.09,99.92,30.73,38.46,Online,PayPal,4,0
ORD-00036,2023-03-29,2023-03-31,2,CUST-2408,Consumer,Northeast,Connecticut,Sports & Outdoors,Team Sports,Wilson Basketball,29.96,2,10,5.99,0.0,53.93,21.23,11.47,Online,Gift Card,4,0
ORD-00037,2024-03-11,2024-03-18,7,CUST-3444,Consumer,Southwest,Utah,Home & Kitchen,Cookware,All-Clad Pan Set,243.25,1,0,0.0,19.85,243.25,168.88,74.37,In-Store,Apple Pay,2,0
ORD-00038,2023-10-17,2023-10-23,6,CUST-2960,Corporate,Southwest,New Mexico,Home & Kitchen,Appliances,Keurig K-Slim,110.37,1,0,0.0,16.06,110.37,66.76,43.61,Mobile App,Apple Pay,1,0
ORD-00039,2024-03-27,2024-03-29,2,CUST-2704,Small Business,Southeast,Florida,Home & Kitchen,Decor,Pottery Barn Throw Pillow,47.86,3,5,7.18,0.0,136.4,32.35,39.35,Mobile App,Credit Card,5,0
ORD-00040,2024-09-12,2024-09-17,5,CUST-1332,Consumer,Midwest,Wisconsin,Clothing,Activewear,Puma Track Pants,51.79,1,5,2.59,17.41,49.2,38.74,10.46,Mobile App,Debit Card,3,0
ORD-00041,2023-06-10,2023-06-17,7,CUST-1810,Corporate,Northeast,Massachusetts,Electronics,Smartphones,Samsung Galaxy A54,348.94,1,10,34.89,10.64,314.05,194.19,119.86,In-Store,PayPal,4,0
ORD-00042,2024-03-11,2024-03-12,1,CUST-3022,Consumer,Northeast,New Jersey,Clothing,Footwear,Nike Air Max 90,127.49,1,0,0.0,10.76,127.49,89.22,38.27,In-Store,Apple Pay,5,0
ORD-00043,2024-03-24,2024-03-31,7,CUST-3125,Consumer,Northeast,New York,Sports & Outdoors,Cycling,Garmin Edge 530,313.85,1,0,0.0,24.01,313.85,225.09,88.76,In-Store,Credit Card,4,0
ORD-00044,2024-10-29,2024-11-05,7,CUST-3253,Consumer,Southeast,North Carolina,Clothing,Activewear,Puma Track Pants,47.95,2,5,4.79,18.39,91.11,29.71,31.69,Online,Apple Pay,2,1
ORD-00045,2023-02-07,2023-02-11,4,CUST-1211,Consumer,Southeast,North Carolina,Home & Kitchen,Cookware,Lodge Cast Iron Skillet,30.03,5,5,7.51,15.84,142.64,22.45,30.39,Online,Gift Card,5,0
ORD-00046,2023-07-28,2023-07-29,1,CUST-1630,Consumer,Northeast,New Jersey,Home & Kitchen,Decor,Wall Art Canvas,60.77,1,0,0.0,11.21,60.77,43.14,17.63,In-Store,Credit Card,4,0
ORD-00047,2024-05-25,2024-05-30,5,CUST-2699,Consumer,Southwest,Oklahoma,Office Supplies,Printers,Brother Inkjet,146.15,3,25,109.61,23.43,328.84,96.5,39.34,In-Store,Credit Card,2,1
ORD-00048,2023-12-15,2023-12-22,7,CUST-1978,Consumer,Midwest,Illinois,Home & Kitchen,Cookware,All-Clad Pan Set,259.12,2,10,51.82,11.64,466.42,165.66,135.1,In-Store,PayPal,4,1
ORD-00049,2024-08-08,2024-08-10,2,CUST-1411,Consumer,Southeast,Virginia,Electronics,Tablets,Amazon Fire HD 10,148.21,1,20,29.64,18.03,118.57,110.81,7.76,In-Store,Gift Card,5,0
ORD-00050,2024-03-26,2024-03-30,4,CUST-2998,Small Business,Northeast,Connecticut,Electronics,Smartphones,iPhone SE,411.71,3,25,308.78,17.46,926.35,290.79,53.98,In-Store,Gift Card,3,0
ORD-00051,2024-07-08,2024-07-14,6,CUST-2535,Consumer,Northeast,New York,Clothing,Footwear,Nike Air Max 90,124.77,2,5,12.48,13.86,237.06,84.44,68.18,Online,PayPal,4,0
ORD-00052,2024-03-17,2024-03-22,5,CUST-2905,Consumer,Northeast,Massachusetts,Sports & Outdoors,Team Sports,Rawlings Baseball Glove,47.89,3,0,0.0,9.81,143.67,34.68,39.63,Online,PayPal,3,0
ORD-00053,2023-10-22,2023-10-26,4,CUST-2209,Consumer,Midwest,Ohio,Electronics,Headphones,AirPods Pro 2,261.54,5,0,0.0,11.03,1307.7,179.96,407.9,Mobile App,Apple Pay,4,0
ORD-00054,2023-01-23,2023-01-26,3,CUST-2026,Consumer,Southwest,Nevada,Home & Kitchen,Furniture,West Elm Desk,366.57,3,15,164.96,21.65,934.75,268.37,129.64,Mobile App,PayPal,3,0
ORD-00055,2024-11-25,2024-11-29,4,CUST-3055,Consumer,West,Washington,Electronics,Laptops,HP Pavilion x360,621.48,3,0,0.0,11.52,1864.44,358.15,789.99,Online,Gift Card,5,0
ORD-00056,2023-10-07,2023-10-13,6,CUST-1057,Small Business,West,Oregon,Sports & Outdoors,Cycling,Garmin Edge 530,299.04,3,15,134.57,9.5,762.55,168.98,255.61,In-Store,Gift Card,2,1
ORD-00057,2023-09-28,2023-10-03,5,CUST-2237,Corporate,Midwest,Indiana,Home & Kitchen,Cookware,All-Clad Pan Set,246.78,1,10,24.68,17.38,222.1,169.04,53.06,Online,Credit Card,3,0
ORD-00058,2024-10-26,2024-11-01,6,CUST-2699,Corporate,Southeast,Georgia,Electronics,Laptops,HP Pavilion x360,613.28,5,0,0.0,12.41,3066.4,403.24,1050.2,In-Store,Gift Card,4,0
ORD-00059,2024-11-01,2024-11-07,6,CUST-2862,Small Business,Southeast,Virginia,Home & Kitchen,Furniture,West Elm Desk,365.76,1,5,18.29,0.0,347.47,263.75,83.72,Online,PayPal,1,1
ORD-00060,2023-04-04,2023-04-06,2,CUST-2135,Consumer,Midwest,Wisconsin,Electronics,Laptops,HP Pavilion x360,634.06,1,0,0.0,9.13,634.06,357.43,276.63,Mobile App,Debit Card,5,0
ORD-00061,2023-05-29,2023-05-31,2,CUST-2950,Consumer,Southwest,Utah,Home & Kitchen,Appliances,Instant Pot Duo 7-in-1,85.62,2,0,0.0,11.47,171.24,60.62,50.0,Online,Apple Pay,4,0
ORD-00062,2024-04-04,2024-04-08,4,CUST-1442,Consumer,West,Arizona,Office Supplies,Desks & Chairs,Herman Miller Aeron,1240.63,2,20,496.25,15.42,1985.01,876.69,231.63,In-Store,Apple Pay,5,0
ORD-00063,2024-05-17,2024-05-22,5,CUST-1468,Consumer,West,Colorado,Electronics,Laptops,HP Pavilion x360,615.82,2,0,0.0,11.49,1231.64,416.67,398.3,In-Store,Gift Card,3,0
ORD-00064,2024-11-01,2024-11-04,3,CUST-1381,Consumer,West,Washington,Sports & Outdoors,Running,Brooks Ghost 15,138.57,1,15,20.79,11.24,117.78,96.43,21.35,Online,Apple Pay,2,1
ORD-00065,2024-03-18,2024-03-25,7,CUST-2440,Small Business,Northeast,Pennsylvania,Clothing,Activewear,Under Armour Shorts,39.31,2,10,7.86,18.3,70.76,22.58,25.6,Online,Credit Card,5,0
ORD-00066,2023-04-17,2023-04-21,4,CUST-1107,Small Business,Midwest,Ohio,Clothing,Accessories,Ray-Ban Aviators,160.89,3,5,24.13,9.51,458.54,92.19,181.97,Mobile App,Gift Card,4,0
ORD-00067,2024-09-15,2024-09-19,4,CUST-2858,Corporate,Southwest,Oklahoma,Electronics,Smartphones,iPhone SE,423.1,2,0,0.0,16.32,846.2,233.22,379.76,Online,Credit Card,2,0
ORD-00068,2023-12-16,2023-12-20,4,CUST-3098,Consumer,Southeast,North Carolina,Office Supplies,Organizers,Bankers Box Set,25.63,4,0,0.0,0.0,102.52,14.35,45.12,In-Store,Apple Pay,4,0
ORD-00069,2023-04-27,2023-04-29,2,CUST-1491,Consumer,Southeast,Florida,Home & Kitchen,Storage,ClosetMaid Organizer,68.03,2,0,0.0,0.0,136.06,50.81,34.44,Online,Debit Card,5,0
ORD-00070,2023-01-08,2023-01-14,6,CUST-3348,Consumer,Southeast,Virginia,Clothing,Women's Apparel,Lululemon Tank,68.4,2,0,0.0,12.93,136.8,46.76,43.28,Online,Credit Card,4,0
ORD-00071,2024-02-19,2024-02-20,1,CUST-2621,Consumer,West,Colorado,Home & Kitchen,Furniture,Wayfair Sofa,515.06,1,0,0.0,23.39,515.06,346.96,168.1,Online,Apple Pay,4,0
ORD-00072,2023-11-14,2023-11-21,7,CUST-1308,Consumer,Northeast,New Jersey,Electronics,Monitors,ASUS ProArt 27,447.44,1,5,22.37,21.37,425.07,277.36,147.71,Online,PayPal,2,1
ORD-00073,2023-07-01,2023-07-07,6,CUST-2125,Consumer,Southwest,Nevada,Sports & Outdoors,Team Sports,Rawlings Baseball Glove,50.31,1,20,10.06,22.27,40.25,34.06,6.19,Online,Apple Pay,3,0
ORD-00074,2024-08-28,2024-09-02,5,CUST-1168,Consumer,Northeast,Massachusetts,Electronics,Tablets,Samsung Galaxy Tab S6,340.94,1,0,0.0,22.1,340.94,192.75,148.19,In-Store,Gift Card,3,0
ORD-00075,2024-04-05,2024-04-11,6,CUST-3141,Corporate,Southwest,Utah,Clothing,Footwear,New Balance 574,86.05,1,0,0.0,11.86,86.05,49.11,36.94,Online,Credit Card,2,0
ORD-00076,2024-09-16,2024-09-21,5,CUST-3386,Consumer,Northeast,Pennsylvania,Home & Kitchen,Decor,Yankee Candle Set,33.42,3,10,10.03,11.58,90.23,22.6,22.43,In-Store,Gift Card,4,0
ORD-00077,2024-11-10,2024-11-17,7,CUST-3082,Small Business,Southeast,Virginia,Clothing,Activewear,Reebok Sports Bra,34.56,4,0,0.0,18.39,138.24,24.48,40.32,Mobile App,Gift Card,1,1
ORD-00078,2024-01-06,2024-01-13,7,CUST-1154,Consumer,Northeast,Pennsylvania,Clothing,Women's Apparel,Lululemon Tank,66.14,4,5,13.23,0.0,251.33,38.2,98.53,Mobile App,Gift Card,4,0
ORD-00079,2024-11-08,2024-11-12,4,CUST-2838,Corporate,West,Washington,Office Supplies,Stationery,Pilot G2 Pen Pack,13.34,1,15,2.0,13.74,11.34,9.5,1.84,Online,Apple Pay,4,0
ORD-00080,2023-08-28,2023-09-01,4,CUST-2520,Corporate,Midwest,Michigan,Sports & Outdoors,Camping Gear,Yeti Cooler,248.5,2,10,49.7,15.05,447.3,174.92,97.46,Mobile App,Gift Card,2,0
ORD-00081,2024-07-21,2024-07-23,2,CUST-2531,Small Business,Southwest,Utah,Electronics,Tablets,iPad 10th Gen,468.23,3,0,0.0,23.92,1404.69,271.33,590.7,Mobile App,Credit Card,4,0
ORD-00082,2023-08-30,2023-08-31,1,CUST-1021,Small Business,Southeast,Florida,Home & Kitchen,Appliances,Instant Pot Duo 7-in-1,91.92,1,0,0.0,0.0,91.92,56.72,35.2,Online,Debit Card,5,0
ORD-00083,2023-03-23,2023-03-25,2,CUST-3047,Corporate,Northeast,New Jersey,Clothing,Activewear,Reebok Sports Bra,35.96,2,5,3.6,0.0,68.32,21.49,25.34,Online,Apple Pay,2,1
ORD-00084,2024-09-03,2024-09-04,1,CUST-3079,Consumer,Midwest,Wisconsin,Office Supplies,Paper Products,Moleskine Notebook,15.16,1,5,0.76,18.28,14.4,9.07,5.33,In-Store,Gift Card,4,0
ORD-00085,2024-07-21,2024-07-28,7,CUST-1717,Corporate,Northeast,Connecticut,Electronics,Headphones,AirPods Pro 2,257.2,1,0,0.0,17.56,257.2,159.2,98.0,In-Store,Debit Card,1,0
ORD-00086,2024-12-02,2024-12-05,3,CUST-1782,Small Business,West,Washington,Clothing,Men's Apparel,Columbia Jacket,88.13,3,5,13.22,5.83,251.17,49.24,103.45,In-Store,Gift Card,4,0
ORD-00087,2023-10-20,2023-10-22,2,CUST-2738,Consumer,Southeast,Florida,Home & Kitchen,Cookware,Lodge Cast Iron Skillet,29.69,3,5,4.45,11.77,84.62,18.94,27.8,In-Store,Gift Card,3,0
ORD-00088,2023-03-22,2023-03-26,4,CUST-1234,Consumer,Southeast,Georgia,Office Supplies,Printers,Brother Inkjet,146.92,1,0,0.0,8.32,146.92,93.91,53.01,Online,PayPal,4,0
ORD-00089,2023-03-18,2023-03-19,1,CUST-3478,Corporate,Midwest,Indiana,Home & Kitchen,Storage,Sterilite Cart,38.56,2,25,19.28,5.69,57.84,25.89,6.06,Online,PayPal,4,0
ORD-00090,2023-06-07,2023-06-13,6,CUST-2827,Consumer,Midwest,Michigan,Home & Kitchen,Decor,Pottery Barn Throw Pillow,49.48,2,5,4.95,7.26,94.01,33.64,26.73,Online,Gift Card,1,1
ORD-00091,2023-08-08,2023-08-15,7,CUST-2228,Corporate,Southwest,Oklahoma,Sports & Outdoors,Camping Gear,Coleman Tent 4P,125.73,1,0,0.0,21.2,125.73,87.09,38.64,Mobile App,Credit Card,3,0
ORD-00092,2023-06-11,2023-06-16,5,CUST-1269,Consumer,West,Washington,Home & Kitchen,Storage,Container Store Bins,24.09,1,0,0.0,0.0,24.09,17.06,7.03,In-Store,Gift Card,1,1
ORD-00093,2023-11-13,2023-11-16,3,CUST-1528,Small Business,West,Colorado,Office Supplies,Stationery,Sharpie Marker Set,17.79,3,0,0.0,18.59,53.37,12.07,17.16,Online,Gift Card,4,0
ORD-00094,2024-03-19,2024-03-22,3,CUST-3185,Consumer,Midwest,Illinois,Electronics,Monitors,LG 27-inch 4K,365.21,1,0,0.0,15.37,365.21,217.33,147.88,Mobile App,Gift Card,3,0
ORD-00095,2023-04-06,2023-04-13,7,CUST-1124,Consumer,Midwest,Ohio,Office Supplies,Organizers,Bankers Box Set,25.99,1,10,2.6,5.81,23.39,16.05,7.34,Online,Gift Card,2,0
ORD-00096,2024-05-24,2024-05-28,4,CUST-2307,Consumer,Southwest,Utah,Home & Kitchen,Cookware,Cuisinart Knife Set,79.24,1,15,11.89,8.15,67.35,50.77,16.58,In-Store,Gift Card,2,1
ORD-00097,2023-12-20,2023-12-23,3,CUST-1654,Small Business,Northeast,Pennsylvania,Office Supplies,Organizers,Bankers Box Set,24.41,1,5,1.22,0.0,23.19,14.64,8.55,Mobile App,Apple Pay,3,0
ORD-00098,2023-12-02,2023-12-04,2,CUST-2927,Consumer,West,Washington,Clothing,Accessories,Coach Wallet,79.97,1,20,15.99,14.13,63.98,45.42,18.56,Online,Credit Card,4,0
ORD-00099,2023-10-20,2023-10-25,5,CUST-1486,Consumer,Midwest,Illinois,Sports & Outdoors,Camping Gear,Yeti Cooler,246.64,2,15,73.99,8.88,419.29,155.41,108.47,Online,Apple Pay,4,0
ORD-00100,2023-05-12,2023-05-14,2,CUST-3111,Corporate,Southwest,Nevada,Home & Kitchen,Cookware,All-Clad Pan Set,242.47,4,15,145.48,5.9,824.4,158.05,192.2,In-Store,Gift Card,5,0
ORD-00101,2023-05-24,2023-05-30,6,CUST-2706,Consumer,Southeast,Tennessee,Home & Kitchen,Appliances,Keurig K-Slim,107.78,5,10,53.89,15.64,485.01,66.53,152.36,In-Store,Credit Card,2,1
ORD-00102,2024-08-20,2024-08-22,2,CUST-1129,Corporate,Southeast,Florida,Office Supplies,Stationery,Sharpie Marker Set,17.46,5,15,13.1,16.66,74.2,11.62,16.1,In-Store,Apple Pay,4,0
ORD-00103,2024-08-09,2024-08-16,7,CUST-2959,Corporate,Southwest,Texas,Clothing,Men's Apparel,Nike Dri-FIT Tee,35.66,1,0,0.0,23.4,35.66,22.54,13.12,Mobile App,Debit Card,3,0
ORD-00104,2024-06-22,2024-06-26,4,CUST-2219,Consumer,Southeast,Georgia,Sports & Outdoors,Team Sports,Adidas Soccer Ball,25.91,2,10,5.18,10.28,46.64,17.78,11.08,Online,Gift Card,3,0
ORD-00105,2023-10-23,2023-10-27,4,CUST-1323,Small Business,West,Colorado,Home & Kitchen,Decor,Yankee Candle Set,35.77,2,20,14.31,15.85,57.23,21.73,13.77,Mobile App,Debit Card,3,0
ORD-00106,2023-12-21,2023-12-22,1,CUST-2934,Corporate,Midwest,Indiana,Clothing,Women's Apparel,North Face Fleece,97.71,1,10,9.77,9.78,87.94,55.88,32.06,In-Store,Debit Card,3,0
ORD-00107,2023-04-13,2023-04-16,3,CUST-1152,Consumer,West,Washington,Electronics,Monitors,LG 27-inch 4K,363.23,1,20,72.65,24.27,290.58,234.46,56.12,Online,Credit Card,4,0
ORD-00108,2023-06-29,2023-07-02,3,CUST-3225,Consumer,Southeast,Georgia,Electronics,Headphones,AirPods Pro 2,259.3,1,10,25.93,0.0,233.37,157.63,75.74,In-Store,PayPal,3,1
ORD-00109,2024-06-20,2024-06-26,6,CUST-2660,Consumer,Southeast,Georgia,Office Supplies,Stationery,Sharpie Marker Set,16.42,1,0,0.0,8.71,16.42,10.54,5.88,Online,Debit Card,2,1
ORD-00110,2024-03-13,2024-03-16,3,CUST-1967,Consumer,Midwest,Illinois,Sports & Outdoors,Fitness Equipment,Bowflex Dumbbells,365.24,5,5,91.31,13.92,1734.89,201.38,727.99,Mobile App,Gift Card,1,1
ORD-00111,2023-03-05,2023-03-08,3,CUST-3481,Consumer,Midwest,Indiana,Home & Kitchen,Appliances,Keurig K-Slim,114.26,2,20,45.7,17.76,182.82,80.44,21.94,Online,Debit Card,4,0
ORD-00112,2024-01-18,2024-01-23,5,CUST-3070,Consumer,Southeast,Tennessee,Sports & Outdoors,Team Sports,Rawlings Baseball Glove,50.89,3,15,22.9,15.5,129.77,34.05,27.62,In-Store,Gift Card,1,1
ORD-00113,2023-07-27,2023-07-28,1,CUST-2262,Consumer,Midwest,Ohio,Clothing,Footwear,New Balance 574,91.94,1,10,9.19,13.9,82.75,59.56,23.19,In-Store,Apple Pay,5,0
ORD-00114,2023-01-23,2023-01-27,4,CUST-2721,Consumer,Southeast,Florida,Clothing,Activewear,Under Armour Shorts,38.25,1,0,0.0,6.37,38.25,28.64,9.61,Online,Debit Card,5,1
ORD-00115,2024-01-19,2024-01-24,5,CUST-2222,Consumer,Southwest,Nevada,Sports & Outdoors,Running,Garmin Forerunner 55,207.48,1,25,51.87,7.36,155.61,119.63,35.98,Online,Debit Card,4,0
ORD-00116,2024-04-19,2024-04-20,1,CUST-1064,Corporate,Midwest,Wisconsin,Sports & Outdoors,Team Sports,Adidas Soccer Ball,24.61,3,0,0.0,19.49,73.83,14.89,29.16,Online,Gift Card,5,0
ORD-00117,2023-09-04,2023-09-06,2,CUST-3359,Corporate,Northeast,New York,Office Supplies,Desks & Chairs,Herman Miller Aeron,1241.32,2,10,248.26,9.68,2234.38,866.58,501.22,Mobile App,Debit Card,5,0
ORD-00118,2023-11-23,2023-11-29,6,CUST-2410,Corporate,West,Oregon,Clothing,Footwear,Nike Air Max 90,128.87,5,5,32.22,16.82,612.13,77.97,222.28,Mobile App,Apple Pay,3,0
ORD-00119,2024-10-20,2024-10-26,6,CUST-3282,Consumer,Midwest,Wisconsin,Home & Kitchen,Decor,Yankee Candle Set,35.88,1,5,1.79,11.0,34.09,23.13,10.96,Online,Credit Card,3,1
ORD-00120,2024-06-26,2024-06-29,3,CUST-3406,Corporate,Northeast,New Jersey,Home & Kitchen,Appliances,Keurig K-Slim,113.81,2,20,45.52,8.8,182.1,64.7,52.7,Online,Credit Card,5,0
ORD-00121,2024-11-18,2024-11-23,5,CUST-2559,Consumer,Southeast,North Carolina,Home & Kitchen,Furniture,IKEA Kallax Shelf,86.55,4,25,86.55,9.84,259.65,64.91,0.01,In-Store,Debit Card,3,0
ORD-00122,2024-04-22,2024-04-24,2,CUST-1066,Consumer,Midwest,Michigan,Home & Kitchen,Cookware,Cuisinart Knife Set,76.78,2,5,7.68,21.78,145.88,57.3,31.28,Online,Gift Card,5,0
ORD-00123,2023-09-25,2023-10-01,6,CUST-3009,Corporate,Midwest,Wisconsin,Office Supplies,Stationery,Sharpie Marker Set,16.79,1,0,0.0,18.08,16.79,12.03,4.76,Online,Apple Pay,5,0
ORD-00124,2024-04-16,2024-04-23,7,CUST-1947,Small Business,Northeast,Pennsylvania,Clothing,Women's Apparel,North Face Fleece,103.88,2,0,0.0,15.47,207.76,77.71,52.34,Mobile App,Credit Card,4,0
ORD-00125,2023-03-11,2023-03-12,1,CUST-2174,Consumer,West,California,Clothing,Activewear,Puma Track Pants,50.82,1,10,5.08,14.75,45.74,34.22,11.52,In-Store,Credit Card,5,0
ORD-00126,2023-01-18,2023-01-19,1,CUST-2228,Consumer,Midwest,Indiana,Clothing,Men's Apparel,Levi's 501 Jeans,60.71,2,0,0.0,20.89,121.42,36.46,48.5,Online,Gift Card,3,0
ORD-00127,2024-12-01,2024-12-08,7,CUST-3163,Corporate,Northeast,New York,Electronics,Headphones,AirPods Pro 2,253.41,1,5,12.67,0.0,240.74,175.0,65.74,Online,Gift Card,5,1
ORD-00128,2023-02-13,2023-02-20,7,CUST-2631,Small Business,Northeast,Massachusetts,Sports & Outdoors,Cycling,Schwinn Hybrid Bike,342.3,4,10,136.92,8.58,1232.28,225.44,330.52,Online,Gift Card,1,1
ORD-00129,2023-03-20,2023-03-21,1,CUST-3478,Small Business,Southeast,Tennessee,Clothing,Activewear,Puma Track Pants,49.41,2,5,4.94,18.78,93.88,34.49,24.9,In-Store,Credit Card,2,0
ORD-00130,2024-09-20,2024-09-26,6,CUST-2097,Consumer,Southwest,Nevada,Home & Kitchen,Furniture,West Elm Desk,349.66,1,25,87.42,13.63,262.24,217.2,45.04,In-Store,Gift Card,2,0
ORD-00131,2023-06-07,2023-06-09,2,CUST-2449,Corporate,Southeast,Georgia,Sports & Outdoors,Cycling,Bell Helmet,49.03,1,0,0.0,7.64,49.03,30.5,18.53,Online,Gift Card,4,0
ORD-00132,2024-07-21,2024-07-26,5,CUST-1259,Corporate,Northeast,Massachusetts,Home & Kitchen,Decor,Pottery Barn Throw Pillow,47.91,1,5,2.4,24.55,45.51,34.99,10.52,In-Store,Debit Card,1,0
ORD-00133,2023-06-21,2023-06-23,2,CUST-2349,Small Business,Southeast,Virginia,Home & Kitchen,Decor,Pottery Barn Throw Pillow,51.09,1,20,10.22,14.15,40.87,33.17,7.7,Online,PayPal,5,0
ORD-00134,2024-03-26,2024-04-01,6,CUST-2148,Consumer,Southeast,Tennessee,Clothing,Footwear,Adidas Ultraboost,179.61,2,10,35.92,11.37,323.3,105.17,112.96,In-Store,Gift Card,4,0
ORD-00135,2024-02-07,2024-02-14,7,CUST-2240,Corporate,Southeast,Tennessee,Clothing,Activewear,Reebok Sports Bra,33.33,1,15,5.0,9.18,28.33,23.18,5.15,Online,Apple Pay,3,0
ORD-00136,2023-09-05,2023-09-09,4,CUST-3432,Corporate,Northeast,New Jersey,Sports & Outdoors,Running,Brooks Ghost 15,141.14,1,10,14.11,22.38,127.03,92.71,34.32,In-Store,PayPal,4,0
ORD-00137,2024-10-15,2024-10-22,7,CUST-3285,Consumer,Southwest,Texas,Clothing,Footwear,Nike Air Max 90,136.28,2,0,0.0,20.04,272.56,93.42,85.72,Online,PayPal,2,1
ORD-00138,2024-08-17,2024-08-20,3,CUST-2426,Small Business,West,Washington,Sports & Outdoors,Cycling,Bell Helmet,50.94,1,10,5.09,14.65,45.85,29.55,16.3,Online,Credit Card,5,0
ORD-00139,2023-11-16,2023-11-22,6,CUST-1999,Small Business,West,Arizona,Sports & Outdoors,Cycling,Bell Helmet,49.75,1,10,4.97,0.0,44.78,28.03,16.75,Online,Credit Card,3,0
ORD-00140,2024-06-12,2024-06-13,1,CUST-1879,Small Business,Northeast,New Jersey,Home & Kitchen,Storage,ClosetMaid Organizer,69.33,5,0,0.0,13.63,346.65,40.69,143.2,In-Store,Apple Pay,4,0
ORD-00141,2023-07-30,2023-08-05,6,CUST-2875,Consumer,Northeast,New York,Office Supplies,Desks & Chairs,FlexiSpot Standing Desk,378.38,1,0,0.0,15.54,378.38,227.96,150.42,Online,Apple Pay,3,0
ORD-00142,2024-09-24,2024-09-28,4,CUST-3201,Consumer,Northeast,Pennsylvania,Office Supplies,Organizers,Bankers Box Set,24.34,2,0,0.0,7.82,48.68,13.96,20.76,Online,Apple Pay,4,0
ORD-00143,2024-12-11,2024-12-15,4,CUST-3014,Corporate,Southwest,New Mexico,Office Supplies,Paper Products,Post-it Notes Bulk,20.67,1,0,0.0,24.03,20.67,13.93,6.74,Online,Gift Card,4,0
ORD-00144,2024-03-01,2024-03-08,7,CUST-1467,Corporate,West,Colorado,Sports & Outdoors,Camping Gear,Coleman Tent 4P,126.36,2,15,37.91,10.76,214.81,70.32,74.17,In-Store,Apple Pay,3,0
ORD-00145,2023-10-02,2023-10-09,7,CUST-1480,Consumer,West,Oregon,Office Supplies,Desks & Chairs,FlexiSpot Standing Desk,377.15,1,0,0.0,9.94,377.15,262.95,114.2,Mobile App,PayPal,4,0
ORD-00146,2023-08-31,2023-09-05,5,CUST-3345,Corporate,Northeast,Massachusetts,Home & Kitchen,Storage,Sterilite Cart,41.13,1,10,4.11,16.39,37.02,29.31,7.71,Online,PayPal,5,0
ORD-00147,2023-10-01,2023-10-07,6,CUST-2100,Consumer,Southwest,Utah,Electronics,Smartphones,iPhone SE,445.77,4,25,445.77,9.98,1337.31,256.49,311.35,Online,Apple Pay,3,0
ORD-00148,2024-10-04,2024-10-05,1,CUST-2467,Small Business,Southeast,Virginia,Electronics,Laptops,HP Pavilion x360,657.48,2,0,0.0,11.54,1314.96,410.15,494.66,Mobile App,Credit Card,4,0
ORD-00149,2023-03-06,2023-03-13,7,CUST-2882,Consumer,West,Colorado,Clothing,Accessories,Ray-Ban Aviators,156.53,1,0,0.0,0.0,156.53,103.23,53.3,In-Store,Credit Card,1,1
ORD-00150,2023-01-17,2023-01-24,7,CUST-1677,Consumer,Northeast,New Jersey,Sports & Outdoors,Running,Brooks Ghost 15,146.93,5,5,36.73,11.03,697.92,107.54,160.22,Mobile App,PayPal,2,0
ORD-00151,2023-02-23,2023-02-27,4,CUST-1541,Corporate,Southeast,North Carolina,Clothing,Accessories,Coach Wallet,77.7,1,0,0.0,15.38,77.7,43.95,33.75,Online,Credit Card,5,0
ORD-00152,2024-05-04,2024-05-10,6,CUST-2438,Corporate,Northeast,Connecticut,Electronics,Laptops,Dell Inspiron 15,530.03,1,20,106.01,7.65,424.02,373.51,50.51,Online,Credit Card,3,0
ORD-00153,2023-08-07,2023-08-13,6,CUST-1345,Small Business,Midwest,Ohio,Sports & Outdoors,Team Sports,Rawlings Baseball Glove,51.97,1,0,0.0,0.0,51.97,30.04,21.93,Online,PayPal,4,0
ORD-00154,2023-09-12,2023-09-16,4,CUST-3046,Consumer,Midwest,Wisconsin,Office Supplies,Printers,Epson EcoTank,207.51,1,15,31.13,8.76,176.38,122.66,53.72,Online,Debit Card,4,0
ORD-00155,2024-10-15,2024-10-22,7,CUST-2630,Corporate,Midwest,Wisconsin,Electronics,Tablets,Samsung Galaxy Tab S6,332.25,1,15,49.84,20.24,282.41,207.02,75.39,Online,Credit Card,2,0
ORD-00156,2024-06-02,2024-06-03,1,CUST-1270,Consumer,Southeast,Tennessee,Sports & Outdoors,Running,Nathan Hydration Vest,70.25,1,10,7.03,0.0,63.22,40.78,22.44,In-Store,Debit Card,5,0
ORD-00157,2023-11-14,2023-11-16,2,CUST-3142,Corporate,West,Washington,Electronics,Smartphones,Samsung Galaxy A54,353.92,4,0,0.0,18.15,1415.68,198.55,621.48,Online,Credit Card,3,1
ORD-00158,2024-06-13,2024-06-17,4,CUST-3092,Consumer,West,Oregon,Clothing,Footwear,Nike Air Max 90,133.02,2,20,53.21,11.69,212.83,76.3,60.23,Online,Gift Card,4,0
ORD-00159,2024-01-04,2024-01-05,1,CUST-1614,Consumer,Northeast,Massachusetts,Clothing,Footwear,Nike Air Max 90,130.95,1,0,0.0,15.17,130.95,90.95,40.0,Mobile App,Credit Card,4,0
ORD-00160,2023-07-03,2023-07-06,3,CUST-1188,Corporate,Southwest,Texas,Office Supplies,Stationery,Pilot G2 Pen Pack,13.28,1,5,0.66,0.0,12.62,8.02,4.6,Online,Credit Card,3,0
ORD-00161,2024-02-15,2024-02-17,2,CUST-3238,Corporate,Northeast,Connecticut,Home & Kitchen,Cookware,Cuisinart Knife Set,78.94,1,5,3.95,19.78,74.99,48.02,26.97,In-Store,Apple Pay,5,0
ORD-00162,2023-09-09,2023-09-15,6,CUST-3015,Corporate,Northeast,Connecticut,Electronics,Smartphones,Google Pixel 7a,415.08,1,15,62.26,0.0,352.82,307.24,45.58,Online,PayPal,1,0
ORD-00163,2023-03-03,2023-03-04,1,CUST-2781,Consumer,Southwest,New Mexico,Home & Kitchen,Furniture,IKEA Kallax Shelf,90.17,4,20,72.14,24.48,288.54,62.23,39.62,In-Store,Apple Pay,3,0
ORD-00164,2024-11-09,2024-11-16,7,CUST-1494,Consumer,Northeast,Pennsylvania,Home & Kitchen,Decor,Wall Art Canvas,59.71,3,0,0.0,7.71,179.13,35.63,72.24,In-Store,Debit Card,3,0
ORD-00165,2024-07-02,2024-07-03,1,CUST-3103,Small Business,Southeast,Georgia,Sports & Outdoors,Cycling,Bell Helmet,48.28,1,0,0.0,18.93,48.28,33.18,15.1,Online,Debit Card,2,0
ORD-00166,2023-02-20,2023-02-27,7,CUST-2524,Consumer,Midwest,Michigan,Clothing,Men's Apparel,Nike Dri-FIT Tee,35.17,3,10,10.55,0.0,94.96,20.01,34.93,Online,Debit Card,1,1
ORD-00167,2024-12-03,2024-12-10,7,CUST-3350,Consumer,Midwest,Wisconsin,Office Supplies,Printers,HP LaserJet Pro,312.06,1,0,0.0,0.0,312.06,199.31,112.75,Mobile App,Credit Card,5,0
ORD-00168,2024-03-19,2024-03-20,1,CUST-2962,Corporate,West,Colorado,Sports & Outdoors,Fitness Equipment,Peloton Bike Mat,58.28,2,0,0.0,22.66,116.56,34.24,48.08,In-Store,PayPal,4,0
ORD-00169,2023-03-04,2023-03-08,4,CUST-3316,Consumer,Northeast,Connecticut,Clothing,Accessories,Ray-Ban Aviators,155.98,2,15,46.79,5.38,265.17,116.8,31.57,Mobile App,Gift Card,5,0
ORD-00170,2024-05-29,2024-06-01,3,CUST-2091,Small Business,Southeast,North Carolina,Clothing,Men's Apparel,Nike Dri-FIT Tee,36.08,2,0,0.0,14.42,72.16,21.87,28.42,Mobile App,Debit Card,2,1
ORD-00171,2024-06-30,2024-07-06,6,CUST-3306,Corporate,West,California,Clothing,Activewear,Puma Track Pants,51.72,1,15,7.76,21.11,43.96,30.27,13.69,Online,PayPal,5,0
ORD-00172,2023-07-12,2023-07-17,5,CUST-2325,Consumer,West,Colorado,Office Supplies,Printers,HP LaserJet Pro,291.97,1,0,0.0,5.0,291.97,173.36,118.61,Online,Debit Card,5,0
ORD-00173,2023-03-02,2023-03-05,3,CUST-2299,Small Business,Northeast,Massachusetts,Clothing,Men's Apparel,Columbia Jacket,88.85,3,25,66.64,7.01,199.91,65.61,3.08,Online,Apple Pay,5,1
ORD-00174,2023-06-28,2023-06-29,1,CUST-3324,Small Business,West,Arizona,Office Supplies,Printers,HP LaserJet Pro,296.34,2,15,88.9,8.54,503.78,206.49,90.8,Mobile App,Apple Pay,5,0
ORD-00175,2023-02-03,2023-02-05,2,CUST-2022,Small Business,Northeast,Pennsylvania,Office Supplies,Paper Products,Moleskine Notebook,14.45,2,20,5.78,24.64,23.12,10.1,2.92,In-Store,PayPal,4,0
ORD-00176,2024-12-10,2024-12-14,4,CUST-1666,Consumer,Northeast,New York,Electronics,Laptops,HP Pavilion x360,608.97,1,5,30.45,12.01,578.52,385.36,193.16,Online,Gift Card,4,0
ORD-00177,2024-04-07,2024-04-08,1,CUST-1675,Small Business,Northeast,New York,Home & Kitchen,Furniture,Wayfair Sofa,492.08,1,0,0.0,6.49,492.08,358.03,134.05,Online,Apple Pay,4,0
ORD-00178,2024-09-13,2024-09-16,3,CUST-1629,Consumer,Southwest,New Mexico,Electronics,Laptops,HP Pavilion x360,642.41,1,0,0.0,10.3,642.41,446.09,196.32,Online,Apple Pay,4,0
ORD-00179,2023-02-25,2023-03-01,4,CUST-2085,Consumer,Southeast,Virginia,Electronics,Tablets,Amazon Fire HD 10,143.95,2,5,14.39,24.53,273.51,85.13,103.25,Mobile App,Apple Pay,4,0
ORD-00180,2023-04-04,2023-04-05,1,CUST-3415,Corporate,Midwest,Indiana,Clothing,Footwear,Adidas Ultraboost,175.73,1,5,8.79,10.36,166.94,113.0,53.94,Online,Credit Card,2,0
ORD-00181,2023-08-21,2023-08-28,7,CUST-1603,Consumer,Midwest,Indiana,Office Supplies,Stationery,Staedtler Pencil Set,10.06,2,20,4.02,12.89,16.1,6.01,4.08,In-Store,Gift Card,4,0
ORD-00182,2023-05-04,2023-05-10,6,CUST-1274,Corporate,Southwest,Nevada,Clothing,Women's Apparel,Adidas Yoga Pants,54.57,3,0,0.0,24.94,163.71,40.8,41.31,Online,PayPal,5,0
ORD-00183,2023-03-31,2023-04-01,1,CUST-1410,Consumer,Southeast,Virginia,Office Supplies,Printers,Brother Inkjet,142.68,2,20,57.07,20.62,228.29,98.46,31.37,Online,Gift Card,5,1
ORD-00184,2023-04-19,2023-04-23,4,CUST-2357,Corporate,Midwest,Illinois,Home & Kitchen,Storage,ClosetMaid Organizer,71.07,3,0,0.0,8.43,213.21,47.22,71.55,Online,Apple Pay,1,1
ORD-00185,2024-12-08,2024-12-15,7,CUST-2707,Consumer,West,Oregon,Home & Kitchen,Furniture,Wayfair Sofa,489.01,3,0,0.0,6.95,1467.03,317.04,515.91,Online,Apple Pay,4,0
ORD-00186,2024-09-11,2024-09-14,3,CUST-1789,Consumer,Midwest,Ohio,Sports & Outdoors,Camping Gear,Yeti Cooler,259.17,2,15,77.75,8.17,440.59,185.1,70.39,In-Store,Gift Card,5,0
ORD-00187,2023-07-25,2023-07-26,1,CUST-2943,Consumer,West,Washington,Electronics,Headphones,Sony WH-1000XM5,293.21,4,10,117.28,17.7,1055.56,209.56,217.32,In-Store,Apple Pay,5,0
ORD-00188,2024-08-23,2024-08-25,2,CUST-1082,Corporate,Midwest,Michigan,Clothing,Footwear,New Balance 574,85.74,3,0,0.0,20.59,257.22,48.01,113.19,Mobile App,Debit Card,3,0
ORD-00189,2024-11-29,2024-12-03,4,CUST-2626,Consumer,Southwest,New Mexico,Office Supplies,Desks & Chairs,Autonomous SmartDesk,441.24,1,15,66.19,13.47,375.05,328.02,47.03,Mobile App,Debit Card,4,0
ORD-00190,2024-08-21,2024-08-24,3,CUST-1984,Consumer,Northeast,Massachusetts,Home & Kitchen,Storage,Sterilite Cart,40.73,2,0,0.0,10.52,81.46,26.33,28.8,Mobile App,PayPal,3,0
ORD-00191,2023-02-28,2023-03-06,6,CUST-1910,Corporate,West,Arizona,Sports & Outdoors,Cycling,Garmin Edge 530,299.91,1,0,0.0,13.08,299.91,182.68,117.23,Online,Gift Card,4,0
ORD-00192,2024-12-03,2024-12-06,3,CUST-1365,Corporate,West,Oregon,Office Supplies,Printers,HP LaserJet Pro,290.42,3,20,174.25,0.0,697.01,165.4,200.81,In-Store,Debit Card,5,0
ORD-00193,2023-08-16,2023-08-21,5,CUST-3170,Small Business,Southeast,North Carolina,Sports & Outdoors,Cycling,Bell Helmet,51.75,1,0,0.0,16.66,51.75,33.33,18.42,Online,Gift Card,1,1
ORD-00194,2023-11-02,2023-11-09,7,CUST-1857,Consumer,West,Washington,Clothing,Women's Apparel,Lululemon Tank,70.77,1,10,7.08,19.3,63.69,45.4,18.29,Online,Debit Card,2,0
ORD-00195,2023-06-22,2023-06-24,2,CUST-1073,Small Business,Midwest,Ohio,Sports & Outdoors,Fitness Equipment,Bowflex Dumbbells,346.61,2,10,69.32,5.74,623.9,257.55,108.8,In-Store,PayPal,5,0
ORD-00196,2024-11-23,2024-11-26,3,CUST-1548,Corporate,West,Washington,Home & Kitchen,Cookware,Lodge Cast Iron Skillet,29.41,1,5,1.47,0.0,27.94,16.56,11.38,In-Store,Gift Card,3,0
ORD-00197,2023-12-17,2023-12-20,3,CUST-3190,Corporate,Southeast,Georgia,Clothing,Accessories,Ray-Ban Aviators,154.09,1,10,15.41,8.37,138.68,107.37,31.31,In-Store,Apple Pay,5,0
ORD-00198,2024-09-30,2024-10-06,6,CUST-2105,Consumer,Northeast,New York,Electronics,Laptops,Dell Inspiron 15,543.4,2,5,54.34,8.05,1032.46,358.35,315.76,In-Store,Apple Pay,3,0
ORD-00199,2024-09-29,2024-10-02,3,CUST-1161,Small Business,Midwest,Ohio,Sports & Outdoors,Fitness Equipment,Resistance Band Set,24.03,2,0,0.0,8.98,48.06,13.73,20.6,Mobile App,PayPal,4,0
ORD-00200,2024-07-15,2024-07-16,1,CUST-2870,Consumer,Southeast,Georgia,Sports & Outdoors,Cycling,Schwinn Hybrid Bike,364.23,1,10,36.42,7.97,327.81,261.17,66.64,Mobile App,Credit Card,5,0
ORD-00201,2023-10-31,2023-11-07,7,CUST-2464,Consumer,Northeast,New York,Electronics,Smartphones,Samsung Galaxy A54,356.18,3,5,53.43,0.0,1015.11,226.25,336.36,Mobile App,Debit Card,3,0
ORD-00202,2024-03-24,2024-03-31,7,CUST-1240,Small Business,Southwest,Oklahoma,Electronics,Tablets,Samsung Galaxy Tab S6,345.25,1,5,17.26,22.0,327.99,208.66,119.33,Online,Debit Card,1,1
ORD-00203,2023-06-13,2023-06-19,6,CUST-2071,Consumer,Northeast,Massachusetts,Sports & Outdoors,Team Sports,Rawlings Baseball Glove,51.39,1,10,5.14,22.59,46.25,34.55,11.7,Mobile App,Apple Pay,1,0
ORD-00204,2024-11-01,2024-11-07,6,CUST-1223,Consumer,West,Arizona,Office Supplies,Organizers,Bankers Box Set,24.59,5,10,12.29,6.89,110.66,16.1,30.16,In-Store,Apple Pay,1,1
ORD-00205,2023-01-12,2023-01-14,2,CUST-1360,Consumer,Midwest,Ohio,Office Supplies,Stationery,Sharpie Marker Set,16.98,3,0,0.0,6.0,50.94,10.16,20.46,In-Store,Debit Card,2,0
ORD-00206,2024-05-25,2024-05-31,6,CUST-2396,Consumer,Southeast,Florida,Sports & Outdoors,Fitness Equipment,Bowflex Dumbbells,351.71,1,0,0.0,24.25,351.71,251.54,100.17,Online,Debit Card,3,0
ORD-00207,2024-01-08,2024-01-14,6,CUST-1435,Consumer,West,Washington,Sports & Outdoors,Cycling,Garmin Edge 530,306.49,3,10,91.95,6.94,827.52,190.84,255.0,Online,PayPal,3,0
ORD-00208,2023-02-16,2023-02-18,2,CUST-3411,Consumer,Southwest,Nevada,Clothing,Accessories,Ray-Ban Aviators,153.92,1,0,0.0,21.48,153.92,110.89,43.03,In-Store,Apple Pay,1,1
ORD-00209,2023-05-07,2023-05-11,4,CUST-1525,Corporate,West,Colorado,Sports & Outdoors,Team Sports,Rawlings Baseball Glove,50.14,1,5,2.51,21.77,47.63,28.06,19.57,Mobile App,Debit Card,4,0
ORD-00210,2023-04-17,2023-04-20,3,CUST-3098,Consumer,Southeast,Tennessee,Office Supplies,Printers,Epson EcoTank,202.17,4,5,40.43,12.95,768.25,139.19,211.49,Mobile App,Debit Card,2,1
ORD-00211,2023-11-03,2023-11-09,6,CUST-1472,Small Business,Midwest,Michigan,Office Supplies,Paper Products,HP Printer Paper 5-Ream,30.55,1,10,3.06,0.0,27.49,22.43,5.06,In-Store,Gift Card,3,0
ORD-00212,2023-12-27,2024-01-03,7,CUST-1835,Small Business,Midwest,Indiana,Office Supplies,Printers,Brother Inkjet,142.87,3,5,21.43,8.99,407.18,82.73,158.99,Mobile App,PayPal,1,0
ORD-00213,2024-07-08,2024-07-15,7,CUST-2280,Corporate,Northeast,Connecticut,Electronics,Monitors,ASUS ProArt 27,440.41,2,15,132.12,20.68,748.7,291.66,165.38,In-Store,Credit Card,5,0
ORD-00214,2024-07-19,2024-07-24,5,CUST-1765,Corporate,Northeast,Pennsylvania,Clothing,Activewear,Puma Track Pants,51.01,3,20,30.61,15.92,122.42,34.66,18.44,Online,Debit Card,2,0
ORD-00215,2023-06-27,2023-07-01,4,CUST-2233,Consumer,West,California,Sports & Outdoors,Fitness Equipment,Peloton Bike Mat,57.96,1,0,0.0,0.0,57.96,41.68,16.28,In-Store,Debit Card,5,0
ORD-00216,2024-05-17,2024-05-22,5,CUST-2202,Consumer,West,Arizona,Home & Kitchen,Furniture,West Elm Desk,338.93,1,0,0.0,13.31,338.93,191.03,147.9,Online,Debit Card,3,0
ORD-00217,2023-08-12,2023-08-17,5,CUST-1464,Consumer,Southwest,Utah,Office Supplies,Stationery,Staedtler Pencil Set,9.5,3,25,7.12,23.08,21.38,6.5,1.88,Mobile App,Credit Card,3,0
ORD-00218,2024-01-31,2024-02-01,1,CUST-1863,Consumer,Northeast,Pennsylvania,Electronics,Monitors,Dell 24-inch FHD,199.73,2,5,19.97,11.4,379.49,121.69,136.11,Mobile App,Gift Card,4,0
ORD-00219,2024-11-17,2024-11-23,6,CUST-2031,Consumer,Northeast,Connecticut,Electronics,Smartphones,Google Pixel 7a,409.64,3,20,245.78,6.43,983.14,260.96,200.26,Online,PayPal,1,0
ORD-00220,2024-07-25,2024-07-26,1,CUST-2465,Corporate,Northeast,New Jersey,Home & Kitchen,Decor,Yankee Candle Set,34.35,1,5,1.72,0.0,32.63,21.57,11.06,In-Store,Gift Card,1,1
ORD-00221,2024-05-29,2024-05-31,2,CUST-2220,Corporate,Northeast,Pennsylvania,Office Supplies,Desks & Chairs,Herman Miller Aeron,1286.35,3,5,192.95,15.66,3666.1,877.48,1033.66,In-Store,Gift Card,3,0
ORD-00222,2024-11-24,2024-11-26,2,CUST-3099,Small Business,Southwest,Oklahoma,Electronics,Monitors,ASUS ProArt 27,433.12,1,0,0.0,6.69,433.12,272.35,160.77,In-Store,PayPal,3,0
ORD-00223,2023-05-26,2023-05-31,5,CUST-1808,Corporate,Northeast,New Jersey,Office Supplies,Printers,HP LaserJet Pro,302.01,1,10,30.2,24.79,271.81,169.39,102.42,In-Store,PayPal,3,0
ORD-00224,2024-08-17,2024-08-22,5,CUST-2295,Corporate,Southeast,North Carolina,Home & Kitchen,Appliances,Dyson V15 Vacuum,657.76,2,0,0.0,14.0,1315.52,480.18,355.16,In-Store,Debit Card,3,0
ORD-00225,2024-03-14,2024-03-18,4,CUST-3484,Corporate,Northeast,Pennsylvania,Clothing,Women's Apparel,North Face Fleece,103.39,2,5,10.34,22.55,196.44,59.64,77.16,Online,Apple Pay,4,0
ORD-00226,2023-03-25,2023-04-01,7,CUST-3210,Consumer,West,Washington,Office Supplies,Paper Products,Post-it Notes Bulk,20.44,2,10,4.09,17.62,36.79,14.89,7.01,In-Store,Gift Card,2,0
ORD-00227,2024-04-28,2024-05-01,3,CUST-1574,Corporate,Midwest,Ohio,Home & Kitchen,Decor,Pottery Barn Throw Pillow,51.78,4,10,20.71,6.8,186.41,29.87,66.93,In-Store,Gift Card,4,0
ORD-00228,2024-04-01,2024-04-03,2,CUST-1190,Consumer,Northeast,Massachusetts,Office Supplies,Paper Products,Moleskine Notebook,14.3,2,20,5.72,10.28,22.88,10.04,2.8,Online,PayPal,4,0
ORD-00229,2023-02-10,2023-02-13,3,CUST-1912,Small Business,Southwest,Oklahoma,Electronics,Monitors,ASUS ProArt 27,419.81,3,15,188.91,18.06,1070.52,276.6,240.72,In-Store,Credit Card,4,0
ORD-00230,2024-06-12,2024-06-14,2,CUST-2352,Consumer,Southeast,North Carolina,Sports & Outdoors,Running,Nathan Hydration Vest,69.57,1,20,13.91,10.61,55.66,41.46,14.2,Online,Credit Card,5,0
ORD-00231,2023-04-27,2023-05-03,6,CUST-2660,Small Business,Southeast,Virginia,Sports & Outdoors,Camping Gear,REI Sleeping Bag,171.39,1,15,25.71,8.21,145.68,95.74,49.94,In-Store,Debit Card,1,0
ORD-00232,2024-09-05,2024-09-12,7,CUST-2403,Corporate,Southwest,Texas,Home & Kitchen,Furniture,IKEA Kallax Shelf,93.3,1,25,23.32,17.01,69.98,54.5,15.48,In-Store,Gift Card,3,0
ORD-00233,2024-04-09,2024-04-14,5,CUST-3176,Consumer,Midwest,Illinois,Clothing,Accessories,Fossil Watch,130.29,1,0,0.0,21.52,130.29,95.36,34.93,Online,Gift Card,3,0
ORD-00234,2024-05-30,2024-06-06,7,CUST-2561,Corporate,West,California,Sports & Outdoors,Camping Gear,REI Sleeping Bag,187.87,2,0,0.0,13.4,375.74,128.82,118.1,Online,Debit Card,5,0
ORD-00235,2023-12-25,2023-12-28,3,CUST-1029,Corporate,West,Arizona,Electronics,Headphones,Sony WH-1000XM5,312.29,1,15,46.84,15.86,265.45,176.99,88.46,Online,Credit Card,4,0
ORD-00236,2024-01-20,2024-01-23,3,CUST-2976,Consumer,Midwest,Michigan,Sports & Outdoors,Cycling,Schwinn Hybrid Bike,341.37,1,10,34.14,12.3,307.23,246.13,61.1,Mobile App,Debit Card,4,0
ORD-00237,2023-07-03,2023-07-05,2,CUST-2386,Corporate,Southeast,Tennessee,Sports & Outdoors,Cycling,Bell Helmet,49.48,2,15,14.84,7.37,84.12,28.58,26.96,Online,Debit Card,4,0
ORD-00238,2024-07-17,2024-07-19,2,CUST-3134,Corporate,Midwest,Illinois,Clothing,Accessories,Coach Wallet,77.15,1,0,0.0,6.27,77.15,56.72,20.43,Online,Apple Pay,5,0
ORD-00239,2023-10-21,2023-10-28,7,CUST-2473,Consumer,West,Arizona,Electronics,Smartphones,Google Pixel 7a,414.01,1,0,0.0,8.88,414.01,304.77,109.24,In-Store,Debit Card,3,0
ORD-00240,2023-09-02,2023-09-03,1,CUST-2132,Corporate,Midwest,Ohio,Electronics,Tablets,Samsung Galaxy Tab S6,332.83,1,5,16.64,6.36,316.19,217.52,98.67,In-Store,Gift Card,5,0
ORD-00241,2023-08-20,2023-08-21,1,CUST-2813,Small Business,Midwest,Ohio,Sports & Outdoors,Running,Nathan Hydration Vest,70.03,1,0,0.0,11.79,70.03,46.34,23.69,Mobile App,Gift Card,5,0
ORD-00242,2024-01-22,2024-01-28,6,CUST-2446,Consumer,Midwest,Ohio,Home & Kitchen,Decor,Wall Art Canvas,57.15,1,10,5.71,0.0,51.44,32.76,18.68,Mobile App,Debit Card,4,0
ORD-00243,2024-06-12,2024-06-14,2,CUST-1991,Consumer,Midwest,Michigan,Clothing,Footwear,Nike Air Max 90,127.94,1,10,12.79,11.27,115.15,84.56,30.59,Mobile App,Debit Card,5,0
ORD-00244,2023-09-29,2023-10-06,7,CUST-3353,Small Business,Northeast,New Jersey,Clothing,Activewear,Puma Track Pants,52.09,1,0,0.0,17.27,52.09,35.69,16.4,Mobile App,Apple Pay,2,0
ORD-00245,2023-10-09,2023-10-12,3,CUST-3122,Corporate,Southeast,Tennessee,Home & Kitchen,Decor,Pottery Barn Throw Pillow,50.12,3,0,0.0,5.64,150.36,31.81,54.93,Online,Debit Card,4,0
ORD-00246,2024-04-16,2024-04-20,4,CUST-2524,Consumer,Southeast,Florida,Electronics,Smartphones,iPhone SE,434.84,2,0,0.0,9.73,869.68,261.75,346.18,Mobile App,Debit Card,4,0
ORD-00247,2024-01-09,2024-01-13,4,CUST-2726,Consumer,West,Oregon,Sports & Outdoors,Camping Gear,REI Sleeping Bag,175.1,1,10,17.51,9.71,157.59,99.8,57.79,Mobile App,Debit Card,4,0
ORD-00248,2024-05-26,2024-06-02,7,CUST-2478,Small Business,Northeast,Massachusetts,Office Supplies,Printers,Brother Inkjet,151.01,1,10,15.1,6.19,135.91,95.09,40.82,Online,Credit Card,3,0
ORD-00249,2024-01-04,2024-01-06,2,CUST-2830,Consumer,Midwest,Michigan,Home & Kitchen,Furniture,Wayfair Sofa,523.15,1,15,78.47,17.97,444.68,308.55,136.13,Mobile App,PayPal,5,0
ORD-00250,2023-03-22,2023-03-23,1,CUST-3479,Consumer,Southeast,North Carolina,Sports & Outdoors,Camping Gear,Coleman Tent 4P,128.97,2,20,51.59,23.13,206.35,86.73,32.89,Online,PayPal,5,0
ORD-00251,2024-10-22,2024-10-28,6,CUST-2938,Consumer,Southeast,Virginia,Home & Kitchen,Storage,Sterilite Cart,38.73,5,5,9.68,18.23,183.97,21.48,76.57,In-Store,Debit Card,2,0
ORD-00252,2024-07-15,2024-07-18,3,CUST-2461,Consumer,Northeast,Connecticut,Office Supplies,Desks & Chairs,Autonomous SmartDesk,456.96,1,0,0.0,9.94,456.96,332.25,124.71,Online,Gift Card,5,0
ORD-00253,2023-11-30,2023-12-05,5,CUST-1366,Corporate,Southeast,Tennessee,Home & Kitchen,Storage,ClosetMaid Organizer,70.26,1,20,14.05,19.97,56.21,46.95,9.26,Online,Gift Card,2,0
ORD-00254,2024-03-28,2024-04-03,6,CUST-2199,Small Business,Southeast,Virginia,Home & Kitchen,Appliances,Keurig K-Slim,112.83,1,5,5.64,15.69,107.19,65.13,42.06,Mobile App,Apple Pay,2,1
ORD-00255,2024-09-03,2024-09-07,4,CUST-2113,Consumer,Northeast,New York,Office Supplies,Printers,HP LaserJet Pro,296.83,1,10,29.68,12.78,267.15,172.95,94.2,Online,Debit Card,4,0
ORD-00256,2023-10-19,2023-10-24,5,CUST-1418,Consumer,Midwest,Wisconsin,Home & Kitchen,Decor,Pottery Barn Throw Pillow,48.94,3,0,0.0,10.43,146.82,33.15,47.37,In-Store,Debit Card,1,0
ORD-00257,2023-10-16,2023-10-20,4,CUST-1229,Consumer,Northeast,Connecticut,Electronics,Smartphones,Samsung Galaxy A54,344.46,1,5,17.22,24.95,327.24,210.92,116.32,In-Store,Credit Card,5,1
ORD-00258,2023-09-30,2023-10-07,7,CUST-1815,Consumer,West,California,Office Supplies,Stationery,Pilot G2 Pen Pack,13.4,1,15,2.01,0.0,11.39,9.59,1.8,In-Store,Apple Pay,2,1
ORD-00259,2024-04-16,2024-04-21,5,CUST-1892,Consumer,West,California,Office Supplies,Paper Products,Post-it Notes Bulk,20.86,1,25,5.21,19.88,15.65,12.13,3.52,In-Store,PayPal,2,1
ORD-00260,2023-04-26,2023-05-02,6,CUST-3047,Corporate,Northeast,Connecticut,Home & Kitchen,Furniture,IKEA Kallax Shelf,89.05,3,10,26.71,16.61,240.44,53.31,80.51,In-Store,PayPal,4,0
ORD-00261,2023-04-04,2023-04-11,7,CUST-2547,Consumer,West,Oregon,Electronics,Laptops,HP Pavilion x360,648.35,2,10,129.67,24.62,1167.03,372.91,421.21,In-Store,Apple Pay,4,0
ORD-00262,2024-01-02,2024-01-08,6,CUST-1282,Small Business,West,Oregon,Electronics,Headphones,Bose QC45,285.51,1,0,0.0,11.94,285.51,167.87,117.64,In-Store,Gift Card,5,0
ORD-00263,2024-06-27,2024-06-30,3,CUST-2587,Consumer,Northeast,Pennsylvania,Home & Kitchen,Storage,ClosetMaid Organizer,70.03,1,15,10.5,17.38,59.53,48.79,10.74,Mobile App,Credit Card,4,0
ORD-00264,2023-07-14,2023-07-16,2,CUST-3338,Consumer,Midwest,Indiana,Office Supplies,Paper Products,Moleskine Notebook,14.72,1,5,0.74,5.87,13.98,8.38,5.6,Online,Credit Card,4,0
ORD-00265,2024-10-19,2024-10-21,2,CUST-2478,Small Business,West,Colorado,Office Supplies,Organizers,Pendaflex Folders,14.57,2,0,0.0,0.0,29.14,10.11,8.92,In-Store,Credit Card,4,0
ORD-00266,2024-07-25,2024-07-26,1,CUST-2018,Consumer,West,Colorado,Home & Kitchen,Furniture,West Elm Desk,334.95,1,0,0.0,24.2,334.95,204.58,130.37,Online,Apple Pay,3,0
ORD-00267,2024-08-06,2024-08-07,1,CUST-3186,Consumer,Midwest,Ohio,Office Supplies,Organizers,AmazonBasics File Cabinet,90.68,2,15,27.2,13.53,154.16,62.11,29.94,Online,Apple Pay,5,0
ORD-00268,2024-09-06,2024-09-11,5,CUST-1000,Corporate,Southeast,North Carolina,Home & Kitchen,Storage,ClosetMaid Organizer,70.92,3,5,10.64,9.8,202.12,50.72,49.96,Online,PayPal,2,1
ORD-00269,2023-02-05,2023-02-12,7,CUST-3341,Small Business,Southwest,Utah,Electronics,Monitors,LG 27-inch 4K,343.0,5,0,0.0,5.42,1715.0,203.87,695.65,Mobile App,Gift Card,3,0
ORD-00270,2023-06-08,2023-06-13,5,CUST-3360,Corporate,Northeast,Connecticut,Home & Kitchen,Appliances,Instant Pot Duo 7-in-1,87.74,1,20,17.55,16.4,70.19,52.75,17.44,Mobile App,PayPal,4,0
ORD-00271,2023-04-08,2023-04-15,7,CUST-2566,Corporate,Midwest,Michigan,Electronics,Monitors,Dell 24-inch FHD,205.41,1,0,0.0,13.32,205.41,127.27,78.14,Online,Gift Card,5,0
ORD-00272,2023-02-25,2023-03-01,4,CUST-2615,Corporate,Southeast,Florida,Home & Kitchen,Storage,Sterilite Cart,38.87,1,5,1.94,12.85,36.93,21.77,15.16,Mobile App,Credit Card,3,0
ORD-00273,2023-06-01,2023-06-03,2,CUST-3147,Consumer,Northeast,New York,Sports & Outdoors,Team Sports,Rawlings Baseball Glove,47.92,1,5,2.4,7.6,45.52,31.17,14.35,In-Store,Apple Pay,4,0
ORD-00274,2023-09-10,2023-09-15,5,CUST-2811,Corporate,Northeast,Pennsylvania,Sports & Outdoors,Cycling,Garmin Edge 530,305.14,4,0,0.0,11.4,1220.56,193.67,445.88,In-Store,Debit Card,5,0
ORD-00275,2024-09-30,2024-10-05,5,CUST-1455,Small Business,Northeast,New York,Clothing,Women's Apparel,North Face Fleece,103.52,1,15,15.53,0.0,87.99,59.26,28.73,Mobile App,PayPal,1,1
ORD-00276,2023-11-09,2023-11-15,6,CUST-2111,Corporate,Northeast,New Jersey,Office Supplies,Paper Products,HP Printer Paper 5-Ream,30.14,2,15,9.04,18.89,51.24,20.33,10.58,Online,Gift Card,1,0
ORD-00277,2023-02-24,2023-03-03,7,CUST-2292,Consumer,Southeast,Florida,Electronics,Headphones,Bose QC45,284.47,1,15,42.67,0.0,241.8,205.63,36.17,Mobile App,Apple Pay,3,0
ORD-00278,2024-05-11,2024-05-14,3,CUST-2238,Corporate,West,Arizona,Electronics,Smartphones,Samsung Galaxy A54,364.91,2,5,36.49,15.58,693.33,202.27,288.79,In-Store,Credit Card,3,0
ORD-00279,2023-08-30,2023-09-01,2,CUST-1931,Small Business,Southwest,Utah,Home & Kitchen,Furniture,West Elm Desk,367.49,1,5,18.37,23.97,349.12,274.91,74.21,Online,Debit Card,2,1
ORD-00280,2024-03-03,2024-03-10,7,CUST-1594,Corporate,Northeast,New Jersey,Sports & Outdoors,Cycling,Garmin Edge 530,291.19,1,5,14.56,20.99,276.63,168.22,108.41,Online,Gift Card,5,0
ORD-00281,2024-11-02,2024-11-06,4,CUST-1538,Consumer,Southwest,Oklahoma,Electronics,Monitors,ASUS ProArt 27,422.15,4,0,0.0,20.3,1688.6,306.45,462.8,Mobile App,PayPal,3,0
ORD-00282,2023-07-09,2023-07-13,4,CUST-2587,Small Business,Northeast,Massachusetts,Office Supplies,Printers,Epson EcoTank,194.63,2,0,0.0,18.75,389.26,133.8,121.66,Online,Apple Pay,4,0
ORD-00283,2024-05-18,2024-05-20,2,CUST-2330,Consumer,Southeast,Georgia,Clothing,Women's Apparel,Adidas Yoga Pants,57.33,1,25,14.33,18.42,43.0,42.43,0.57,Mobile App,Apple Pay,5,0
ORD-00284,2024-04-13,2024-04-18,5,CUST-1173,Corporate,Southwest,Nevada,Sports & Outdoors,Fitness Equipment,Resistance Band Set,24.52,2,5,2.45,16.87,46.59,16.48,13.63,In-Store,Credit Card,3,0
ORD-00285,2023-09-09,2023-09-16,7,CUST-3117,Consumer,Midwest,Indiana,Electronics,Monitors,Dell 24-inch FHD,190.98,2,10,38.2,11.08,343.76,116.16,111.44,Online,PayPal,3,0
ORD-00286,2023-05-26,2023-05-27,1,CUST-2327,Corporate,Southeast,Virginia,Electronics,Monitors,LG 27-inch 4K,363.79,1,10,36.38,11.46,327.41,239.84,87.57,Online,Debit Card,5,0
ORD-00287,2024-12-09,2024-12-14,5,CUST-1614,Consumer,West,Washington,Electronics,Laptops,Dell Inspiron 15,527.18,2,10,105.44,24.49,948.92,364.52,219.88,Mobile App,Apple Pay,1,0
ORD-00288,2023-06-16,2023-06-18,2,CUST-3042,Consumer,West,Washington,Electronics,Headphones,AirPods Pro 2,248.65,1,15,37.3,0.0,211.35,167.91,43.44,Mobile App,PayPal,3,0
ORD-00289,2024-07-10,2024-07-15,5,CUST-1150,Corporate,West,Arizona,Sports & Outdoors,Camping Gear,Coleman Tent 4P,128.82,2,5,12.88,9.88,244.76,72.9,98.96,Online,Debit Card,1,0
ORD-00290,2023-05-29,2023-06-04,6,CUST-1146,Corporate,West,Arizona,Office Supplies,Printers,Brother Inkjet,148.74,4,0,0.0,17.21,594.96,87.11,246.52,In-Store,Gift Card,2,0
ORD-00291,2023-04-06,2023-04-13,7,CUST-3340,Corporate,West,Oregon,Home & Kitchen,Decor,Pottery Barn Throw Pillow,47.82,3,15,21.52,0.0,121.94,30.8,29.54,Online,Gift Card,2,0
ORD-00292,2024-10-06,2024-10-08,2,CUST-3496,Consumer,Midwest,Illinois,Sports & Outdoors,Team Sports,Rawlings Baseball Glove,49.07,1,10,4.91,12.07,44.16,32.14,12.02,In-Store,Apple Pay,5,0
ORD-00293,2023-08-27,2023-08-28,1,CUST-2153,Corporate,West,Washington,Electronics,Laptops,Dell Inspiron 15,563.05,1,15,84.46,13.28,478.59,333.03,145.56,Online,Debit Card,3,0
ORD-00294,2023-09-18,2023-09-19,1,CUST-2943,Consumer,West,Oregon,Home & Kitchen,Storage,Sterilite Cart,40.73,1,0,0.0,17.31,40.73,25.18,15.55,Mobile App,PayPal,5,0
ORD-00295,2023-02-06,2023-02-11,5,CUST-3365,Corporate,Midwest,Indiana,Clothing,Accessories,Coach Wallet,82.5,4,5,16.5,0.0,313.5,60.68,70.78,Online,PayPal,3,0
ORD-00296,2024-12-02,2024-12-04,2,CUST-1129,Small Business,Southwest,Oklahoma,Electronics,Smartphones,iPhone SE,424.63,3,0,0.0,17.1,1273.89,278.92,437.13,In-Store,PayPal,4,0
ORD-00297,2023-10-06,2023-10-08,2,CUST-1631,Consumer,Southeast,Virginia,Clothing,Footwear,Adidas Ultraboost,180.44,3,0,0.0,5.74,541.32,105.56,224.64,Mobile App,Credit Card,5,0
ORD-00298,2023-07-14,2023-07-20,6,CUST-3434,Consumer,Southeast,Virginia,Office Supplies,Printers,Brother Inkjet,154.82,1,20,30.96,7.64,123.86,114.2,9.66,Online,Gift Card,1,0
ORD-00299,2023-03-31,2023-04-03,3,CUST-1645,Consumer,Southeast,Florida,Electronics,Monitors,ASUS ProArt 27,441.1,2,0,0.0,9.0,882.2,298.96,284.28,Online,Apple Pay,4,0
ORD-00300,2023-10-08,2023-10-10,2,CUST-1118,Consumer,Northeast,Massachusetts,Office Supplies,Organizers,Bankers Box Set,24.54,1,5,1.23,10.66,23.31,14.19,9.12,Online,PayPal,4,0
ORD-00301,2024-04-27,2024-05-01,4,CUST-3185,Consumer,Southwest,Texas,Electronics,Headphones,Sony WH-1000XM5,306.13,1,5,15.31,18.79,290.82,222.94,67.88,In-Store,Debit Card,4,0
ORD-00302,2023-03-22,2023-03-26,4,CUST-2488,Small Business,Southwest,Nevada,Office Supplies,Paper Products,HP Printer Paper 5-Ream,29.89,3,20,17.93,19.19,71.74,19.16,14.26,In-Store,Debit Card,5,0
ORD-00303,2024-02-06,2024-02-11,5,CUST-2334,Consumer,Northeast,Pennsylvania,Home & Kitchen,Decor,Yankee Candle Set,34.47,1,5,1.72,20.35,32.75,22.14,10.61,In-Store,Apple Pay,4,0
ORD-00304,2024-07-23,2024-07-25,2,CUST-1967,Corporate,Midwest,Michigan,Office Supplies,Stationery,Sharpie Marker Set,16.55,2,0,0.0,6.31,33.1,9.63,13.84,Mobile App,Apple Pay,4,0
ORD-00305,2023-06-27,2023-06-28,1,CUST-3024,Corporate,Midwest,Illinois,Office Supplies,Stationery,Pilot G2 Pen Pack,13.06,2,5,1.31,24.11,24.81,9.33,6.15,In-Store,Gift Card,5,0
ORD-00306,2024-10-22,2024-10-27,5,CUST-2296,Corporate,Midwest,Illinois,Clothing,Women's Apparel,North Face Fleece,94.99,4,10,38.0,0.0,341.96,55.03,121.84,Online,Apple Pay,2,1
ORD-00307,2023-11-03,2023-11-08,5,CUST-2155,Consumer,Southwest,Oklahoma,Sports & Outdoors,Cycling,Schwinn Hybrid Bike,350.35,2,10,70.07,6.24,630.63,252.09,126.45,Mobile App,Gift Card,4,0
ORD-00308,2023-02-01,2023-02-05,4,CUST-1514,Consumer,Northeast,Massachusetts,Sports & Outdoors,Cycling,Garmin Edge 530,301.34,1,5,15.07,8.75,286.27,205.66,80.61,Mobile App,Apple Pay,3,1
ORD-00309,2023-05-18,2023-05-25,7,CUST-2843,Small Business,Northeast,New York,Clothing,Accessories,Coach Wallet,76.67,1,25,19.17,14.11,57.5,52.02,5.48,In-Store,Gift Card,2,0
ORD-00310,2024-01-29,2024-02-01,3,CUST-2972,Consumer,Southeast,Georgia,Sports & Outdoors,Team Sports,Wilson Basketball,29.2,2,15,8.76,15.91,49.64,18.99,11.66,Online,Apple Pay,4,0
ORD-00311,2024-12-08,2024-12-09,1,CUST-2407,Corporate,West,Arizona,Home & Kitchen,Decor,Wall Art Canvas,57.52,1,20,11.5,24.2,46.02,37.07,8.95,In-Store,Gift Card,4,0
ORD-00312,2024-07-01,2024-07-07,6,CUST-3368,Corporate,West,Colorado,Sports & Outdoors,Team Sports,Adidas Soccer Ball,24.62,2,0,0.0,8.34,49.24,18.36,12.52,Mobile App,Gift Card,2,1
ORD-00313,2023-06-23,2023-06-26,3,CUST-1619,Consumer,Midwest,Michigan,Office Supplies,Desks & Chairs,Herman Miller Aeron,1244.98,1,0,0.0,17.31,1244.98,879.89,365.09,Mobile App,Credit Card,4,0
ORD-00314,2024-11-05,2024-11-12,7,CUST-2802,Consumer,West,Oregon,Clothing,Accessories,Ray-Ban Aviators,157.48,3,15,70.87,0.0,401.57,89.27,133.76,Online,Apple Pay,4,0
ORD-00315,2024-10-14,2024-10-21,7,CUST-2780,Consumer,Northeast,Massachusetts,Home & Kitchen,Furniture,West Elm Desk,334.33,1,15,50.15,14.52,284.18,214.91,69.27,Mobile App,Apple Pay,3,0
ORD-00316,2023-01-13,2023-01-19,6,CUST-3392,Consumer,Southeast,Virginia,Sports & Outdoors,Cycling,Garmin Edge 530,312.52,2,0,0.0,13.63,625.04,211.73,201.58,Mobile App,PayPal,4,0
ORD-00317,2024-02-05,2024-02-06,1,CUST-2031,Corporate,Southeast,Georgia,Office Supplies,Paper Products,Moleskine Notebook,14.51,1,10,1.45,21.62,13.06,9.57,3.49,Online,Apple Pay,4,0
ORD-00318,2023-07-17,2023-07-24,7,CUST-1454,Consumer,Northeast,Massachusetts,Electronics,Laptops,Lenovo ThinkPad E15,783.78,2,15,235.13,7.39,1332.43,531.1,270.23,In-Store,Gift Card,4,0
ORD-00319,2024-12-13,2024-12-14,1,CUST-1728,Consumer,Southeast,Florida,Sports & Outdoors,Cycling,Bell Helmet,51.34,2,10,10.27,10.54,92.41,30.88,30.65,Online,Credit Card,4,0
ORD-00320,2024-03-27,2024-03-31,4,CUST-2826,Consumer,Northeast,New Jersey,Office Supplies,Stationery,Pilot G2 Pen Pack,13.04,2,0,0.0,7.11,26.08,8.3,9.48,In-Store,Credit Card,2,1
ORD-00321,2023-01-20,2023-01-26,6,CUST-1287,Consumer,Southwest,New Mexico,Electronics,Laptops,Lenovo ThinkPad E15,737.23,1,0,0.0,0.0,737.23,463.18,274.05,Mobile App,Apple Pay,3,0
ORD-00322,2024-07-07,2024-07-13,6,CUST-1831,Corporate,Northeast,Connecticut,Sports & Outdoors,Fitness Equipment,Resistance Band Set,24.57,2,25,12.29,0.0,36.85,15.0,6.85,Online,PayPal,1,0
ORD-00323,2023-06-30,2023-07-02,2,CUST-3214,Consumer,Midwest,Indiana,Clothing,Footwear,New Balance 574,91.69,1,0,0.0,13.75,91.69,59.35,32.34,Online,Gift Card,3,0
ORD-00324,2024-10-20,2024-10-25,5,CUST-1151,Corporate,Southeast,Tennessee,Sports & Outdoors,Fitness Equipment,Bowflex Dumbbells,357.73,1,0,0.0,18.07,357.73,225.76,131.97,In-Store,Gift Card,1,0
ORD-00325,2023-05-25,2023-05-26,1,CUST-1467,Consumer,Southeast,Florida,Sports & Outdoors,Team Sports,Wilson Basketball,28.53,1,10,2.85,21.4,25.68,19.3,6.38,In-Store,Gift Card,3,0
ORD-00326,2024-05-24,2024-05-29,5,CUST-2374,Consumer,Midwest,Wisconsin,Clothing,Men's Apparel,Levi's 501 Jeans,62.88,1,15,9.43,24.51,53.45,43.12,10.33,In-Store,Debit Card,4,0
ORD-00327,2023-03-06,2023-03-13,7,CUST-1734,Corporate,Northeast,New Jersey,Sports & Outdoors,Camping Gear,REI Sleeping Bag,175.38,1,0,0.0,0.0,175.38,116.87,58.51,Mobile App,Debit Card,1,0
ORD-00328,2023-04-02,2023-04-06,4,CUST-1360,Consumer,West,Arizona,Home & Kitchen,Decor,Wall Art Canvas,61.14,3,15,27.51,15.45,155.91,36.15,47.46,Online,Credit Card,4,0
ORD-00329,2024-10-04,2024-10-09,5,CUST-2943,Consumer,West,Oregon,Home & Kitchen,Decor,Pottery Barn Throw Pillow,52.42,2,0,0.0,22.24,104.84,39.07,26.7,In-Store,Debit Card,2,0
ORD-00330,2024-05-24,2024-05-25,1,CUST-1963,Consumer,Northeast,New York,Electronics,Tablets,Samsung Galaxy Tab S6,333.84,1,0,0.0,7.08,333.84,243.04,90.8,Mobile App,Credit Card,4,0
ORD-00331,2024-03-31,2024-04-06,6,CUST-2785,Consumer,Midwest,Michigan,Sports & Outdoors,Camping Gear,REI Sleeping Bag,185.01,2,0,0.0,0.0,370.02,113.82,142.38,Online,Debit Card,1,0
ORD-00332,2023-05-29,2023-05-30,1,CUST-2407,Consumer,Northeast,Massachusetts,Sports & Outdoors,Camping Gear,Yeti Cooler,242.34,1,5,12.12,11.71,230.22,150.67,79.55,In-Store,Debit Card,2,0
ORD-00333,2023-08-14,2023-08-16,2,CUST-2010,Small Business,Southwest,Utah,Clothing,Activewear,Under Armour Shorts,38.91,2,10,7.78,22.23,70.04,24.6,20.84,In-Store,PayPal,3,0
ORD-00334,2023-09-11,2023-09-16,5,CUST-1401,Corporate,Southeast,Tennessee,Clothing,Activewear,Under Armour Shorts,39.66,4,20,31.73,19.66,126.91,22.16,38.27,Online,Apple Pay,4,0
ORD-00335,2024-04-08,2024-04-12,4,CUST-1099,Consumer,Southeast,Florida,Office Supplies,Desks & Chairs,FlexiSpot Standing Desk,366.03,2,20,146.41,6.8,585.65,222.97,139.71,In-Store,Apple Pay,5,0
ORD-00336,2024-04-10,2024-04-15,5,CUST-3356,Consumer,Southeast,Georgia,Sports & Outdoors,Camping Gear,Yeti Cooler,237.52,2,10,47.5,18.81,427.54,160.44,106.66,Online,PayPal,3,0
ORD-00337,2023-08-01,2023-08-05,4,CUST-1274,Corporate,West,California,Office Supplies,Printers,Epson EcoTank,208.19,4,5,41.64,0.0,791.12,129.66,272.48,Online,PayPal,3,0
ORD-00338,2024-07-28,2024-08-04,7,CUST-2732,Consumer,West,Washington,Clothing,Footwear,Nike Air Max 90,133.08,2,10,26.62,19.05,239.54,93.22,53.1,In-Store,PayPal,4,0
ORD-00339,2023-10-11,2023-10-15,4,CUST-1357,Corporate,Northeast,Pennsylvania,Home & Kitchen,Decor,Yankee Candle Set,34.89,2,15,10.47,22.98,59.31,22.9,13.51,In-Store,Credit Card,3,0
ORD-00340,2023-03-24,2023-03-25,1,CUST-2720,Small Business,Southeast,Georgia,Home & Kitchen,Furniture,IKEA Kallax Shelf,86.82,1,0,0.0,24.03,86.82,50.36,36.46,Online,Gift Card,5,0
ORD-00341,2024-03-30,2024-04-05,6,CUST-3246,Consumer,West,California,Home & Kitchen,Appliances,Instant Pot Duo 7-in-1,93.0,1,15,13.95,16.56,79.05,60.81,18.24,In-Store,Gift Card,3,0
ORD-00342,2024-03-31,2024-04-03,3,CUST-1718,Consumer,Southeast,Tennessee,Clothing,Footwear,Nike Air Max 90,128.32,3,0,0.0,7.96,384.96,77.97,151.05,In-Store,Debit Card,4,0
ORD-00343,2024-12-26,2024-12-27,1,CUST-1665,Small Business,Midwest,Ohio,Clothing,Women's Apparel,Adidas Yoga Pants,52.94,1,0,0.0,16.24,52.94,31.87,21.07,In-Store,Debit Card,3,0
ORD-00344,2024-06-30,2024-07-06,6,CUST-3349,Consumer,Southeast,Florida,Sports & Outdoors,Running,Brooks Ghost 15,135.18,4,20,108.14,15.14,432.58,100.58,30.26,In-Store,PayPal,5,0
ORD-00345,2024-11-13,2024-11-18,5,CUST-1799,Consumer,Midwest,Indiana,Home & Kitchen,Furniture,West Elm Desk,356.22,1,0,0.0,0.0,356.22,204.25,151.97,Mobile App,Credit Card,2,1
ORD-00346,2024-08-20,2024-08-23,3,CUST-1605,Consumer,Midwest,Michigan,Clothing,Men's Apparel,Levi's 501 Jeans,61.02,2,5,6.1,8.88,115.94,34.63,46.68,In-Store,Credit Card,5,0
ORD-00347,2024-03-13,2024-03-17,4,CUST-3405,Consumer,Southeast,North Carolina,Electronics,Tablets,Samsung Galaxy Tab S6,342.34,1,25,85.58,13.87,256.76,194.28,62.48,Mobile App,Apple Pay,4,0
ORD-00348,2024-09-04,2024-09-08,4,CUST-1560,Consumer,Northeast,New Jersey,Home & Kitchen,Decor,Wall Art Canvas,62.75,5,0,0.0,0.0,313.75,44.0,93.75,In-Store,Debit Card,4,0
ORD-00349,2023-07-24,2023-07-25,1,CUST-2935,Consumer,Northeast,Connecticut,Home & Kitchen,Storage,ClosetMaid Organizer,72.33,1,15,10.85,14.26,61.48,44.18,17.3,Mobile App,PayPal,5,0
ORD-00350,2023-05-08,2023-05-13,5,CUST-2949,Corporate,Midwest,Michigan,Sports & Outdoors,Camping Gear,Yeti Cooler,238.2,4,10,95.28,24.4,857.52,167.44,187.76,In-Store,Gift Card,3,0
ORD-00351,2024-12-11,2024-12-14,3,CUST-1314,Small Business,Southeast,Tennessee,Electronics,Tablets,iPad 10th Gen,448.24,2,0,0.0,6.05,896.48,308.68,279.12,Online,PayPal,1,0
ORD-00352,2024-06-10,2024-06-16,6,CUST-3122,Corporate,Northeast,New Jersey,Electronics,Monitors,LG 27-inch 4K,361.43,2,20,144.57,18.7,578.29,248.3,81.69,Online,PayPal,4,0
ORD-00353,2023-10-16,2023-10-23,7,CUST-2709,Small Business,Southeast,Virginia,Sports & Outdoors,Cycling,Schwinn Hybrid Bike,340.23,1,0,0.0,17.26,340.23,199.95,140.28,Mobile App,Gift Card,4,0
ORD-00354,2024-04-16,2024-04-19,3,CUST-1583,Consumer,Southwest,Texas,Clothing,Men's Apparel,Nike Dri-FIT Tee,33.73,1,10,3.37,15.45,30.36,21.53,8.83,Online,Credit Card,3,0
ORD-00355,2024-12-05,2024-12-06,1,CUST-1177,Consumer,Northeast,New Jersey,Electronics,Headphones,Bose QC45,266.52,3,0,0.0,8.92,799.56,172.4,282.36,Mobile App,Credit Card,4,0
ORD-00356,2023-03-09,2023-03-16,7,CUST-1990,Consumer,Southeast,Florida,Electronics,Laptops,Lenovo ThinkPad E15,726.35,1,20,145.27,0.0,581.08,450.56,130.52,In-Store,Gift Card,2,0
ORD-00357,2024-06-01,2024-06-02,1,CUST-2800,Small Business,Midwest,Illinois,Office Supplies,Desks & Chairs,FlexiSpot Standing Desk,371.7,1,0,0.0,24.46,371.7,271.46,100.24,Mobile App,Apple Pay,3,0
ORD-00358,2024-11-20,2024-11-24,4,CUST-3022,Corporate,Northeast,Pennsylvania,Sports & Outdoors,Running,Brooks Ghost 15,143.65,2,5,14.37,15.38,272.93,88.04,96.85,Mobile App,Gift Card,4,0
ORD-00359,2023-04-29,2023-04-30,1,CUST-3013,Corporate,Southeast,Virginia,Office Supplies,Printers,Epson EcoTank,201.07,5,5,50.27,8.77,955.08,122.27,343.73,Mobile App,PayPal,3,1
ORD-00360,2024-11-19,2024-11-21,2,CUST-3044,Corporate,Southeast,Florida,Electronics,Smartphones,iPhone SE,412.86,1,10,41.29,6.28,371.57,303.48,68.09,Online,Apple Pay,4,0
ORD-00361,2023-10-13,2023-10-15,2,CUST-1551,Consumer,West,Arizona,Office Supplies,Printers,Epson EcoTank,203.32,4,5,40.66,15.22,772.62,150.46,170.78,Mobile App,PayPal,4,0
ORD-00362,2023-01-31,2023-02-07,7,CUST-3039,Corporate,Northeast,New York,Electronics,Headphones,Bose QC45,282.92,1,0,0.0,17.45,282.92,174.11,108.81,Online,Apple Pay,4,0
ORD-00363,2024-05-17,2024-05-21,4,CUST-2241,Consumer,Midwest,Wisconsin,Home & Kitchen,Storage,Sterilite Cart,41.95,1,15,6.29,0.0,35.66,30.46,5.2,Online,Apple Pay,1,0
ORD-00364,2024-12-24,2024-12-26,2,CUST-2444,Consumer,Southeast,North Carolina,Sports & Outdoors,Running,Brooks Ghost 15,140.74,2,5,14.07,16.24,267.41,92.59,82.23,In-Store,Apple Pay,4,0
ORD-00365,2023-10-19,2023-10-20,1,CUST-2014,Small Business,Southeast,Florida,Office Supplies,Desks & Chairs,Autonomous SmartDesk,460.88,3,0,0.0,11.82,1382.64,255.96,614.76,Online,Apple Pay,3,0
ORD-00366,2023-08-29,2023-09-03,5,CUST-2547,Consumer,Midwest,Wisconsin,Electronics,Laptops,HP Pavilion x360,632.41,1,0,0.0,13.44,632.41,352.55,279.86,Mobile App,Apple Pay,3,1
ORD-00367,2024-08-07,2024-08-10,3,CUST-1308,Consumer,Southeast,Tennessee,Electronics,Headphones,Sony WH-1000XM5,299.89,2,0,0.0,8.32,599.78,213.61,172.56,Online,Apple Pay,4,1
ORD-00368,2024-07-02,2024-07-05,3,CUST-1314,Corporate,Northeast,Pennsylvania,Electronics,Tablets,Amazon Fire HD 10,153.63,1,0,0.0,6.88,153.63,87.32,66.31,Online,Gift Card,4,0
ORD-00369,2024-10-29,2024-10-31,2,CUST-1872,Corporate,West,Arizona,Home & Kitchen,Decor,Wall Art Canvas,59.4,2,0,0.0,20.26,118.8,40.09,38.62,Mobile App,Gift Card,5,0
ORD-00370,2024-11-07,2024-11-09,2,CUST-2783,Consumer,West,Colorado,Home & Kitchen,Storage,Sterilite Cart,41.73,3,20,25.04,0.0,100.15,29.02,13.09,Online,Debit Card,5,0
ORD-00371,2024-02-25,2024-02-27,2,CUST-2786,Corporate,Southeast,Florida,Clothing,Accessories,Fossil Watch,126.82,3,10,38.05,7.26,342.41,85.0,87.41,Online,PayPal,5,0
ORD-00372,2024-03-08,2024-03-14,6,CUST-2667,Consumer,Midwest,Illinois,Clothing,Women's Apparel,Lululemon Tank,70.06,1,0,0.0,22.04,70.06,47.76,22.3,In-Store,Credit Card,2,0
ORD-00373,2024-01-08,2024-01-13,5,CUST-2283,Small Business,Midwest,Illinois,Sports & Outdoors,Camping Gear,Coleman Tent 4P,135.62,1,10,13.56,23.98,122.06,88.75,33.31,Online,Debit Card,3,0
ORD-00374,2023-12-04,2023-12-09,5,CUST-2009,Small Business,West,Washington,Sports & Outdoors,Camping Gear,Coleman Tent 4P,127.06,1,0,0.0,6.11,127.06,80.26,46.8,Online,PayPal,3,0
ORD-00375,2023-10-12,2023-10-18,6,CUST-2486,Small Business,West,Washington,Home & Kitchen,Decor,Wall Art Canvas,60.86,1,0,0.0,0.0,60.86,44.49,16.37,In-Store,Debit Card,2,0
ORD-00376,2024-12-02,2024-12-09,7,CUST-2664,Small Business,West,Colorado,Sports & Outdoors,Fitness Equipment,Peloton Bike Mat,58.8,4,20,47.04,10.94,188.16,43.35,14.76,Mobile App,PayPal,4,0
ORD-00377,2023-02-04,2023-02-10,6,CUST-2338,Consumer,Northeast,New York,Sports & Outdoors,Running,Nathan Hydration Vest,71.51,1,15,10.73,21.48,60.78,51.87,8.91,Online,Apple Pay,3,0
ORD-00378,2024-04-09,2024-04-11,2,CUST-2308,Corporate,West,California,Clothing,Accessories,Coach Wallet,81.02,1,5,4.05,0.0,76.97,49.64,27.33,Online,Debit Card,5,0
ORD-00379,2024-04-07,2024-04-11,4,CUST-1936,Small Business,Southeast,Georgia,Home & Kitchen,Appliances,Dyson V15 Vacuum,635.81,2,0,0.0,12.86,1271.62,360.43,550.76,Mobile App,Debit Card,1,0
ORD-00380,2023-04-02,2023-04-03,1,CUST-1919,Corporate,Southwest,New Mexico,Home & Kitchen,Appliances,Instant Pot Duo 7-in-1,87.83,1,5,4.39,23.93,83.44,49.87,33.57,Online,Apple Pay,5,0
ORD-00381,2024-12-31,2025-01-04,4,CUST-2847,Corporate,Southwest,Oklahoma,Home & Kitchen,Decor,Yankee Candle Set,35.34,1,15,5.3,18.53,30.04,26.47,3.57,Online,Credit Card,3,0
ORD-00382,2023-09-12,2023-09-18,6,CUST-2451,Consumer,Southeast,Virginia,Electronics,Laptops,HP Pavilion x360,642.15,1,0,0.0,19.16,642.15,441.39,200.76,In-Store,Gift Card,1,0
ORD-00383,2024-09-12,2024-09-17,5,CUST-2917,Consumer,Southwest,Utah,Electronics,Laptops,HP Pavilion x360,660.07,2,5,66.01,0.0,1254.13,451.65,350.83,Online,Debit Card,3,0
ORD-00384,2023-05-16,2023-05-20,4,CUST-3117,Small Business,Northeast,Massachusetts,Sports & Outdoors,Camping Gear,Yeti Cooler,240.69,1,0,0.0,19.95,240.69,174.34,66.35,Online,Gift Card,5,0
ORD-00385,2023-11-17,2023-11-19,2,CUST-2987,Consumer,Northeast,Connecticut,Clothing,Activewear,Reebok Sports Bra,33.9,2,5,3.39,14.39,64.41,19.01,26.39,In-Store,Apple Pay,1,0
ORD-00386,2024-04-13,2024-04-19,6,CUST-2705,Corporate,Southeast,Georgia,Electronics,Tablets,iPad 10th Gen,465.06,1,0,0.0,16.25,465.06,325.54,139.52,In-Store,Credit Card,3,0
ORD-00387,2023-03-20,2023-03-23,3,CUST-3433,Consumer,Northeast,Connecticut,Electronics,Tablets,iPad 10th Gen,432.98,1,25,108.25,7.11,324.73,270.49,54.24,Online,Apple Pay,4,1
ORD-00388,2024-11-04,2024-11-07,3,CUST-1379,Consumer,Southwest,Utah,Sports & Outdoors,Cycling,Garmin Edge 530,308.9,5,20,308.9,21.02,1235.6,177.88,346.2,Online,Credit Card,4,0
ORD-00389,2024-02-13,2024-02-14,1,CUST-2470,Corporate,Northeast,New Jersey,Sports & Outdoors,Fitness Equipment,Bowflex Dumbbells,359.77,3,0,0.0,18.07,1079.31,218.38,424.17,Online,PayPal,5,0
ORD-00390,2024-11-12,2024-11-16,4,CUST-1918,Consumer,Southeast,Georgia,Sports & Outdoors,Running,Garmin Forerunner 55,198.45,1,10,19.84,17.27,178.61,139.17,39.44,In-Store,Gift Card,3,0
ORD-00391,2024-10-25,2024-10-27,2,CUST-1195,Consumer,West,Washington,Sports & Outdoors,Team Sports,Rawlings Baseball Glove,49.83,2,0,0.0,11.0,99.66,28.2,43.26,In-Store,Debit Card,4,0
ORD-00392,2024-07-18,2024-07-19,1,CUST-2609,Consumer,Northeast,New York,Office Supplies,Desks & Chairs,FlexiSpot Standing Desk,386.1,1,0,0.0,10.09,386.1,256.25,129.85,Mobile App,Apple Pay,3,0
ORD-00393,2023-02-16,2023-02-18,2,CUST-2776,Consumer,Northeast,Pennsylvania,Home & Kitchen,Storage,Sterilite Cart,40.49,1,10,4.05,22.42,36.44,24.42,12.02,Online,Gift Card,4,0
ORD-00394,2024-07-01,2024-07-04,3,CUST-2617,Small Business,Northeast,Connecticut,Electronics,Laptops,Dell Inspiron 15,544.77,2,5,54.48,19.51,1035.06,371.28,292.5,In-Store,PayPal,4,1
ORD-00395,2023-11-06,2023-11-12,6,CUST-1089,Corporate,Northeast,New Jersey,Electronics,Laptops,Lenovo ThinkPad E15,728.18,5,15,546.13,13.71,3094.77,494.96,619.97,Mobile App,Credit Card,2,0
ORD-00396,2023-04-30,2023-05-03,3,CUST-3370,Corporate,Northeast,New Jersey,Sports & Outdoors,Running,Garmin Forerunner 55,194.84,1,5,9.74,12.82,185.1,118.65,66.45,Online,Apple Pay,5,0
ORD-00397,2024-09-02,2024-09-08,6,CUST-2708,Consumer,West,Oregon,Electronics,Headphones,AirPods Pro 2,252.78,1,10,25.28,14.75,227.5,173.34,54.16,Online,Gift Card,2,0
ORD-00398,2024-04-29,2024-05-04,5,CUST-2918,Consumer,Northeast,Massachusetts,Home & Kitchen,Decor,Wall Art Canvas,61.35,1,0,0.0,15.14,61.35,39.5,21.85,Mobile App,Gift Card,4,0
ORD-00399,2023-05-15,2023-05-17,2,CUST-3022,Consumer,Southwest,Nevada,Sports & Outdoors,Cycling,Bell Helmet,50.6,3,15,22.77,18.33,129.03,30.69,36.96,Online,Apple Pay,4,0
ORD-00400,2023-11-07,2023-11-08,1,CUST-2455,Consumer,Midwest,Illinois,Home & Kitchen,Cookware,Cuisinart Knife Set,82.87,2,0,0.0,11.74,165.74,53.92,57.9,In-Store,Debit Card,4,1
ORD-00401,2023-02-17,2023-02-24,7,CUST-1417,Small Business,West,Arizona,Home & Kitchen,Appliances,Dyson V15 Vacuum,624.26,3,10,187.28,20.97,1685.5,349.64,636.58,Mobile App,Gift Card,3,0
ORD-00402,2024-07-29,2024-07-30,1,CUST-1026,Consumer,Northeast,New York,Clothing,Men's Apparel,Levi's 501 Jeans,58.74,4,0,0.0,19.64,234.96,37.49,85.0,Online,Debit Card,2,1
ORD-00403,2023-09-09,2023-09-16,7,CUST-2879,Consumer,West,Colorado,Home & Kitchen,Cookware,All-Clad Pan Set,255.37,1,0,0.0,9.9,255.37,161.65,93.72,Mobile App,Debit Card,1,0
ORD-00404,2024-06-12,2024-06-19,7,CUST-3353,Consumer,West,Oregon,Electronics,Headphones,Sony WH-1000XM5,300.51,3,10,90.15,13.02,811.38,169.46,303.0,Online,Credit Card,3,0
ORD-00405,2023-03-01,2023-03-08,7,CUST-1840,Corporate,Southwest,Utah,Home & Kitchen,Decor,Yankee Candle Set,36.3,4,10,14.52,11.87,130.68,25.2,29.88,Online,Debit Card,4,0
ORD-00406,2024-07-11,2024-07-17,6,CUST-3135,Corporate,Midwest,Wisconsin,Sports & Outdoors,Cycling,Garmin Edge 530,294.04,1,0,0.0,19.49,294.04,163.9,130.14,Mobile App,Gift Card,2,0
ORD-00407,2023-12-15,2023-12-16,1,CUST-1510,Consumer,Northeast,New York,Office Supplies,Organizers,AmazonBasics File Cabinet,92.03,1,15,13.8,0.0,78.23,68.78,9.45,Mobile App,Gift Card,4,0
ORD-00408,2024-04-04,2024-04-09,5,CUST-3128,Consumer,Southeast,Florida,Sports & Outdoors,Cycling,Schwinn Hybrid Bike,352.29,3,25,264.22,15.66,792.65,256.77,22.34,Online,Gift Card,3,0
ORD-00409,2023-09-11,2023-09-15,4,CUST-2649,Consumer,Northeast,Massachusetts,Office Supplies,Paper Products,Post-it Notes Bulk,19.84,1,0,0.0,0.0,19.84,12.55,7.29,Mobile App,Apple Pay,2,1
ORD-00410,2024-08-25,2024-08-27,2,CUST-3167,Consumer,Midwest,Indiana,Home & Kitchen,Storage,ClosetMaid Organizer,71.31,2,25,35.66,13.33,106.96,52.74,1.48,Online,Apple Pay,4,0
ORD-00411,2023-05-01,2023-05-04,3,CUST-2204,Consumer,West,Colorado,Sports & Outdoors,Fitness Equipment,Resistance Band Set,26.04,1,10,2.6,7.2,23.44,14.94,8.5,In-Store,Debit Card,2,0
ORD-00412,2024-05-12,2024-05-13,1,CUST-3317,Consumer,Northeast,New Jersey,Clothing,Activewear,Puma Track Pants,51.93,1,20,10.39,14.77,41.54,30.8,10.74,In-Store,Credit Card,4,0
ORD-00413,2024-04-08,2024-04-11,3,CUST-2619,Corporate,Southwest,Nevada,Sports & Outdoors,Team Sports,Wilson Basketball,29.87,3,5,4.48,22.32,85.13,19.12,27.77,Online,Gift Card,4,0
ORD-00414,2023-12-14,2023-12-19,5,CUST-3335,Small Business,Southwest,Nevada,Home & Kitchen,Furniture,IKEA Kallax Shelf,92.66,2,10,18.53,7.47,166.79,64.07,38.65,Online,Gift Card,3,0
ORD-00415,2024-06-18,2024-06-25,7,CUST-1184,Consumer,Northeast,Connecticut,Office Supplies,Desks & Chairs,Autonomous SmartDesk,470.8,2,5,47.08,21.58,894.52,284.83,324.86,Mobile App,Gift Card,3,0
ORD-00416,2024-05-18,2024-05-19,1,CUST-2256,Consumer,West,California,Home & Kitchen,Decor,Pottery Barn Throw Pillow,49.08,1,15,7.36,0.0,41.72,29.52,12.2,In-Store,Debit Card,4,0
ORD-00417,2024-02-22,2024-02-26,4,CUST-3400,Small Business,Midwest,Illinois,Office Supplies,Printers,HP LaserJet Pro,296.69,1,0,0.0,11.47,296.69,182.17,114.52,Mobile App,Credit Card,3,0
ORD-00418,2023-08-31,2023-09-01,1,CUST-1514,Small Business,Southeast,Tennessee,Sports & Outdoors,Fitness Equipment,Peloton Bike Mat,59.43,1,5,2.97,9.66,56.46,38.44,18.02,Online,Credit Card,3,0
ORD-00419,2023-11-08,2023-11-09,1,CUST-1002,Consumer,Southeast,Tennessee,Clothing,Women's Apparel,Lululemon Tank,66.27,2,0,0.0,16.09,132.54,49.07,34.4,Online,Gift Card,3,1
ORD-00420,2023-03-03,2023-03-04,1,CUST-1503,Corporate,Southwest,Nevada,Home & Kitchen,Storage,ClosetMaid Organizer,68.95,3,5,10.34,15.2,196.51,46.64,56.59,Online,Credit Card,3,0
ORD-00421,2023-05-24,2023-05-30,6,CUST-1065,Consumer,West,Oregon,Sports & Outdoors,Camping Gear,REI Sleeping Bag,186.9,2,15,56.07,24.58,317.73,138.13,41.47,In-Store,PayPal,2,0
ORD-00422,2024-12-09,2024-12-16,7,CUST-2823,Corporate,Southwest,Utah,Sports & Outdoors,Fitness Equipment,Bowflex Dumbbells,363.82,2,5,36.38,15.75,691.26,251.28,188.7,Mobile App,Gift Card,1,1
ORD-00423,2024-11-19,2024-11-23,4,CUST-1784,Corporate,Southwest,Nevada,Office Supplies,Printers,Brother Inkjet,152.95,1,15,22.94,23.71,130.01,84.38,45.63,Online,PayPal,4,0
ORD-00424,2023-04-03,2023-04-10,7,CUST-3260,Consumer,West,Oregon,Clothing,Women's Apparel,Lululemon Tank,67.95,5,0,0.0,5.13,339.75,46.94,105.05,In-Store,PayPal,3,0
ORD-00425,2023-07-18,2023-07-23,5,CUST-3182,Consumer,Midwest,Wisconsin,Office Supplies,Organizers,Bankers Box Set,23.9,1,0,0.0,9.55,23.9,14.39,9.51,In-Store,Credit Card,5,0
ORD-00426,2024-09-21,2024-09-24,3,CUST-1919,Consumer,Northeast,Massachusetts,Sports & Outdoors,Fitness Equipment,Peloton Bike Mat,57.3,2,20,22.92,24.89,91.68,42.27,7.14,Online,Apple Pay,3,0
ORD-00427,2023-02-18,2023-02-24,6,CUST-2348,Corporate,Northeast,Connecticut,Office Supplies,Stationery,Sharpie Marker Set,16.28,1,0,0.0,0.0,16.28,10.82,5.46,Online,Credit Card,5,0
ORD-00428,2023-11-15,2023-11-17,2,CUST-1298,Small Business,Midwest,Illinois,Sports & Outdoors,Running,Brooks Ghost 15,137.67,2,10,27.53,0.0,247.81,82.61,82.59,Mobile App,PayPal,5,0
ORD-00429,2024-09-06,2024-09-08,2,CUST-1269,Corporate,Midwest,Illinois,Sports & Outdoors,Team Sports,Wilson Basketball,28.59,1,0,0.0,6.29,28.59,17.52,11.07,Online,Credit Card,3,0
ORD-00430,2023-04-15,2023-04-19,4,CUST-1106,Corporate,Midwest,Wisconsin,Electronics,Tablets,Samsung Galaxy Tab S6,327.06,1,10,32.71,17.47,294.35,236.44,57.91,Online,Gift Card,4,0
ORD-00431,2024-04-09,2024-04-14,5,CUST-1180,Consumer,Midwest,Wisconsin,Clothing,Men's Apparel,Levi's 501 Jeans,60.55,1,10,6.05,7.51,54.5,43.48,11.02,Online,Gift Card,3,0
ORD-00432,2023-03-03,2023-03-06,3,CUST-1592,Consumer,Northeast,Massachusetts,Sports & Outdoors,Team Sports,Rawlings Baseball Glove,51.92,3,0,0.0,0.0,155.76,36.61,45.93,In-Store,Credit Card,4,0
ORD-00433,2023-02-28,2023-03-06,6,CUST-2374,Consumer,Northeast,Massachusetts,Electronics,Headphones,AirPods Pro 2,260.2,1,0,0.0,18.35,260.2,183.98,76.22,In-Store,PayPal,4,0
ORD-00434,2024-09-22,2024-09-26,4,CUST-2639,Consumer,Southeast,North Carolina,Clothing,Men's Apparel,Nike Dri-FIT Tee,34.98,3,20,20.99,18.85,83.95,25.67,6.94,In-Store,PayPal,5,0
ORD-00435,2023-07-08,2023-07-11,3,CUST-2073,Consumer,West,California,Home & Kitchen,Furniture,IKEA Kallax Shelf,86.77,1,10,8.68,23.24,78.09,55.37,22.72,Online,Debit Card,3,0
ORD-00436,2023-06-28,2023-07-05,7,CUST-1701,Consumer,Southeast,Tennessee,Clothing,Women's Apparel,Adidas Yoga Pants,57.25,1,15,8.59,12.57,48.66,31.73,16.93,Mobile App,Debit Card,2,0
ORD-00437,2024-06-23,2024-06-28,5,CUST-3193,Corporate,Southwest,Utah,Sports & Outdoors,Fitness Equipment,Bowflex Dumbbells,360.31,1,20,72.06,12.48,288.25,211.98,76.27,Online,Credit Card,4,0
ORD-00438,2023-10-29,2023-10-30,1,CUST-3085,Corporate,West,Oregon,Clothing,Men's Apparel,Columbia Jacket,93.15,3,20,55.89,9.17,223.56,69.27,15.75,Mobile App,Gift Card,3,0
ORD-00439,2024-01-19,2024-01-26,7,CUST-1960,Consumer,Southeast,Virginia,Clothing,Footwear,New Balance 574,91.93,1,10,9.19,13.01,82.74,59.66,23.08,In-Store,Debit Card,4,0
ORD-00440,2024-02-10,2024-02-14,4,CUST-2745,Consumer,Northeast,Connecticut,Sports & Outdoors,Team Sports,Wilson Basketball,30.14,4,5,6.03,0.0,114.53,17.39,44.97,In-Store,Credit Card,4,0
ORD-00441,2024-04-06,2024-04-07,1,CUST-1932,Consumer,Southeast,Virginia,Home & Kitchen,Decor,Yankee Candle Set,34.79,1,0,0.0,0.0,34.79,20.98,13.81,Online,Gift Card,4,0
ORD-00442,2023-04-11,2023-04-13,2,CUST-2226,Small Business,Northeast,Pennsylvania,Electronics,Monitors,LG 27-inch 4K,341.24,1,10,34.12,21.9,307.12,238.54,68.58,In-Store,Gift Card,5,0
ORD-00443,2023-10-16,2023-10-22,6,CUST-2919,Consumer,West,Colorado,Sports & Outdoors,Team Sports,Rawlings Baseball Glove,52.44,1,10,5.24,9.54,47.2,38.82,8.38,In-Store,Gift Card,3,0
ORD-00444,2024-04-17,2024-04-22,5,CUST-2452,Consumer,Southeast,Florida,Home & Kitchen,Appliances,Keurig K-Slim,106.8,3,10,32.04,12.48,288.36,68.35,83.31,Mobile App,Credit Card,3,0
ORD-00445,2023-12-14,2023-12-19,5,CUST-2561,Corporate,Southeast,Virginia,Office Supplies,Printers,Brother Inkjet,142.97,2,10,28.59,24.88,257.35,82.61,92.13,In-Store,Gift Card,3,0
ORD-00446,2023-07-29,2023-08-04,6,CUST-1284,Consumer,Southwest,Texas,Office Supplies,Stationery,Pilot G2 Pen Pack,13.59,1,0,0.0,8.42,13.59,9.21,4.38,In-Store,Gift Card,3,0
ORD-00447,2024-01-31,2024-02-01,1,CUST-1845,Consumer,Southeast,Georgia,Home & Kitchen,Storage,Container Store Bins,23.77,1,5,1.19,12.81,22.58,14.63,7.95,Online,Credit Card,3,0
ORD-00448,2023-05-14,2023-05-15,1,CUST-2347,Consumer,West,Oregon,Sports & Outdoors,Running,Brooks Ghost 15,141.21,2,20,56.48,10.5,225.94,91.86,42.22,Mobile App,Apple Pay,5,0
ORD-00449,2024-08-05,2024-08-08,3,CUST-2769,Small Business,West,Colorado,Sports & Outdoors,Team Sports,Wilson Basketball,31.13,2,0,0.0,19.22,62.26,19.96,22.34,Online,Debit Card,4,0
ORD-00450,2024-04-13,2024-04-19,6,CUST-3264,Corporate,Southeast,Georgia,Office Supplies,Desks & Chairs,Herman Miller Aeron,1350.11,2,0,0.0,15.74,2700.22,785.21,1129.8,Mobile App,Debit Card,5,0
ORD-00451,2023-05-05,2023-05-11,6,CUST-1154,Corporate,Southwest,Texas,Electronics,Monitors,Dell 24-inch FHD,194.14,1,0,0.0,0.0,194.14,108.51,85.63,In-Store,Apple Pay,2,0
ORD-00452,2023-01-11,2023-01-14,3,CUST-1508,Consumer,Northeast,New Jersey,Home & Kitchen,Decor,Yankee Candle Set,35.54,1,0,0.0,14.41,35.54,24.62,10.92,Mobile App,Credit Card,4,0
ORD-00453,2024-07-01,2024-07-05,4,CUST-1421,Small Business,West,Washington,Electronics,Laptops,Lenovo ThinkPad E15,725.84,1,5,36.29,15.64,689.55,502.92,186.63,In-Store,Gift Card,4,0
ORD-00454,2024-02-04,2024-02-05,1,CUST-1258,Small Business,West,Colorado,Electronics,Monitors,LG 27-inch 4K,339.55,1,5,16.98,8.99,322.57,203.71,118.86,Online,PayPal,5,0
ORD-00455,2023-08-14,2023-08-19,5,CUST-2647,Consumer,Southwest,Texas,Clothing,Women's Apparel,Adidas Yoga Pants,54.04,1,0,0.0,9.13,54.04,35.8,18.24,Online,Debit Card,2,0
ORD-00456,2024-10-31,2024-11-02,2,CUST-3196,Corporate,Southeast,Virginia,Clothing,Accessories,Ray-Ban Aviators,162.39,1,15,24.36,0.0,138.03,101.3,36.73,Online,Apple Pay,5,0
ORD-00457,2024-08-05,2024-08-11,6,CUST-2838,Small Business,Northeast,New York,Office Supplies,Printers,Epson EcoTank,209.44,2,10,41.89,17.7,376.99,144.25,88.49,Online,Apple Pay,1,0
ORD-00458,2024-01-27,2024-02-03,7,CUST-1837,Consumer,Midwest,Ohio,Office Supplies,Organizers,Pendaflex Folders,15.16,5,0,0.0,19.75,75.8,11.06,20.5,Online,Debit Card,2,0
ORD-00459,2024-10-19,2024-10-22,3,CUST-1221,Consumer,Northeast,Massachusetts,Sports & Outdoors,Cycling,Schwinn Hybrid Bike,359.11,1,10,35.91,17.95,323.2,234.92,88.28,Mobile App,PayPal,3,0
ORD-00460,2024-11-11,2024-11-13,2,CUST-1837,Small Business,West,Washington,Office Supplies,Stationery,Staedtler Pencil Set,9.5,1,5,0.47,0.0,9.03,6.88,2.15,Online,Debit Card,2,0
ORD-00461,2023-08-30,2023-09-05,6,CUST-2631,Small Business,Midwest,Indiana,Sports & Outdoors,Cycling,Schwinn Hybrid Bike,338.67,2,0,0.0,13.96,677.34,203.13,271.08,Online,Apple Pay,1,1
ORD-00462,2024-01-22,2024-01-26,4,CUST-1719,Consumer,Northeast,Connecticut,Sports & Outdoors,Team Sports,Rawlings Baseball Glove,51.59,2,15,15.48,0.0,87.7,36.56,14.58,Online,PayPal,4,0
ORD-00463,2023-09-21,2023-09-22,1,CUST-2616,Consumer,Southeast,North Carolina,Sports & Outdoors,Cycling,Bell Helmet,49.16,2,5,4.92,23.31,93.4,34.07,25.26,Online,PayPal,4,0
ORD-00464,2024-01-18,2024-01-21,3,CUST-2508,Corporate,Southeast,North Carolina,Office Supplies,Desks & Chairs,Herman Miller Aeron,1251.17,4,25,1251.17,20.25,3753.51,921.39,67.95,Mobile App,PayPal,4,0
ORD-00465,2024-12-14,2024-12-17,3,CUST-1661,Small Business,Southeast,Virginia,Clothing,Women's Apparel,Lululemon Tank,68.89,1,15,10.33,17.9,58.56,47.21,11.35,In-Store,Debit Card,3,0
ORD-00466,2023-01-13,2023-01-16,3,CUST-2261,Consumer,Northeast,New York,Sports & Outdoors,Running,Nathan Hydration Vest,70.12,2,20,28.05,21.58,112.19,41.21,29.77,In-Store,Gift Card,4,0
ORD-00467,2024-02-26,2024-02-28,2,CUST-2707,Consumer,West,California,Electronics,Monitors,Dell 24-inch FHD,194.18,3,0,0.0,5.12,582.54,135.86,174.96,Mobile App,Credit Card,5,0
ORD-00468,2024-11-01,2024-11-03,2,CUST-2674,Consumer,Southeast,Georgia,Home & Kitchen,Appliances,Dyson V15 Vacuum,650.16,1,5,32.51,9.24,617.65,371.92,245.73,Online,Debit Card,3,0
ORD-00469,2024-03-27,2024-04-02,6,CUST-3385,Consumer,Midwest,Wisconsin,Electronics,Smartphones,Samsung Galaxy A54,342.18,1,5,17.11,14.55,325.07,211.61,113.46,Mobile App,PayPal,4,0
ORD-00470,2023-02-12,2023-02-15,3,CUST-2632,Small Business,Northeast,Massachusetts,Electronics,Headphones,Bose QC45,273.43,2,25,136.72,17.08,410.14,176.96,56.22,Online,PayPal,5,0
ORD-00471,2024-01-23,2024-01-28,5,CUST-2946,Corporate,Midwest,Michigan,Home & Kitchen,Furniture,IKEA Kallax Shelf,92.02,1,10,9.2,0.0,82.82,66.95,15.87,Online,Debit Card,2,1
ORD-00472,2024-06-11,2024-06-15,4,CUST-2950,Corporate,Southeast,Georgia,Electronics,Tablets,iPad 10th Gen,471.12,2,20,188.45,9.66,753.79,328.45,96.89,Online,Credit Card,3,0
ORD-00473,2024-11-05,2024-11-09,4,CUST-2827,Consumer,Southwest,Nevada,Home & Kitchen,Storage,Container Store Bins,25.93,2,15,7.78,5.62,44.08,18.33,7.42,Mobile App,Gift Card,5,0
ORD-00474,2023-04-29,2023-05-02,3,CUST-1504,Corporate,Southeast,Tennessee,Clothing,Women's Apparel,Adidas Yoga Pants,56.09,1,20,11.22,5.57,44.87,32.03,12.84,Mobile App,Debit Card,4,0
ORD-00475,2024-11-12,2024-11-18,6,CUST-1955,Corporate,Midwest,Indiana,Electronics,Tablets,iPad 10th Gen,454.52,4,15,272.71,19.34,1545.37,308.53,311.25,In-Store,Gift Card,5,0
ORD-00476,2023-08-17,2023-08-20,3,CUST-1777,Corporate,Northeast,Pennsylvania,Electronics,Laptops,Dell Inspiron 15,532.84,1,10,53.28,7.54,479.56,393.45,86.11,Mobile App,Credit Card,3,0
ORD-00477,2024-02-02,2024-02-09,7,CUST-2160,Small Business,Southwest,Oklahoma,Home & Kitchen,Appliances,Dyson V15 Vacuum,624.42,2,10,124.88,11.31,1123.96,344.58,434.8,Mobile App,Apple Pay,3,0
ORD-00478,2023-05-30,2023-06-01,2,CUST-1625,Corporate,West,California,Office Supplies,Printers,Brother Inkjet,146.59,2,10,29.32,17.61,263.86,105.48,52.9,In-Store,Apple Pay,3,0
ORD-00479,2023-08-04,2023-08-08,4,CUST-3162,Corporate,West,Washington,Electronics,Smartphones,iPhone SE,443.54,2,0,0.0,5.42,887.08,324.88,237.32,Online,PayPal,5,0
ORD-00480,2023-10-17,2023-10-21,4,CUST-1593,Corporate,Southeast,Georgia,Office Supplies,Stationery,Pilot G2 Pen Pack,13.09,1,15,1.96,19.18,11.13,9.31,1.82,In-Store,Apple Pay,4,0
ORD-00481,2023-08-03,2023-08-09,6,CUST-1480,Small Business,Northeast,New Jersey,Electronics,Tablets,Amazon Fire HD 10,154.27,3,0,0.0,24.64,462.81,111.33,128.82,Mobile App,Credit Card,2,0
ORD-00482,2024-06-11,2024-06-13,2,CUST-2565,Consumer,Midwest,Wisconsin,Sports & Outdoors,Camping Gear,REI Sleeping Bag,173.13,2,0,0.0,16.91,346.26,108.96,128.34,In-Store,Credit Card,5,0
ORD-00483,2023-10-09,2023-10-14,5,CUST-2983,Corporate,Midwest,Indiana,Home & Kitchen,Furniture,IKEA Kallax Shelf,91.26,1,0,0.0,16.73,91.26,66.77,24.49,In-Store,Credit Card,4,0
ORD-00484,2024-10-22,2024-10-26,4,CUST-3395,Corporate,West,Oregon,Office Supplies,Paper Products,HP Printer Paper 5-Ream,31.08,1,10,3.11,19.0,27.97,20.44,7.53,In-Store,Gift Card,4,0
ORD-00485,2024-07-05,2024-07-10,5,CUST-1346,Consumer,West,California,Clothing,Men's Apparel,Levi's 501 Jeans,57.02,3,10,17.11,5.77,153.95,36.46,44.57,Online,Gift Card,2,1
ORD-00486,2023-05-08,2023-05-11,3,CUST-2442,Consumer,Midwest,Michigan,Office Supplies,Paper Products,Post-it Notes Bulk,19.49,5,10,9.74,23.08,87.71,10.9,33.21,In-Store,Gift Card,4,0
ORD-00487,2024-09-12,2024-09-17,5,CUST-3252,Consumer,Midwest,Ohio,Electronics,Laptops,Dell Inspiron 15,569.57,1,0,0.0,0.0,569.57,337.78,231.79,Online,Debit Card,4,0
ORD-00488,2023-09-19,2023-09-22,3,CUST-3094,Corporate,Northeast,New Jersey,Sports & Outdoors,Running,Brooks Ghost 15,146.15,4,10,58.46,17.58,526.14,84.57,187.86,Mobile App,Debit Card,4,0
ORD-00489,2024-09-11,2024-09-16,5,CUST-1924,Consumer,Northeast,New Jersey,Home & Kitchen,Decor,Yankee Candle Set,33.51,1,10,3.35,0.0,30.16,19.27,10.89,Online,Credit Card,2,0
ORD-00490,2023-10-08,2023-10-09,1,CUST-1196,Corporate,Northeast,Connecticut,Clothing,Accessories,Ray-Ban Aviators,160.41,3,0,0.0,21.13,481.23,116.31,132.3,In-Store,PayPal,4,0
ORD-00491,2023-06-24,2023-06-27,3,CUST-3324,Consumer,Southeast,Virginia,Clothing,Footwear,New Balance 574,90.45,2,15,27.14,16.84,153.76,65.7,22.36,Online,Debit Card,4,0
ORD-00492,2023-10-01,2023-10-05,4,CUST-2251,Corporate,Northeast,Pennsylvania,Clothing,Activewear,Puma Track Pants,52.42,2,0,0.0,10.51,104.84,37.2,30.44,In-Store,Debit Card,3,0
ORD-00493,2024-02-21,2024-02-28,7,CUST-1558,Small Business,West,California,Electronics,Laptops,Lenovo ThinkPad E15,755.64,1,0,0.0,23.58,755.64,428.39,327.25,Mobile App,Apple Pay,3,0
ORD-00494,2024-05-06,2024-05-08,2,CUST-2837,Corporate,Southeast,Tennessee,Electronics,Headphones,Sony WH-1000XM5,307.37,2,20,122.95,19.98,491.79,212.96,65.87,Mobile App,Gift Card,5,0
ORD-00495,2023-06-22,2023-06-23,1,CUST-2188,Corporate,Midwest,Wisconsin,Clothing,Women's Apparel,Adidas Yoga Pants,54.18,1,0,0.0,8.4,54.18,30.35,23.83,Online,Gift Card,5,0
ORD-00496,2023-11-03,2023-11-08,5,CUST-2449,Consumer,Northeast,New York,Office Supplies,Stationery,Pilot G2 Pen Pack,13.59,4,20,10.87,23.7,43.49,8.88,7.97,Mobile App,Credit Card,3,0
ORD-00497,2023-04-20,2023-04-24,4,CUST-2225,Corporate,Northeast,New Jersey,Sports & Outdoors,Cycling,Schwinn Hybrid Bike,335.46,1,5,16.77,7.47,318.69,219.01,99.68,Online,PayPal,3,0
ORD-00498,2024-01-09,2024-01-16,7,CUST-1129,Consumer,Southeast,Georgia,Office Supplies,Printers,HP LaserJet Pro,298.17,5,10,149.09,5.11,1341.76,172.33,480.11,In-Store,PayPal,1,0
ORD-00499,2023-06-14,2023-06-18,4,CUST-1086,Small Business,Midwest,Indiana,Home & Kitchen,Furniture,Wayfair Sofa,509.08,1,5,25.45,20.6,483.63,292.97,190.66,In-Store,Apple Pay,2,1
ORD-00500,2023-05-10,2023-05-14,4,CUST-2021,Consumer,Northeast,Massachusetts,Electronics,Smartphones,Samsung Galaxy A54,366.66,2,0,0.0,10.78,733.32,255.74,221.84,Online,Gift Card,3,0
ORD-00501,2023-10-15,2023-10-22,7,CUST-1787,Corporate,West,Oregon,Clothing,Accessories,Ray-Ban Aviators,153.64,1,15,23.05,8.76,130.59,106.95,23.64,In-Store,Debit Card,1,0
ORD-00502,2023-05-30,2023-05-31,1,CUST-2712,Corporate,Southeast,Tennessee,Clothing,Men's Apparel,Levi's 501 Jeans,61.19,1,5,3.06,13.51,58.13,45.65,12.48,In-Store,PayPal,2,0
ORD-00503,2023-09-10,2023-09-12,2,CUST-1055,Consumer,Southeast,Florida,Clothing,Men's Apparel,Levi's 501 Jeans,58.26,1,10,5.83,7.01,52.43,37.54,14.89,Online,PayPal,4,0
ORD-00504,2024-11-30,2024-12-01,1,CUST-1780,Corporate,West,Oregon,Home & Kitchen,Cookware,All-Clad Pan Set,246.78,3,5,37.02,12.67,703.32,167.82,199.86,Online,Credit Card,1,1
ORD-00505,2023-07-17,2023-07-19,2,CUST-2836,Corporate,West,California,Electronics,Monitors,ASUS ProArt 27,451.04,1,10,45.1,5.87,405.94,266.29,139.65,Online,Gift Card,5,0
ORD-00506,2024-10-06,2024-10-09,3,CUST-3180,Corporate,West,Colorado,Electronics,Headphones,AirPods Pro 2,257.26,2,25,128.63,24.34,385.89,150.08,85.73,Online,Debit Card,4,0
ORD-00507,2024-06-09,2024-06-14,5,CUST-3150,Corporate,Southwest,New Mexico,Sports & Outdoors,Team Sports,Adidas Soccer Ball,25.26,2,5,2.53,0.0,47.99,14.94,18.11,Online,Gift Card,3,0
ORD-00508,2023-09-23,2023-09-26,3,CUST-1860,Consumer,Southeast,Georgia,Home & Kitchen,Cookware,All-Clad Pan Set,250.83,1,0,0.0,23.83,250.83,152.6,98.23,Mobile App,Credit Card,4,0
ORD-00509,2024-07-01,2024-07-04,3,CUST-2145,Corporate,Northeast,Pennsylvania,Office Supplies,Printers,Brother Inkjet,150.73,1,10,15.07,17.22,135.66,104.67,30.99,Mobile App,Credit Card,5,0
ORD-00510,2023-06-30,2023-07-02,2,CUST-2619,Consumer,Northeast,New York,Office Supplies,Organizers,Bankers Box Set,26.1,2,10,5.22,17.08,46.98,15.7,15.58,Mobile App,PayPal,4,0
ORD-00511,2023-06-09,2023-06-15,6,CUST-3489,Consumer,Southeast,Virginia,Home & Kitchen,Appliances,Keurig K-Slim,106.53,1,0,0.0,14.8,106.53,76.96,29.57,Online,PayPal,2,0
ORD-00512,2023-07-12,2023-07-17,5,CUST-1179,Consumer,Northeast,New York,Sports & Outdoors,Camping Gear,Yeti Cooler,240.0,4,25,240.0,21.15,720.0,157.29,90.84,Online,Credit Card,4,0
ORD-00513,2023-05-16,2023-05-23,7,CUST-1668,Consumer,Northeast,New York,Home & Kitchen,Appliances,Dyson V15 Vacuum,618.1,2,15,185.43,21.36,1050.77,437.82,175.13,In-Store,Apple Pay,4,0
ORD-00514,2023-11-11,2023-11-18,7,CUST-2174,Consumer,Northeast,New York,Office Supplies,Printers,Epson EcoTank,190.88,2,0,0.0,0.0,381.76,125.78,130.2,Online,Debit Card,1,0
ORD-00515,2023-08-20,2023-08-23,3,CUST-1729,Small Business,Southwest,Nevada,Electronics,Headphones,Sony WH-1000XM5,313.68,5,0,0.0,0.0,1568.4,190.2,617.4,Online,Credit Card,5,0
ORD-00516,2024-03-14,2024-03-18,4,CUST-1608,Small Business,Midwest,Wisconsin,Clothing,Accessories,Ray-Ban Aviators,161.99,4,10,64.8,10.41,583.16,98.39,189.6,In-Store,Credit Card,5,0
ORD-00517,2024-11-02,2024-11-06,4,CUST-2365,Consumer,Northeast,Connecticut,Sports & Outdoors,Fitness Equipment,Bowflex Dumbbells,342.24,2,25,171.12,8.63,513.36,194.42,124.52,Online,Apple Pay,4,0
ORD-00518,2023-05-22,2023-05-26,4,CUST-1011,Corporate,West,Washington,Sports & Outdoors,Running,Nathan Hydration Vest,70.22,1,5,3.51,16.61,66.71,50.16,16.55,In-Store,Debit Card,4,0
ORD-00519,2023-07-28,2023-08-04,7,CUST-1993,Consumer,Southwest,Texas,Home & Kitchen,Storage,ClosetMaid Organizer,66.91,5,20,66.91,22.33,267.64,41.48,60.24,Online,Gift Card,5,0
ORD-00520,2023-08-04,2023-08-10,6,CUST-2496,Consumer,West,California,Clothing,Men's Apparel,Columbia Jacket,85.73,2,5,8.57,19.02,162.89,63.7,35.49,In-Store,Gift Card,4,0
ORD-00521,2023-05-25,2023-05-29,4,CUST-1131,Consumer,Northeast,New York,Electronics,Monitors,Dell 24-inch FHD,204.86,1,0,0.0,10.98,204.86,143.32,61.54,In-Store,Credit Card,3,0
ORD-00522,2024-09-10,2024-09-15,5,CUST-1512,Consumer,West,Arizona,Clothing,Men's Apparel,Nike Dri-FIT Tee,36.31,3,10,10.89,23.37,98.04,23.99,26.07,Online,Debit Card,2,0
ORD-00523,2023-08-05,2023-08-11,6,CUST-2105,Small Business,Southeast,Florida,Clothing,Accessories,Ray-Ban Aviators,161.67,3,25,121.25,14.54,363.76,91.41,89.53,In-Store,Debit Card,1,0
ORD-00524,2023-04-22,2023-04-25,3,CUST-3335,Consumer,Northeast,Pennsylvania,Office Supplies,Printers,HP LaserJet Pro,288.18,1,0,0.0,0.0,288.18,170.71,117.47,Online,Credit Card,3,0
ORD-00525,2024-08-01,2024-08-04,3,CUST-2668,Corporate,Northeast,Connecticut,Electronics,Laptops,HP Pavilion x360,660.26,1,0,0.0,14.99,660.26,462.4,197.86,Mobile App,Debit Card,4,0
ORD-00526,2024-05-30,2024-06-05,6,CUST-1659,Corporate,Northeast,New Jersey,Electronics,Monitors,Dell 24-inch FHD,190.74,1,15,28.61,6.57,162.13,111.06,51.07,Online,Debit Card,4,0
ORD-00527,2024-05-28,2024-06-04,7,CUST-3322,Consumer,Midwest,Wisconsin,Office Supplies,Printers,Brother Inkjet,147.89,3,0,0.0,22.8,443.67,106.66,123.69,In-Store,Gift Card,3,1
ORD-00528,2024-10-04,2024-10-07,3,CUST-1365,Consumer,Southwest,Texas,Electronics,Smartphones,iPhone SE,442.09,2,25,221.04,0.0,663.14,250.86,161.42,Online,Credit Card,3,0
ORD-00529,2023-03-14,2023-03-17,3,CUST-2502,Consumer,Northeast,Connecticut,Home & Kitchen,Decor,Yankee Candle Set,36.47,3,5,5.47,14.76,103.94,26.91,23.21,Mobile App,Gift Card,5,0
ORD-00530,2024-06-08,2024-06-14,6,CUST-2190,Corporate,West,Oregon,Home & Kitchen,Furniture,West Elm Desk,363.2,1,5,18.16,0.0,345.04,271.76,73.28,Online,Gift Card,1,1
ORD-00531,2024-01-20,2024-01-21,1,CUST-2346,Corporate,Northeast,Connecticut,Electronics,Smartphones,iPhone SE,423.49,3,10,127.05,21.36,1143.42,272.6,325.62,Online,Apple Pay,5,0
ORD-00532,2023-03-08,2023-03-10,2,CUST-2480,Consumer,Southeast,Tennessee,Sports & Outdoors,Camping Gear,REI Sleeping Bag,179.17,2,0,0.0,7.9,358.34,118.08,122.18,Online,Gift Card,5,0
ORD-00533,2024-03-16,2024-03-17,1,CUST-2062,Consumer,Southwest,New Mexico,Electronics,Smartphones,Samsung Galaxy A54,341.93,5,10,170.97,0.0,1538.68,231.53,381.03,Online,Apple Pay,5,0
ORD-00534,2023-07-08,2023-07-14,6,CUST-3445,Small Business,West,California,Sports & Outdoors,Cycling,Bell Helmet,49.59,1,0,0.0,8.2,49.59,31.99,17.6,Online,Gift Card,2,0
ORD-00535,2023-07-23,2023-07-27,4,CUST-2664,Consumer,Northeast,Massachusetts,Office Supplies,Paper Products,Post-it Notes Bulk,20.46,2,15,6.14,5.27,34.78,14.63,5.52,Mobile App,PayPal,2,1
ORD-00536,2023-09-27,2023-10-02,5,CUST-3362,Corporate,Midwest,Illinois,Sports & Outdoors,Camping Gear,REI Sleeping Bag,172.74,1,25,43.19,13.39,129.55,102.56,26.99,Mobile App,Debit Card,2,1
ORD-00537,2023-01-15,2023-01-18,3,CUST-1724,Consumer,Southeast,North Carolina,Electronics,Tablets,Samsung Galaxy Tab S6,336.57,2,15,100.97,13.2,572.17,228.79,114.59,Mobile App,PayPal,2,0
ORD-00538,2024-07-20,2024-07-27,7,CUST-1424,Consumer,Midwest,Wisconsin,Sports & Outdoors,Running,Garmin Forerunner 55,198.74,3,10,59.62,23.49,536.6,120.57,174.89,Online,Credit Card,1,0
ORD-00539,2024-05-23,2024-05-27,4,CUST-2900,Consumer,West,Arizona,Office Supplies,Desks & Chairs,FlexiSpot Standing Desk,362.23,1,10,36.22,9.45,326.01,220.23,105.78,In-Store,Apple Pay,5,0
ORD-00540,2024-02-27,2024-03-04,6,CUST-3125,Small Business,Southwest,Nevada,Electronics,Tablets,iPad 10th Gen,457.13,2,0,0.0,23.18,914.26,279.53,355.2,Online,Apple Pay,1,0
ORD-00541,2024-09-06,2024-09-11,5,CUST-2303,Small Business,Southeast,Georgia,Office Supplies,Stationery,Pilot G2 Pen Pack,13.14,2,5,1.31,0.0,24.97,8.26,8.45,Online,Apple Pay,5,0
ORD-00542,2024-06-13,2024-06-15,2,CUST-3430,Consumer,Northeast,New Jersey,Electronics,Smartphones,Google Pixel 7a,395.67,1,10,39.57,21.74,356.1,277.93,78.17,Mobile App,Credit Card,3,0
ORD-00543,2023-06-06,2023-06-12,6,CUST-2548,Consumer,Northeast,Massachusetts,Electronics,Monitors,Dell 24-inch FHD,209.66,1,10,20.97,8.72,188.69,141.92,46.77,Mobile App,Gift Card,4,0
ORD-00544,2023-09-24,2023-09-26,2,CUST-1851,Small Business,Midwest,Michigan,Electronics,Smartphones,Google Pixel 7a,414.67,1,25,103.67,7.44,311.0,237.27,73.73,Online,Credit Card,3,0
ORD-00545,2024-02-05,2024-02-12,7,CUST-1128,Consumer,Northeast,New York,Sports & Outdoors,Fitness Equipment,Peloton Bike Mat,61.11,5,0,0.0,23.16,305.55,38.2,114.55,Online,Debit Card,3,0
ORD-00546,2023-05-01,2023-05-02,1,CUST-1888,Corporate,Southwest,Oklahoma,Sports & Outdoors,Team Sports,Rawlings Baseball Glove,51.2,2,0,0.0,5.58,102.4,37.65,27.1,In-Store,Debit Card,5,0
ORD-00547,2023-01-31,2023-02-07,7,CUST-1810,Consumer,Southeast,Georgia,Electronics,Smartphones,iPhone SE,412.45,1,0,0.0,14.33,412.45,285.26,127.19,In-Store,Apple Pay,5,0
ORD-00548,2024-12-04,2024-12-10,6,CUST-3323,Consumer,West,Colorado,Electronics,Monitors,ASUS ProArt 27,449.5,1,15,67.42,13.46,382.08,291.08,91.0,Online,Credit Card,3,0
ORD-00549,2023-12-28,2024-01-02,5,CUST-1761,Consumer,Midwest,Illinois,Sports & Outdoors,Camping Gear,Coleman Tent 4P,128.82,5,0,0.0,24.0,644.1,86.41,212.05,Online,Debit Card,4,0
ORD-00550,2024-01-02,2024-01-09,7,CUST-3159,Consumer,Northeast,New Jersey,Home & Kitchen,Cookware,Lodge Cast Iron Skillet,29.45,3,0,0.0,14.3,88.35,16.26,39.57,Online,Credit Card,2,1
ORD-00551,2023-08-11,2023-08-18,7,CUST-1700,Consumer,Northeast,Pennsylvania,Office Supplies,Desks & Chairs,FlexiSpot Standing Desk,389.73,4,5,77.95,8.93,1480.97,239.12,524.49,In-Store,PayPal,3,0
ORD-00552,2024-09-07,2024-09-14,7,CUST-1066,Consumer,Southeast,Virginia,Clothing,Activewear,Under Armour Shorts,41.41,1,10,4.14,10.68,37.27,30.96,6.31,Mobile App,Gift Card,5,0
ORD-00553,2023-03-13,2023-03-19,6,CUST-1420,Consumer,Southeast,Virginia,Home & Kitchen,Cookware,Cuisinart Knife Set,80.44,3,5,12.07,12.86,229.25,49.28,81.41,Mobile App,Credit Card,4,0
ORD-00554,2023-01-30,2023-02-06,7,CUST-1453,Small Business,Northeast,New York,Clothing,Men's Apparel,Nike Dri-FIT Tee,34.03,3,10,10.21,21.24,91.88,19.32,33.92,Mobile App,Credit Card,2,1
ORD-00555,2023-02-19,2023-02-23,4,CUST-2692,Consumer,Southwest,Texas,Home & Kitchen,Cookware,All-Clad Pan Set,244.24,2,15,73.27,0.0,415.21,142.65,129.91,Online,Debit Card,5,0
ORD-00556,2024-10-14,2024-10-17,3,CUST-1843,Corporate,Southeast,Florida,Office Supplies,Organizers,Bankers Box Set,26.18,2,10,5.24,9.51,47.12,16.08,14.96,Mobile App,PayPal,4,0
ORD-00557,2024-12-12,2024-12-17,5,CUST-3066,Consumer,Southwest,Texas,Clothing,Men's Apparel,Columbia Jacket,87.18,1,15,13.08,16.8,74.1,49.77,24.33,In-Store,PayPal,4,0
ORD-00558,2023-04-19,2023-04-22,3,CUST-1451,Corporate,Southwest,New Mexico,Home & Kitchen,Decor,Yankee Candle Set,35.97,3,5,5.4,8.27,102.51,21.14,39.09,Mobile App,Credit Card,2,1
ORD-00559,2023-09-04,2023-09-06,2,CUST-2514,Consumer,Northeast,Connecticut,Clothing,Footwear,Nike Air Max 90,128.07,1,5,6.4,12.08,121.67,73.47,48.2,Online,Gift Card,3,0
ORD-00560,2023-04-11,2023-04-12,1,CUST-3356,Small Business,Northeast,Connecticut,Sports & Outdoors,Camping Gear,Yeti Cooler,244.39,1,0,0.0,7.17,244.39,164.11,80.28,In-Store,Debit Card,2,1
ORD-00561,2023-09-30,2023-10-06,6,CUST-1012,Consumer,Northeast,Massachusetts,Electronics,Tablets,iPad 10th Gen,445.7,4,10,178.28,21.47,1604.52,280.16,483.88,Online,Debit Card,2,0
ORD-00562,2023-04-07,2023-04-08,1,CUST-1315,Consumer,Northeast,Massachusetts,Sports & Outdoors,Cycling,Garmin Edge 530,287.07,1,0,0.0,7.83,287.07,168.64,118.43,In-Store,Credit Card,3,0
ORD-00563,2023-06-24,2023-06-27,3,CUST-1409,Corporate,Midwest,Illinois,Office Supplies,Printers,Brother Inkjet,146.2,2,5,14.62,16.34,277.78,83.61,110.56,Mobile App,Debit Card,5,0
ORD-00564,2023-11-08,2023-11-13,5,CUST-3127,Small Business,Southeast,Virginia,Home & Kitchen,Storage,ClosetMaid Organizer,69.7,2,0,0.0,11.66,139.4,49.87,39.66,Mobile App,Gift Card,3,0
ORD-00565,2024-10-17,2024-10-19,2,CUST-3231,Consumer,Northeast,Connecticut,Clothing,Women's Apparel,Lululemon Tank,69.64,1,0,0.0,19.88,69.64,51.86,17.78,Mobile App,Credit Card,5,0
ORD-00566,2024-04-05,2024-04-10,5,CUST-3321,Consumer,Southwest,Utah,Clothing,Footwear,New Balance 574,90.79,1,0,0.0,8.8,90.79,67.1,23.69,In-Store,Gift Card,1,1
ORD-00567,2023-12-22,2023-12-29,7,CUST-2252,Consumer,Southwest,Nevada,Clothing,Accessories,Coach Wallet,80.98,1,25,20.25,10.76,60.73,55.3,5.43,Online,Debit Card,2,0
ORD-00568,2023-01-06,2023-01-07,1,CUST-2191,Consumer,Southeast,Florida,Electronics,Tablets,iPad 10th Gen,466.15,1,0,0.0,8.09,466.15,318.41,147.74,In-Store,Debit Card,4,0
ORD-00569,2023-08-13,2023-08-17,4,CUST-2024,Consumer,Northeast,Pennsylvania,Clothing,Accessories,Fossil Watch,135.1,1,20,27.02,8.46,108.08,99.17,8.91,In-Store,Gift Card,2,1
ORD-00570,2023-05-19,2023-05-20,1,CUST-2464,Consumer,Southeast,Georgia,Home & Kitchen,Cookware,Lodge Cast Iron Skillet,29.87,1,20,5.97,21.67,23.9,17.52,6.38,Online,PayPal,5,0
ORD-00571,2024-04-24,2024-04-27,3,CUST-2201,Corporate,Southeast,Virginia,Sports & Outdoors,Running,Garmin Forerunner 55,209.14,1,10,20.91,17.29,188.23,132.63,55.6,Mobile App,PayPal,2,0
ORD-00572,2023-02-24,2023-02-25,1,CUST-2190,Small Business,West,Colorado,Clothing,Accessories,Coach Wallet,82.99,1,15,12.45,0.0,70.54,53.28,17.26,Online,Credit Card,4,0
ORD-00573,2024-08-02,2024-08-06,4,CUST-1026,Small Business,Southeast,North Carolina,Electronics,Laptops,Lenovo ThinkPad E15,766.26,2,5,76.63,16.23,1455.89,528.96,397.97,Online,Debit Card,3,0
ORD-00574,2024-05-11,2024-05-12,1,CUST-2981,Consumer,Midwest,Ohio,Electronics,Laptops,Dell Inspiron 15,551.08,1,20,110.22,0.0,440.86,330.34,110.52,Mobile App,Credit Card,5,0
ORD-00575,2023-07-08,2023-07-10,2,CUST-1820,Corporate,West,Arizona,Home & Kitchen,Storage,Sterilite Cart,38.48,1,10,3.85,0.0,34.63,22.29,12.34,Mobile App,Debit Card,5,0
ORD-00576,2024-05-02,2024-05-04,2,CUST-1139,Consumer,Southeast,North Carolina,Electronics,Monitors,Dell 24-inch FHD,197.71,1,0,0.0,21.26,197.71,140.37,57.34,Online,Gift Card,3,0
ORD-00577,2024-10-22,2024-10-29,7,CUST-2441,Consumer,Midwest,Wisconsin,Sports & Outdoors,Fitness Equipment,Peloton Bike Mat,61.33,5,5,15.33,12.14,291.32,37.13,105.67,Mobile App,Gift Card,2,0
ORD-00578,2024-11-02,2024-11-08,6,CUST-3411,Corporate,Southeast,Georgia,Home & Kitchen,Cookware,Cuisinart Knife Set,79.86,1,15,11.98,8.6,67.88,59.3,8.58,Mobile App,Gift Card,2,1
ORD-00579,2024-08-17,2024-08-20,3,CUST-2573,Small Business,Southeast,Tennessee,Sports & Outdoors,Fitness Equipment,Bowflex Dumbbells,340.6,1,10,34.06,18.58,306.54,232.65,73.89,Mobile App,Debit Card,2,1
ORD-00580,2024-03-06,2024-03-08,2,CUST-3279,Corporate,Southwest,Texas,Office Supplies,Printers,HP LaserJet Pro,298.24,1,10,29.82,5.58,268.42,186.36,82.06,Online,Apple Pay,4,0
ORD-00581,2023-07-24,2023-07-30,6,CUST-2472,Consumer,Northeast,Connecticut,Sports & Outdoors,Cycling,Schwinn Hybrid Bike,360.97,1,0,0.0,16.63,360.97,256.91,104.06,Mobile App,Credit Card,4,0
ORD-00582,2024-02-22,2024-02-26,4,CUST-2797,Consumer,Midwest,Illinois,Home & Kitchen,Appliances,Dyson V15 Vacuum,659.23,2,20,263.69,16.4,1054.77,428.0,198.77,In-Store,Gift Card,5,0
ORD-00583,2024-03-13,2024-03-15,2,CUST-1646,Consumer,Midwest,Illinois,Office Supplies,Desks & Chairs,Autonomous SmartDesk,432.8,3,0,0.0,11.61,1298.4,258.0,524.4,Mobile App,PayPal,3,0
ORD-00584,2023-10-22,2023-10-26,4,CUST-1243,Small Business,Northeast,Massachusetts,Clothing,Activewear,Reebok Sports Bra,33.44,2,5,3.34,0.0,63.54,23.06,17.42,Mobile App,Credit Card,1,0
ORD-00585,2023-05-23,2023-05-24,1,CUST-2961,Corporate,Northeast,Pennsylvania,Electronics,Smartphones,iPhone SE,447.38,1,20,89.48,5.7,357.9,308.97,48.93,Mobile App,Gift Card,5,0
ORD-00586,2023-05-13,2023-05-14,1,CUST-1074,Consumer,Northeast,New York,Electronics,Laptops,HP Pavilion x360,625.68,2,10,125.14,24.42,1126.22,382.09,362.04,Mobile App,Debit Card,5,0
ORD-00587,2024-07-19,2024-07-22,3,CUST-1041,Consumer,Southeast,Virginia,Sports & Outdoors,Camping Gear,Yeti Cooler,240.38,2,5,24.04,23.06,456.72,137.88,180.96,Online,Credit Card,3,0
ORD-00588,2023-08-21,2023-08-24,3,CUST-2629,Corporate,Southeast,Tennessee,Office Supplies,Desks & Chairs,Autonomous SmartDesk,430.05,3,0,0.0,10.64,1290.15,241.4,565.95,Online,Debit Card,5,0
ORD-00589,2024-05-05,2024-05-08,3,CUST-2095,Corporate,Midwest,Illinois,Electronics,Tablets,Amazon Fire HD 10,154.69,1,10,15.47,13.86,139.22,112.85,26.37,Mobile App,PayPal,5,0
ORD-00590,2023-11-23,2023-11-26,3,CUST-1146,Consumer,Midwest,Illinois,Home & Kitchen,Decor,Wall Art Canvas,57.46,5,5,14.37,15.41,272.93,42.08,62.53,In-Store,PayPal,4,0
ORD-00591,2023-08-29,2023-09-05,7,CUST-1755,Consumer,West,Colorado,Electronics,Laptops,HP Pavilion x360,635.55,3,0,0.0,6.18,1906.65,387.74,743.43,In-Store,Apple Pay,2,0
ORD-00592,2024-11-06,2024-11-13,7,CUST-2751,Corporate,Northeast,Pennsylvania,Electronics,Monitors,Dell 24-inch FHD,205.08,4,20,164.06,10.24,656.26,126.58,149.94,In-Store,PayPal,4,0
ORD-00593,2023-02-28,2023-03-06,6,CUST-2123,Consumer,West,Arizona,Sports & Outdoors,Cycling,Garmin Edge 530,302.04,1,10,30.2,12.62,271.84,197.47,74.37,Mobile App,Credit Card,2,1
ORD-00594,2023-03-29,2023-04-03,5,CUST-2817,Consumer,Southwest,Utah,Home & Kitchen,Cookware,All-Clad Pan Set,246.53,1,10,24.65,21.2,221.88,168.1,53.78,Online,PayPal,4,0
ORD-00595,2024-04-18,2024-04-23,5,CUST-2131,Small Business,Northeast,New York,Sports & Outdoors,Fitness Equipment,Peloton Bike Mat,58.3,1,15,8.74,10.52,49.56,32.75,16.81,In-Store,Apple Pay,2,1
ORD-00596,2023-09-23,2023-09-27,4,CUST-2061,Consumer,West,Washington,Clothing,Women's Apparel,Adidas Yoga Pants,53.52,3,10,16.06,15.12,144.5,36.44,35.18,In-Store,Debit Card,2,1
ORD-00597,2023-09-21,2023-09-23,2,CUST-1101,Consumer,Northeast,Pennsylvania,Office Supplies,Desks & Chairs,FlexiSpot Standing Desk,380.25,1,0,0.0,0.0,380.25,217.75,162.5,Online,Apple Pay,2,0
ORD-00598,2023-12-01,2023-12-06,5,CUST-1880,Consumer,Southeast,Virginia,Home & Kitchen,Decor,Yankee Candle Set,33.4,2,0,0.0,5.5,66.8,24.58,17.64,Online,Gift Card,4,0
ORD-00599,2024-01-23,2024-01-28,5,CUST-1210,Corporate,West,California,Clothing,Accessories,Coach Wallet,83.47,1,0,0.0,16.48,83.47,49.66,33.81,In-Store,Credit Card,4,0
ORD-00600,2024-09-13,2024-09-16,3,CUST-2679,Consumer,Southeast,Tennessee,Office Supplies,Stationery,Sharpie Marker Set,16.64,1,15,2.5,20.34,14.14,9.96,4.18,Online,Credit Card,4,0
ORD-00601,2024-01-06,2024-01-08,2,CUST-3480,Consumer,Northeast,Massachusetts,Office Supplies,Desks & Chairs,Herman Miller Aeron,1293.36,2,10,258.67,21.53,2328.05,819.69,688.67,Mobile App,Apple Pay,5,0
ORD-00602,2023-09-24,2023-09-26,2,CUST-2924,Consumer,West,Oregon,Home & Kitchen,Furniture,IKEA Kallax Shelf,86.83,1,5,4.34,8.95,82.49,56.34,26.15,Mobile App,Credit Card,4,0
ORD-00603,2023-04-14,2023-04-16,2,CUST-2378,Corporate,Northeast,New York,Sports & Outdoors,Fitness Equipment,Resistance Band Set,25.03,1,0,0.0,13.44,25.03,16.42,8.61,Online,PayPal,2,1
ORD-00604,2024-08-28,2024-09-04,7,CUST-3086,Consumer,Midwest,Illinois,Electronics,Laptops,Lenovo ThinkPad E15,780.79,4,20,624.63,13.7,2498.53,527.94,386.77,In-Store,Debit Card,4,0
ORD-00605,2023-03-27,2023-04-03,7,CUST-3081,Consumer,Northeast,New York,Office Supplies,Organizers,AmazonBasics File Cabinet,88.37,2,5,8.84,10.58,167.9,51.73,64.44,Online,PayPal,1,0
ORD-00606,2024-03-12,2024-03-17,5,CUST-1693,Consumer,Southeast,Virginia,Home & Kitchen,Appliances,Instant Pot Duo 7-in-1,93.43,1,20,18.69,10.56,74.74,65.05,9.69,Online,Debit Card,1,0
ORD-00607,2023-10-23,2023-10-24,1,CUST-1105,Corporate,Southwest,Oklahoma,Office Supplies,Desks & Chairs,Autonomous SmartDesk,436.8,2,0,0.0,5.54,873.6,313.52,246.56,Mobile App,Debit Card,1,1
ORD-00608,2024-01-14,2024-01-18,4,CUST-1477,Consumer,Northeast,Massachusetts,Sports & Outdoors,Running,Nathan Hydration Vest,72.92,1,5,3.65,7.39,69.27,50.55,18.72,In-Store,Debit Card,5,0
ORD-00609,2023-12-29,2024-01-01,3,CUST-2300,Consumer,West,Washington,Electronics,Tablets,iPad 10th Gen,455.87,2,0,0.0,19.13,911.74,297.49,316.76,Mobile App,Credit Card,5,0
ORD-00610,2023-07-14,2023-07-16,2,CUST-3114,Consumer,West,California,Electronics,Smartphones,Samsung Galaxy A54,340.2,2,20,136.08,14.68,544.32,200.42,143.48,In-Store,Debit Card,5,0
ORD-00611,2023-08-08,2023-08-14,6,CUST-2196,Corporate,Northeast,New York,Sports & Outdoors,Team Sports,Rawlings Baseball Glove,49.58,1,0,0.0,16.67,49.58,29.88,19.7,Online,Debit Card,4,0
ORD-00612,2024-11-15,2024-11-19,4,CUST-1465,Corporate,West,Colorado,Office Supplies,Printers,Epson EcoTank,192.24,1,0,0.0,10.74,192.24,139.6,52.64,Online,Credit Card,3,1
ORD-00613,2023-12-22,2023-12-27,5,CUST-2741,Consumer,West,Colorado,Sports & Outdoors,Team Sports,Adidas Soccer Ball,24.41,2,0,0.0,13.17,48.82,14.48,19.86,Mobile App,PayPal,3,0
ORD-00614,2024-02-13,2024-02-18,5,CUST-3210,Corporate,Northeast,New York,Home & Kitchen,Decor,Wall Art Canvas,57.26,1,10,5.73,22.5,51.53,36.62,14.91,Online,Gift Card,3,0
ORD-00615,2023-01-21,2023-01-23,2,CUST-1939,Consumer,Southwest,Texas,Sports & Outdoors,Fitness Equipment,Resistance Band Set,25.65,1,5,1.28,0.0,24.37,14.43,9.94,Online,Debit Card,5,0
ORD-00616,2023-10-25,2023-10-30,5,CUST-2012,Consumer,West,Oregon,Home & Kitchen,Decor,Pottery Barn Throw Pillow,47.56,2,0,0.0,15.52,95.12,34.2,26.72,Online,Debit Card,2,0
ORD-00617,2023-02-04,2023-02-10,6,CUST-3409,Consumer,Northeast,New York,Sports & Outdoors,Running,Brooks Ghost 15,145.06,3,20,87.04,19.06,348.14,82.0,102.14,Online,Gift Card,3,0
ORD-00618,2024-02-05,2024-02-09,4,CUST-2979,Consumer,Northeast,Massachusetts,Home & Kitchen,Cookware,Cuisinart Knife Set,78.18,2,0,0.0,18.11,156.36,46.17,64.02,Online,Debit Card,5,0
ORD-00619,2023-10-19,2023-10-21,2,CUST-1446,Consumer,Southwest,Utah,Office Supplies,Paper Products,Post-it Notes Bulk,19.78,1,5,0.99,7.16,18.79,12.35,6.44,In-Store,Debit Card,4,0
ORD-00620,2024-10-20,2024-10-25,5,CUST-3021,Corporate,Southeast,Georgia,Electronics,Laptops,Lenovo ThinkPad E15,749.23,1,15,112.38,0.0,636.85,449.53,187.32,Mobile App,Gift Card,4,0
ORD-00621,2023-09-16,2023-09-20,4,CUST-3107,Consumer,Southeast,North Carolina,Clothing,Men's Apparel,Nike Dri-FIT Tee,36.29,2,10,7.26,16.24,65.32,21.91,21.5,In-Store,Debit Card,3,0
ORD-00622,2024-07-22,2024-07-24,2,CUST-3148,Small Business,West,California,Electronics,Headphones,Bose QC45,266.37,1,0,0.0,0.0,266.37,174.2,92.17,Online,Credit Card,5,0
ORD-00623,2024-05-13,2024-05-18,5,CUST-2520,Corporate,Northeast,Massachusetts,Sports & Outdoors,Running,Brooks Ghost 15,137.11,1,5,6.86,15.44,130.25,100.69,29.56,Mobile App,Debit Card,1,0
ORD-00624,2024-06-15,2024-06-16,1,CUST-2277,Consumer,Midwest,Indiana,Sports & Outdoors,Camping Gear,Yeti Cooler,258.8,4,10,103.52,21.58,931.68,149.35,334.28,Online,Apple Pay,3,1
ORD-00625,2024-12-19,2024-12-25,6,CUST-3393,Consumer,West,Arizona,Sports & Outdoors,Cycling,Schwinn Hybrid Bike,337.97,1,5,16.9,9.51,321.07,209.57,111.5,Online,PayPal,4,0
ORD-00626,2023-11-10,2023-11-11,1,CUST-3425,Corporate,West,Oregon,Office Supplies,Organizers,Pendaflex Folders,14.47,2,0,0.0,10.25,28.94,10.07,8.8,Online,Apple Pay,3,0
ORD-00627,2024-09-11,2024-09-15,4,CUST-2742,Consumer,Northeast,Massachusetts,Sports & Outdoors,Camping Gear,Coleman Tent 4P,126.3,1,0,0.0,7.86,126.3,92.95,33.35,Mobile App,Credit Card,2,1
ORD-00628,2024-11-11,2024-11-16,5,CUST-3295,Small Business,Southeast,Florida,Clothing,Activewear,Puma Track Pants,49.86,1,5,2.49,15.6,47.37,30.53,16.84,Mobile App,PayPal,4,0
ORD-00629,2024-03-28,2024-04-01,4,CUST-1043,Corporate,Southeast,North Carolina,Electronics,Monitors,Dell 24-inch FHD,207.31,2,0,0.0,11.91,414.62,149.49,115.64,Online,Debit Card,3,0
ORD-00630,2023-07-20,2023-07-21,1,CUST-2036,Corporate,Southeast,Tennessee,Clothing,Men's Apparel,Columbia Jacket,88.81,1,0,0.0,17.13,88.81,53.35,35.46,In-Store,Apple Pay,1,1
ORD-00631,2023-10-08,2023-10-09,1,CUST-1539,Corporate,Midwest,Wisconsin,Electronics,Headphones,Bose QC45,279.25,2,5,27.93,21.14,530.57,202.45,125.67,Online,Debit Card,4,0
ORD-00632,2023-03-26,2023-04-01,6,CUST-3403,Small Business,Southeast,Florida,Electronics,Headphones,Bose QC45,290.01,2,0,0.0,18.09,580.02,175.6,228.82,Online,PayPal,4,0
ORD-00633,2024-01-11,2024-01-16,5,CUST-1013,Consumer,Midwest,Indiana,Sports & Outdoors,Fitness Equipment,Bowflex Dumbbells,337.65,1,15,50.65,5.88,287.0,203.71,83.29,Online,Debit Card,3,0
ORD-00634,2023-11-15,2023-11-18,3,CUST-2534,Small Business,Southeast,North Carolina,Sports & Outdoors,Team Sports,Rawlings Baseball Glove,47.93,1,20,9.59,6.72,38.34,35.16,3.18,In-Store,Debit Card,5,0
ORD-00635,2024-04-16,2024-04-19,3,CUST-2208,Small Business,Northeast,New Jersey,Home & Kitchen,Appliances,Dyson V15 Vacuum,620.96,3,0,0.0,7.8,1862.88,429.2,575.28,Online,PayPal,5,0
ORD-00636,2023-09-23,2023-09-24,1,CUST-2777,Corporate,West,Oregon,Electronics,Headphones,AirPods Pro 2,253.54,2,0,0.0,21.62,507.08,162.25,182.58,Mobile App,Debit Card,4,0
ORD-00637,2023-12-22,2023-12-24,2,CUST-2946,Consumer,West,Oregon,Clothing,Footwear,New Balance 574,92.18,5,10,46.09,9.2,414.81,55.66,136.51,In-Store,Credit Card,5,0
ORD-00638,2023-05-24,2023-05-26,2,CUST-1666,Consumer,Southeast,North Carolina,Home & Kitchen,Storage,ClosetMaid Organizer,68.75,2,20,27.5,23.01,110.0,39.25,31.5,Online,Credit Card,4,0
ORD-00639,2024-04-23,2024-04-28,5,CUST-1959,Corporate,Midwest,Illinois,Sports & Outdoors,Team Sports,Adidas Soccer Ball,25.57,2,10,5.11,19.46,46.03,16.49,13.05,Online,PayPal,1,1
ORD-00640,2024-06-03,2024-06-08,5,CUST-1370,Small Business,Northeast,Connecticut,Home & Kitchen,Storage,ClosetMaid Organizer,67.66,2,0,0.0,18.94,135.32,41.28,52.76,Online,Debit Card,1,1
ORD-00641,2023-11-13,2023-11-20,7,CUST-1020,Consumer,Northeast,Pennsylvania,Sports & Outdoors,Running,Brooks Ghost 15,135.8,1,10,13.58,8.68,122.22,79.36,42.86,Online,Debit Card,2,0
ORD-00642,2024-05-03,2024-05-04,1,CUST-2159,Consumer,Northeast,New York,Sports & Outdoors,Team Sports,Rawlings Baseball Glove,49.85,1,0,0.0,9.84,49.85,31.17,18.68,Online,Debit Card,3,0
ORD-00643,2024-11-21,2024-11-24,3,CUST-1316,Consumer,Southeast,Virginia,Office Supplies,Desks & Chairs,Herman Miller Aeron,1311.23,1,10,131.12,20.35,1180.11,779.31,400.8,Online,Credit Card,4,0
ORD-00644,2024-10-23,2024-10-29,6,CUST-1435,Consumer,Northeast,Connecticut,Clothing,Men's Apparel,Levi's 501 Jeans,59.29,1,0,0.0,11.21,59.29,34.74,24.55,Mobile App,Apple Pay,2,0
ORD-00645,2024-04-21,2024-04-27,6,CUST-3472,Consumer,West,Oregon,Electronics,Headphones,Sony WH-1000XM5,300.2,1,0,0.0,0.0,300.2,206.32,93.88,Mobile App,Credit Card,2,0
ORD-00646,2024-04-06,2024-04-07,1,CUST-2863,Small Business,Midwest,Indiana,Home & Kitchen,Storage,ClosetMaid Organizer,69.46,1,0,0.0,6.59,69.46,48.76,20.7,Online,Gift Card,3,0
ORD-00647,2024-03-21,2024-03-28,7,CUST-2219,Corporate,Northeast,Pennsylvania,Electronics,Laptops,HP Pavilion x360,636.25,1,0,0.0,18.49,636.25,396.93,239.32,Mobile App,Debit Card,2,0
ORD-00648,2024-10-13,2024-10-17,4,CUST-3144,Consumer,Northeast,New York,Home & Kitchen,Furniture,West Elm Desk,335.43,2,0,0.0,17.65,670.86,190.83,289.2,Mobile App,Apple Pay,4,0
ORD-00649,2024-08-05,2024-08-06,1,CUST-2052,Corporate,Southeast,Florida,Home & Kitchen,Cookware,Lodge Cast Iron Skillet,30.4,1,25,7.6,24.6,22.8,22.08,0.72,Online,PayPal,4,0
ORD-00650,2024-10-30,2024-10-31,1,CUST-1760,Consumer,West,California,Sports & Outdoors,Fitness Equipment,Bowflex Dumbbells,354.04,2,25,177.02,18.88,531.06,232.9,65.26,Online,Apple Pay,4,0
ORD-00651,2023-10-11,2023-10-14,3,CUST-1905,Corporate,Midwest,Illinois,Office Supplies,Stationery,Pilot G2 Pen Pack,12.87,2,0,0.0,7.59,25.74,7.13,11.48,In-Store,PayPal,2,0
ORD-00652,2023-03-07,2023-03-10,3,CUST-1862,Small Business,Midwest,Wisconsin,Sports & Outdoors,Team Sports,Adidas Soccer Ball,24.71,2,0,0.0,0.0,49.42,18.19,13.04,Online,Debit Card,4,0
ORD-00653,2024-06-29,2024-07-05,6,CUST-2914,Consumer,West,Colorado,Home & Kitchen,Decor,Pottery Barn Throw Pillow,47.88,2,10,9.58,6.65,86.18,30.99,24.2,Mobile App,PayPal,4,0
ORD-00654,2023-01-31,2023-02-02,2,CUST-1397,Corporate,Northeast,Massachusetts,Clothing,Activewear,Puma Track Pants,51.31,2,5,5.13,19.87,97.49,35.93,25.63,Online,Apple Pay,4,0
ORD-00655,2024-02-10,2024-02-12,2,CUST-2301,Corporate,Northeast,New York,Office Supplies,Printers,HP LaserJet Pro,314.52,3,15,141.53,12.03,802.03,234.56,98.35,Online,PayPal,5,0
ORD-00656,2024-05-29,2024-05-30,1,CUST-1402,Consumer,Midwest,Indiana,Clothing,Accessories,Fossil Watch,135.51,3,0,0.0,12.99,406.53,78.78,170.19,In-Store,Apple Pay,4,0
ORD-00657,2024-01-28,2024-02-03,6,CUST-1372,Consumer,Midwest,Indiana,Sports & Outdoors,Running,Brooks Ghost 15,134.93,2,10,26.99,16.98,242.87,90.94,60.99,Online,Gift Card,2,0
ORD-00658,2024-01-15,2024-01-21,6,CUST-2880,Consumer,Northeast,Massachusetts,Sports & Outdoors,Team Sports,Rawlings Baseball Glove,48.3,3,15,21.73,8.49,123.17,30.13,32.78,Mobile App,PayPal,1,0
ORD-00659,2023-09-08,2023-09-12,4,CUST-3128,Consumer,West,Colorado,Clothing,Women's Apparel,Lululemon Tank,68.71,2,0,0.0,8.18,137.42,42.34,52.74,In-Store,Credit Card,4,0
ORD-00660,2024-04-26,2024-05-03,7,CUST-1163,Consumer,West,California,Sports & Outdoors,Cycling,Garmin Edge 530,303.2,2,10,60.64,13.76,545.76,226.75,92.26,In-Store,Apple Pay,4,0
ORD-00661,2024-01-08,2024-01-11,3,CUST-1397,Consumer,Southeast,Tennessee,Sports & Outdoors,Running,Brooks Ghost 15,143.6,1,15,21.54,19.43,122.06,95.63,26.43,Online,Debit Card,5,0
ORD-00662,2023-12-04,2023-12-11,7,CUST-2192,Corporate,Northeast,Connecticut,Clothing,Footwear,Adidas Ultraboost,185.16,1,5,9.26,16.88,175.9,127.74,48.16,Online,Credit Card,2,0
ORD-00663,2023-11-11,2023-11-17,6,CUST-3083,Small Business,Northeast,Pennsylvania,Sports & Outdoors,Running,Nathan Hydration Vest,71.36,1,10,7.14,12.67,64.22,41.34,22.88,Online,Gift Card,2,0
ORD-00664,2024-06-13,2024-06-15,2,CUST-1265,Consumer,Southeast,Tennessee,Clothing,Footwear,New Balance 574,88.32,1,15,13.25,14.69,75.07,55.19,19.88,Mobile App,Apple Pay,5,0
ORD-00665,2023-12-17,2023-12-24,7,CUST-2489,Corporate,Northeast,New Jersey,Home & Kitchen,Storage,Sterilite Cart,39.42,3,10,11.83,23.12,106.43,25.3,30.53,In-Store,Gift Card,4,0
ORD-00666,2024-11-11,2024-11-16,5,CUST-2003,Consumer,Midwest,Michigan,Office Supplies,Desks & Chairs,Herman Miller Aeron,1331.35,2,5,133.13,6.11,2529.57,964.59,600.39,In-Store,Debit Card,3,0
ORD-00667,2023-08-22,2023-08-24,2,CUST-2954,Consumer,West,Colorado,Clothing,Men's Apparel,Columbia Jacket,92.18,1,0,0.0,23.11,92.18,64.22,27.96,In-Store,Debit Card,3,0
ORD-00668,2024-04-20,2024-04-23,3,CUST-1797,Corporate,Northeast,New York,Home & Kitchen,Furniture,IKEA Kallax Shelf,89.77,1,5,4.49,16.96,85.28,51.17,34.11,In-Store,Credit Card,4,0
ORD-00669,2024-08-26,2024-09-01,6,CUST-3060,Small Business,West,Arizona,Sports & Outdoors,Fitness Equipment,Peloton Bike Mat,59.95,3,10,17.99,15.27,161.86,35.09,56.59,Online,Debit Card,2,1
ORD-00670,2023-11-13,2023-11-14,1,CUST-1445,Consumer,Northeast,New Jersey,Sports & Outdoors,Fitness Equipment,Peloton Bike Mat,59.96,4,5,11.99,18.45,227.85,35.12,87.37,Mobile App,Gift Card,5,0
ORD-00671,2023-08-26,2023-08-28,2,CUST-3115,Corporate,Northeast,Massachusetts,Home & Kitchen,Cookware,All-Clad Pan Set,260.68,1,10,26.07,11.47,234.61,154.34,80.27,Mobile App,Debit Card,5,0
ORD-00672,2024-04-30,2024-05-06,6,CUST-2655,Consumer,Midwest,Indiana,Home & Kitchen,Appliances,Keurig K-Slim,107.83,1,15,16.17,12.07,91.66,62.43,29.23,Online,Gift Card,2,0
ORD-00673,2023-02-26,2023-03-01,3,CUST-1880,Consumer,Southwest,Oklahoma,Clothing,Accessories,Fossil Watch,126.2,1,10,12.62,12.46,113.58,87.5,26.08,Online,Gift Card,4,0
ORD-00674,2024-09-24,2024-10-01,7,CUST-3400,Corporate,Midwest,Michigan,Electronics,Laptops,Dell Inspiron 15,574.27,1,10,57.43,23.92,516.84,383.95,132.89,In-Store,Apple Pay,2,1
ORD-00675,2024-01-20,2024-01-27,7,CUST-3301,Small Business,Northeast,New York,Home & Kitchen,Cookware,All-Clad Pan Set,240.27,1,20,48.05,11.48,192.22,138.6,53.62,In-Store,Debit Card,3,0
ORD-00676,2023-04-01,2023-04-08,7,CUST-1879,Corporate,Southeast,North Carolina,Office Supplies,Organizers,Pendaflex Folders,14.68,1,5,0.73,6.35,13.95,8.14,5.81,In-Store,PayPal,5,0
ORD-00677,2023-07-08,2023-07-14,6,CUST-1246,Consumer,Southeast,Georgia,Sports & Outdoors,Cycling,Bell Helmet,48.79,1,25,12.2,7.8,36.59,32.72,3.87,Online,Apple Pay,4,0
ORD-00678,2024-06-08,2024-06-09,1,CUST-1359,Small Business,Southeast,Tennessee,Sports & Outdoors,Fitness Equipment,Resistance Band Set,25.09,3,0,0.0,6.33,75.27,15.22,29.61,In-Store,Credit Card,4,0
ORD-00679,2024-08-10,2024-08-11,1,CUST-2771,Corporate,Southwest,Utah,Clothing,Men's Apparel,Columbia Jacket,89.55,1,0,0.0,18.0,89.55,65.02,24.53,Online,Apple Pay,4,0
ORD-00680,2023-01-22,2023-01-25,3,CUST-2452,Corporate,Southeast,North Carolina,Electronics,Monitors,Dell 24-inch FHD,198.53,1,0,0.0,18.48,198.53,119.47,79.06,In-Store,Debit Card,5,0
ORD-00681,2024-08-13,2024-08-16,3,CUST-1826,Consumer,Northeast,New Jersey,Clothing,Footwear,Nike Air Max 90,135.77,1,5,6.79,0.0,128.98,75.74,53.24,Mobile App,PayPal,5,0
ORD-00682,2023-11-07,2023-11-13,6,CUST-1842,Consumer,Southwest,New Mexico,Clothing,Footwear,Nike Air Max 90,129.21,1,20,25.84,13.87,103.37,92.62,10.75,Mobile App,Credit Card,3,0
ORD-00683,2024-01-25,2024-01-29,4,CUST-1371,Consumer,Midwest,Illinois,Electronics,Smartphones,Google Pixel 7a,384.86,4,10,153.94,0.0,1385.5,269.91,305.86,In-Store,PayPal,4,0
ORD-00684,2024-06-03,2024-06-06,3,CUST-1939,Small Business,Southeast,North Carolina,Office Supplies,Desks & Chairs,Herman Miller Aeron,1289.59,1,5,64.48,0.0,1225.11,957.28,267.83,Mobile App,Apple Pay,5,0
ORD-00685,2024-12-19,2024-12-24,5,CUST-2200,Corporate,Midwest,Indiana,Sports & Outdoors,Fitness Equipment,Peloton Bike Mat,57.26,2,20,22.9,5.18,91.62,41.2,9.22,Online,Credit Card,1,1
ORD-00686,2024-01-16,2024-01-17,1,CUST-2086,Consumer,Midwest,Ohio,Sports & Outdoors,Camping Gear,Coleman Tent 4P,133.14,4,25,133.14,22.57,399.42,94.8,20.22,Mobile App,Debit Card,4,0
ORD-00687,2024-09-28,2024-10-03,5,CUST-1271,Consumer,Southeast,Florida,Home & Kitchen,Furniture,Wayfair Sofa,520.67,1,20,104.13,16.96,416.54,291.21,125.33,Online,PayPal,4,0
ORD-00688,2023-04-26,2023-04-28,2,CUST-3018,Corporate,Southwest,Nevada,Sports & Outdoors,Team Sports,Adidas Soccer Ball,25.33,1,10,2.53,23.05,22.8,15.51,7.29,Online,Gift Card,5,0
ORD-00689,2024-08-07,2024-08-09,2,CUST-3419,Corporate,Northeast,New Jersey,Office Supplies,Paper Products,HP Printer Paper 5-Ream,28.77,1,0,0.0,7.09,28.77,18.15,10.62,Online,PayPal,3,1
ORD-00690,2024-06-16,2024-06-22,6,CUST-1974,Consumer,Midwest,Michigan,Clothing,Footwear,Adidas Ultraboost,184.25,1,0,0.0,20.99,184.25,132.69,51.56,Online,Debit Card,1,1
ORD-00691,2023-06-15,2023-06-19,4,CUST-3107,Corporate,Southeast,Florida,Office Supplies,Stationery,Sharpie Marker Set,17.62,3,0,0.0,24.84,52.86,13.11,13.53,In-Store,Credit Card,4,0
ORD-00692,2023-12-12,2023-12-16,4,CUST-1455,Small Business,Southwest,Oklahoma,Home & Kitchen,Decor,Wall Art Canvas,62.13,1,0,0.0,20.63,62.13,43.66,18.47,In-Store,Debit Card,2,1
ORD-00693,2023-05-04,2023-05-11,7,CUST-1068,Small Business,Midwest,Michigan,Clothing,Footwear,Adidas Ultraboost,187.9,1,10,18.79,8.64,169.11,139.66,29.45,Mobile App,Debit Card,1,1
ORD-00694,2023-07-23,2023-07-28,5,CUST-1926,Consumer,West,Oregon,Office Supplies,Organizers,Bankers Box Set,23.86,2,5,2.39,18.86,45.33,15.67,13.99,Online,Debit Card,3,0
ORD-00695,2023-06-05,2023-06-09,4,CUST-2276,Consumer,Midwest,Wisconsin,Sports & Outdoors,Camping Gear,Yeti Cooler,247.51,1,25,61.88,13.42,185.63,155.43,30.2,In-Store,PayPal,1,0
ORD-00696,2023-08-02,2023-08-04,2,CUST-2435,Consumer,Southwest,Utah,Office Supplies,Desks & Chairs,Autonomous SmartDesk,449.13,3,0,0.0,24.52,1347.39,261.42,563.13,Online,Apple Pay,3,0
ORD-00697,2023-03-14,2023-03-17,3,CUST-3451,Consumer,Northeast,Pennsylvania,Clothing,Accessories,Ray-Ban Aviators,162.75,2,10,32.55,0.0,292.95,96.21,100.53,Mobile App,Credit Card,4,0
ORD-00698,2024-04-27,2024-04-30,3,CUST-2995,Consumer,Northeast,Connecticut,Home & Kitchen,Furniture,West Elm Desk,334.95,2,5,33.49,11.82,636.41,249.81,136.79,Mobile App,PayPal,2,0
ORD-00699,2023-10-26,2023-10-27,1,CUST-2030,Small Business,Northeast,New York,Electronics,Monitors,ASUS ProArt 27,445.04,3,0,0.0,13.64,1335.12,288.79,468.75,In-Store,PayPal,5,0
ORD-00700,2024-10-17,2024-10-20,3,CUST-2539,Corporate,Midwest,Indiana,Home & Kitchen,Cookware,Lodge Cast Iron Skillet,29.95,1,10,3.0,13.67,26.95,19.98,6.97,Online,Apple Pay,4,0
ORD-00701,2024-09-13,2024-09-20,7,CUST-1163,Corporate,Midwest,Indiana,Electronics,Monitors,LG 27-inch 4K,365.88,2,15,109.76,0.0,622.0,243.36,135.28,Online,Gift Card,3,0
ORD-00702,2023-12-22,2023-12-27,5,CUST-1116,Corporate,Southeast,Virginia,Office Supplies,Organizers,Bankers Box Set,25.31,4,15,15.19,5.5,86.05,17.86,14.61,Online,PayPal,1,1
ORD-00703,2024-04-12,2024-04-15,3,CUST-2318,Consumer,West,Oregon,Home & Kitchen,Cookware,Cuisinart Knife Set,79.56,5,0,0.0,24.81,397.8,44.52,175.2,Mobile App,Gift Card,5,0
ORD-00704,2024-02-15,2024-02-21,6,CUST-2567,Consumer,West,Washington,Sports & Outdoors,Fitness Equipment,Peloton Bike Mat,61.82,1,5,3.09,11.11,58.73,45.94,12.79,Online,Gift Card,3,0
ORD-00705,2023-07-27,2023-08-01,5,CUST-1311,Consumer,Northeast,Connecticut,Home & Kitchen,Cookware,Cuisinart Knife Set,83.66,4,15,50.2,0.0,284.44,51.41,78.8,Online,Gift Card,2,0
ORD-00706,2023-07-23,2023-07-29,6,CUST-2326,Small Business,Northeast,Massachusetts,Sports & Outdoors,Cycling,Schwinn Hybrid Bike,346.38,2,5,34.64,0.0,658.12,254.33,149.46,Mobile App,PayPal,3,1
ORD-00707,2023-08-19,2023-08-21,2,CUST-2979,Corporate,Southeast,Florida,Clothing,Activewear,Under Armour Shorts,39.97,2,0,0.0,9.9,79.94,28.64,22.66,Online,Debit Card,1,0
ORD-00708,2024-03-25,2024-03-28,3,CUST-1961,Small Business,Southeast,Tennessee,Office Supplies,Paper Products,Post-it Notes Bulk,19.79,1,5,0.99,12.73,18.8,13.16,5.64,In-Store,PayPal,4,0
ORD-00709,2023-11-24,2023-11-25,1,CUST-3269,Corporate,Northeast,New Jersey,Home & Kitchen,Appliances,Dyson V15 Vacuum,677.13,2,0,0.0,15.7,1354.26,505.88,342.5,Mobile App,PayPal,4,0
ORD-00710,2023-08-18,2023-08-22,4,CUST-1261,Consumer,Southeast,Tennessee,Electronics,Headphones,Bose QC45,267.8,1,10,26.78,0.0,241.02,200.62,40.4,In-Store,PayPal,4,0
ORD-00711,2024-11-29,2024-12-03,4,CUST-1952,Consumer,Southwest,Oklahoma,Office Supplies,Printers,Epson EcoTank,198.61,1,10,19.86,0.0,178.75,139.6,39.15,Online,Gift Card,4,0
ORD-00712,2024-08-06,2024-08-13,7,CUST-1660,Consumer,West,Arizona,Sports & Outdoors,Camping Gear,REI Sleeping Bag,186.52,5,10,93.26,0.0,839.34,138.8,145.34,Online,Credit Card,3,0
ORD-00713,2023-07-19,2023-07-25,6,CUST-2454,Consumer,Northeast,Massachusetts,Clothing,Women's Apparel,Adidas Yoga Pants,52.9,2,5,5.29,16.47,100.51,30.04,40.43,Online,Apple Pay,1,0
ORD-00714,2023-07-01,2023-07-05,4,CUST-3281,Corporate,West,Oregon,Sports & Outdoors,Fitness Equipment,Bowflex Dumbbells,344.78,1,0,0.0,0.0,344.78,234.26,110.52,Mobile App,Credit Card,5,0
ORD-00715,2023-03-02,2023-03-03,1,CUST-2414,Consumer,West,California,Clothing,Men's Apparel,Columbia Jacket,88.25,1,0,0.0,12.49,88.25,62.66,25.59,Mobile App,Gift Card,4,0
ORD-00716,2023-04-10,2023-04-14,4,CUST-1492,Consumer,West,Washington,Office Supplies,Printers,Epson EcoTank,206.91,1,5,10.35,21.28,196.56,145.75,50.81,Online,Gift Card,5,0
ORD-00717,2023-11-16,2023-11-22,6,CUST-1268,Consumer,Northeast,New Jersey,Office Supplies,Organizers,Bankers Box Set,25.25,4,5,5.05,23.75,95.95,18.92,20.27,In-Store,Apple Pay,5,0
ORD-00718,2023-12-13,2023-12-20,7,CUST-3159,Small Business,Northeast,Connecticut,Clothing,Accessories,Ray-Ban Aviators,166.73,1,20,33.35,19.14,133.38,118.74,14.64,In-Store,Credit Card,3,0
ORD-00719,2024-07-30,2024-08-03,4,CUST-2982,Consumer,Midwest,Wisconsin,Office Supplies,Stationery,Staedtler Pencil Set,9.63,2,0,0.0,17.52,19.26,6.77,5.72,Online,Credit Card,4,0
ORD-00720,2024-09-16,2024-09-18,2,CUST-2576,Corporate,Southeast,Virginia,Home & Kitchen,Furniture,West Elm Desk,335.61,3,0,0.0,16.42,1006.83,244.46,273.45,In-Store,Gift Card,1,1
ORD-00721,2023-07-12,2023-07-14,2,CUST-1833,Small Business,Southeast,Tennessee,Electronics,Headphones,Bose QC45,280.23,2,15,84.07,0.0,476.39,192.3,91.79,Online,Debit Card,5,0
ORD-00722,2024-05-22,2024-05-29,7,CUST-2646,Consumer,Northeast,Massachusetts,Electronics,Laptops,HP Pavilion x360,656.72,1,10,65.67,21.26,591.05,361.82,229.23,Online,Apple Pay,4,0
ORD-00723,2023-02-15,2023-02-21,6,CUST-2139,Consumer,Northeast,Massachusetts,Clothing,Activewear,Reebok Sports Bra,35.62,1,20,7.12,11.18,28.5,24.65,3.85,In-Store,Credit Card,3,0
ORD-00724,2023-07-14,2023-07-20,6,CUST-2050,Consumer,West,Colorado,Home & Kitchen,Storage,Container Store Bins,25.48,2,5,2.55,9.45,48.41,16.3,15.81,Online,Apple Pay,1,0
ORD-00725,2024-11-28,2024-11-29,1,CUST-2961,Consumer,West,Oregon,Office Supplies,Printers,Brother Inkjet,153.9,3,0,0.0,9.03,461.7,96.8,171.3,In-Store,Debit Card,4,0
ORD-00726,2023-04-22,2023-04-27,5,CUST-1861,Corporate,Northeast,New York,Sports & Outdoors,Camping Gear,Coleman Tent 4P,126.63,3,15,56.98,7.85,322.91,85.23,67.22,Mobile App,Gift Card,4,0
ORD-00727,2023-11-22,2023-11-23,1,CUST-2804,Corporate,Northeast,New Jersey,Home & Kitchen,Cookware,Lodge Cast Iron Skillet,30.42,1,0,0.0,10.83,30.42,19.11,11.31,Online,PayPal,4,0
ORD-00728,2023-03-13,2023-03-18,5,CUST-1157,Corporate,West,Arizona,Office Supplies,Printers,Epson EcoTank,196.34,1,5,9.82,0.0,186.52,112.36,74.16,In-Store,Debit Card,4,0
ORD-00729,2023-05-27,2023-06-01,5,CUST-2156,Consumer,Southwest,New Mexico,Electronics,Headphones,Sony WH-1000XM5,308.05,2,15,92.42,17.56,523.68,176.8,170.08,In-Store,Apple Pay,5,0
ORD-00730,2024-12-03,2024-12-06,3,CUST-2053,Consumer,Southeast,Georgia,Sports & Outdoors,Team Sports,Adidas Soccer Ball,24.88,1,25,6.22,15.72,18.66,18.26,0.4,Online,Debit Card,5,0
ORD-00731,2023-06-14,2023-06-20,6,CUST-2852,Small Business,Southeast,Florida,Sports & Outdoors,Cycling,Schwinn Hybrid Bike,363.28,1,5,18.16,7.49,345.12,261.68,83.44,Online,Apple Pay,4,0
ORD-00732,2024-03-30,2024-04-06,7,CUST-2672,Corporate,Southwest,Nevada,Home & Kitchen,Cookware,Cuisinart Knife Set,80.23,2,0,0.0,16.36,160.46,48.07,64.32,In-Store,PayPal,5,0
ORD-00733,2024-01-19,2024-01-20,1,CUST-2768,Consumer,Midwest,Ohio,Sports & Outdoors,Camping Gear,Yeti Cooler,245.0,1,10,24.5,17.46,220.5,175.56,44.94,Online,Debit Card,5,0
ORD-00734,2023-07-04,2023-07-11,7,CUST-1534,Consumer,Southwest,Texas,Clothing,Accessories,Coach Wallet,81.96,2,0,0.0,13.03,163.92,54.31,55.3,Mobile App,PayPal,3,0
ORD-00735,2024-05-13,2024-05-14,1,CUST-2259,Small Business,Southeast,Tennessee,Office Supplies,Desks & Chairs,FlexiSpot Standing Desk,361.81,1,0,0.0,11.62,361.81,265.58,96.23,Online,Debit Card,4,1
ORD-00736,2023-03-09,2023-03-11,2,CUST-2923,Corporate,Southeast,North Carolina,Office Supplies,Stationery,Sharpie Marker Set,16.66,1,0,0.0,22.6,16.66,11.84,4.82,Online,Gift Card,4,0
ORD-00737,2024-12-17,2024-12-22,5,CUST-1081,Corporate,West,Washington,Electronics,Smartphones,iPhone SE,446.34,1,0,0.0,20.33,446.34,287.69,158.65,In-Store,Apple Pay,3,0
ORD-00738,2024-05-18,2024-05-25,7,CUST-1340,Consumer,Southwest,Utah,Home & Kitchen,Cookware,Lodge Cast Iron Skillet,28.9,4,0,0.0,7.98,115.6,17.63,45.08,Mobile App,PayPal,2,1
ORD-00739,2023-12-30,2023-12-31,1,CUST-2077,Small Business,West,California,Office Supplies,Organizers,AmazonBasics File Cabinet,87.76,5,5,21.94,23.08,416.86,57.28,130.46,In-Store,Credit Card,4,0
ORD-00740,2024-04-04,2024-04-11,7,CUST-2556,Corporate,Southwest,Oklahoma,Electronics,Tablets,Amazon Fire HD 10,152.38,5,10,76.19,0.0,685.71,93.96,215.91,Mobile App,Gift Card,1,0
ORD-00741,2024-02-02,2024-02-08,6,CUST-1347,Consumer,Northeast,Pennsylvania,Sports & Outdoors,Cycling,Bell Helmet,51.41,3,15,23.13,23.85,131.1,32.46,33.72,Online,PayPal,2,1
ORD-00742,2024-11-13,2024-11-14,1,CUST-1639,Consumer,West,California,Electronics,Smartphones,Samsung Galaxy A54,334.76,1,0,0.0,6.74,334.76,222.41,112.35,Online,PayPal,5,0
ORD-00743,2024-08-19,2024-08-20,1,CUST-1204,Consumer,Midwest,Indiana,Home & Kitchen,Furniture,West Elm Desk,339.47,1,10,33.95,0.0,305.52,237.36,68.16,In-Store,Apple Pay,5,0
ORD-00744,2023-03-23,2023-03-30,7,CUST-2078,Consumer,Southeast,Tennessee,Clothing,Accessories,Ray-Ban Aviators,163.29,2,5,16.33,16.83,310.25,105.13,99.99,Online,Credit Card,1,1
ORD-00745,2023-05-28,2023-06-04,7,CUST-2027,Corporate,West,Arizona,Clothing,Men's Apparel,Columbia Jacket,93.13,3,0,0.0,12.88,279.39,65.31,83.46,In-Store,Gift Card,3,0
ORD-00746,2023-12-20,2023-12-26,6,CUST-2304,Corporate,Midwest,Michigan,Home & Kitchen,Appliances,Instant Pot Duo 7-in-1,93.61,1,5,4.68,13.59,88.93,52.62,36.31,Mobile App,Credit Card,5,0
ORD-00747,2024-08-25,2024-09-01,7,CUST-2678,Corporate,West,Oregon,Office Supplies,Desks & Chairs,FlexiSpot Standing Desk,378.12,1,15,56.72,14.98,321.4,264.09,57.31,In-Store,Debit Card,2,0
ORD-00748,2024-04-21,2024-04-23,2,CUST-1707,Consumer,West,Oregon,Sports & Outdoors,Running,Garmin Forerunner 55,205.0,1,0,0.0,0.0,205.0,129.95,75.05,Mobile App,Debit Card,3,0
ORD-00749,2023-06-04,2023-06-11,7,CUST-2782,Consumer,Midwest,Ohio,Clothing,Men's Apparel,Levi's 501 Jeans,59.01,1,0,0.0,11.06,59.01,32.71,26.3,In-Store,Apple Pay,3,0
ORD-00750,2023-06-13,2023-06-15,2,CUST-2272,Consumer,Southeast,Florida,Home & Kitchen,Furniture,IKEA Kallax Shelf,90.96,5,10,45.48,14.87,409.32,52.6,146.32,Online,PayPal,5,0
ORD-00751,2024-12-01,2024-12-02,1,CUST-2280,Consumer,Midwest,Wisconsin,Clothing,Activewear,Puma Track Pants,50.93,1,5,2.55,14.46,48.38,29.32,19.06,Online,Debit Card,5,0
ORD-00752,2024-10-11,2024-10-13,2,CUST-1079,Corporate,Southwest,Nevada,Home & Kitchen,Storage,ClosetMaid Organizer,67.85,2,0,0.0,17.64,135.7,39.04,57.62,In-Store,Debit Card,4,0
ORD-00753,2023-11-17,2023-11-21,4,CUST-1241,Corporate,Northeast,New Jersey,Office Supplies,Printers,HP LaserJet Pro,312.0,2,5,31.2,6.33,592.8,230.7,131.4,Mobile App,PayPal,4,0
ORD-00754,2024-04-30,2024-05-05,5,CUST-1493,Corporate,Northeast,New York,Home & Kitchen,Cookware,All-Clad Pan Set,244.31,1,0,0.0,17.09,244.31,150.01,94.3,Online,Debit Card,5,0
ORD-00755,2023-10-30,2023-11-02,3,CUST-1604,Corporate,West,Washington,Office Supplies,Organizers,AmazonBasics File Cabinet,91.8,1,5,4.59,9.07,87.21,66.15,21.06,Online,Apple Pay,2,0
ORD-00756,2024-04-02,2024-04-04,2,CUST-3263,Consumer,Midwest,Wisconsin,Clothing,Activewear,Puma Track Pants,48.86,3,0,0.0,14.06,146.58,29.57,57.87,In-Store,Credit Card,2,1
ORD-00757,2024-05-03,2024-05-06,3,CUST-1540,Corporate,Southeast,North Carolina,Sports & Outdoors,Team Sports,Wilson Basketball,29.68,2,10,5.94,5.68,53.42,18.26,16.9,Online,Credit Card,5,0
ORD-00758,2024-05-23,2024-05-27,4,CUST-2621,Consumer,Northeast,New York,Clothing,Women's Apparel,Adidas Yoga Pants,53.53,2,20,21.41,11.75,85.65,37.52,10.61,Online,Apple Pay,4,0
ORD-00759,2024-12-12,2024-12-18,6,CUST-1625,Consumer,West,Washington,Sports & Outdoors,Camping Gear,Coleman Tent 4P,126.45,3,15,56.9,5.47,322.45,70.98,109.51,Mobile App,Credit Card,1,1
ORD-00760,2023-05-21,2023-05-23,2,CUST-1330,Consumer,Midwest,Michigan,Sports & Outdoors,Running,Brooks Ghost 15,133.32,2,0,0.0,6.35,266.64,92.38,81.88,In-Store,Gift Card,4,0
ORD-00761,2024-08-18,2024-08-22,4,CUST-2066,Consumer,Southwest,Utah,Clothing,Accessories,Ray-Ban Aviators,162.03,1,0,0.0,12.48,162.03,109.3,52.73,Online,Gift Card,3,0
ORD-00762,2024-02-07,2024-02-14,7,CUST-1877,Small Business,Northeast,Pennsylvania,Sports & Outdoors,Fitness Equipment,Peloton Bike Mat,60.06,2,10,12.01,5.82,108.11,37.91,32.29,Online,Debit Card,2,0
ORD-00763,2024-08-30,2024-09-01,2,CUST-2340,Small Business,West,Oregon,Sports & Outdoors,Fitness Equipment,Resistance Band Set,25.95,2,10,5.19,11.19,46.71,15.58,15.55,Mobile App,Debit Card,5,0
ORD-00764,2024-04-13,2024-04-14,1,CUST-2242,Corporate,Southwest,Utah,Clothing,Accessories,Fossil Watch,136.32,2,0,0.0,17.32,272.64,98.35,75.94,Mobile App,Credit Card,5,0
ORD-00765,2024-03-31,2024-04-06,6,CUST-1838,Corporate,Southeast,Tennessee,Clothing,Men's Apparel,Levi's 501 Jeans,62.82,1,10,6.28,10.59,56.54,43.87,12.67,Online,Credit Card,2,0
ORD-00766,2023-05-04,2023-05-05,1,CUST-2545,Consumer,Southwest,Texas,Sports & Outdoors,Camping Gear,Coleman Tent 4P,129.41,1,10,12.94,10.45,116.47,94.12,22.35,In-Store,Debit Card,4,0
ORD-00767,2023-01-31,2023-02-03,3,CUST-1961,Consumer,Northeast,Connecticut,Sports & Outdoors,Running,Brooks Ghost 15,133.61,5,10,66.81,10.61,601.24,75.17,225.39,In-Store,PayPal,1,0
ORD-00768,2024-12-07,2024-12-10,3,CUST-2520,Consumer,Northeast,New York,Office Supplies,Stationery,Staedtler Pencil Set,9.72,5,5,2.43,0.0,46.17,7.0,11.17,Online,Apple Pay,4,0
ORD-00769,2024-07-18,2024-07-24,6,CUST-1354,Consumer,Midwest,Michigan,Home & Kitchen,Decor,Pottery Barn Throw Pillow,52.41,2,5,5.24,0.0,99.58,36.87,25.84,Mobile App,Gift Card,3,1
ORD-00770,2024-09-08,2024-09-13,5,CUST-1653,Small Business,Northeast,New Jersey,Home & Kitchen,Cookware,All-Clad Pan Set,259.03,1,15,38.85,0.0,220.18,150.98,69.2,Mobile App,Debit Card,3,0
ORD-00771,2024-08-10,2024-08-15,5,CUST-3003,Consumer,Northeast,New Jersey,Sports & Outdoors,Fitness Equipment,Peloton Bike Mat,60.25,4,25,60.25,10.08,180.75,39.4,23.15,In-Store,Debit Card,3,0
ORD-00772,2023-04-30,2023-05-02,2,CUST-3066,Consumer,Southeast,North Carolina,Office Supplies,Stationery,Staedtler Pencil Set,10.07,2,5,1.01,24.75,19.13,7.05,5.03,In-Store,Debit Card,4,0
ORD-00773,2023-04-21,2023-04-24,3,CUST-2464,Consumer,Southeast,Florida,Home & Kitchen,Appliances,Keurig K-Slim,111.51,1,0,0.0,5.31,111.51,82.55,28.96,Online,Credit Card,2,0
ORD-00774,2024-11-08,2024-11-12,4,CUST-2571,Consumer,West,Oregon,Home & Kitchen,Decor,Yankee Candle Set,35.3,1,5,1.76,5.83,33.54,22.79,10.75,Mobile App,PayPal,1,1
ORD-00775,2024-07-05,2024-07-06,1,CUST-1385,Corporate,West,Colorado,Office Supplies,Organizers,AmazonBasics File Cabinet,94.44,4,10,37.78,20.17,339.98,59.12,103.5,In-Store,Credit Card,4,0
ORD-00776,2024-04-10,2024-04-11,1,CUST-3056,Corporate,Southeast,North Carolina,Clothing,Activewear,Puma Track Pants,51.38,1,0,0.0,13.2,51.38,37.04,14.34,In-Store,Credit Card,5,0
ORD-00777,2023-07-05,2023-07-12,7,CUST-1314,Consumer,Southeast,Tennessee,Sports & Outdoors,Team Sports,Rawlings Baseball Glove,48.08,2,0,0.0,14.02,96.16,31.41,33.34,Online,PayPal,3,0
ORD-00778,2023-07-23,2023-07-29,6,CUST-1475,Consumer,Southeast,Georgia,Electronics,Headphones,Bose QC45,287.62,3,20,172.57,11.79,690.29,160.71,208.16,In-Store,Apple Pay,4,0
ORD-00779,2023-04-14,2023-04-20,6,CUST-1266,Consumer,Northeast,New Jersey,Office Supplies,Organizers,Bankers Box Set,25.49,1,5,1.27,18.87,24.22,14.12,10.1,In-Store,Credit Card,2,0
ORD-00780,2023-03-31,2023-04-06,6,CUST-1759,Corporate,Northeast,Pennsylvania,Sports & Outdoors,Running,Nathan Hydration Vest,72.62,4,20,58.1,16.4,232.38,41.7,65.58,Online,Gift Card,2,0
ORD-00781,2024-08-19,2024-08-26,7,CUST-1561,Corporate,Southeast,Tennessee,Electronics,Smartphones,Samsung Galaxy A54,357.04,1,0,0.0,0.0,357.04,197.17,159.87,Online,PayPal,3,0
ORD-00782,2023-11-24,2023-11-26,2,CUST-3102,Small Business,West,Washington,Clothing,Accessories,Fossil Watch,128.53,1,0,0.0,21.07,128.53,86.97,41.56,In-Store,Debit Card,5,0
ORD-00783,2023-03-16,2023-03-18,2,CUST-1920,Small Business,Midwest,Ohio,Sports & Outdoors,Cycling,Schwinn Hybrid Bike,358.82,3,5,53.82,12.88,1022.64,200.43,421.35,In-Store,Apple Pay,4,0
ORD-00784,2023-05-11,2023-05-12,1,CUST-2136,Corporate,Southeast,Tennessee,Sports & Outdoors,Camping Gear,Coleman Tent 4P,133.54,2,0,0.0,0.0,267.08,85.0,97.08,In-Store,Debit Card,5,0
ORD-00785,2024-02-07,2024-02-13,6,CUST-1562,Corporate,Southeast,North Carolina,Home & Kitchen,Storage,Sterilite Cart,41.78,1,0,0.0,22.41,41.78,27.25,14.53,In-Store,Gift Card,3,0
ORD-00786,2024-04-25,2024-04-27,2,CUST-2254,Small Business,Southeast,Virginia,Home & Kitchen,Storage,Sterilite Cart,40.51,2,0,0.0,16.88,81.02,29.85,21.32,Online,Debit Card,4,0
ORD-00787,2023-07-16,2023-07-22,6,CUST-1837,Corporate,West,Arizona,Sports & Outdoors,Cycling,Bell Helmet,48.43,2,10,9.69,21.03,87.17,32.57,22.03,Online,PayPal,4,0
ORD-00788,2024-04-18,2024-04-21,3,CUST-2398,Consumer,Midwest,Ohio,Electronics,Tablets,Amazon Fire HD 10,151.99,1,10,15.2,21.18,136.79,93.85,42.94,Online,PayPal,5,0
ORD-00789,2023-05-30,2023-06-03,4,CUST-2088,Corporate,Northeast,New York,Home & Kitchen,Furniture,Wayfair Sofa,475.15,3,25,356.36,23.55,1069.09,279.29,231.22,Mobile App,PayPal,4,0
ORD-00790,2023-02-22,2023-02-23,1,CUST-1392,Consumer,Southwest,Nevada,Office Supplies,Desks & Chairs,Herman Miller Aeron,1253.15,1,0,0.0,24.87,1253.15,720.04,533.11,Mobile App,Gift Card,4,0
ORD-00791,2024-12-04,2024-12-09,5,CUST-3267,Small Business,Northeast,Massachusetts,Electronics,Laptops,Dell Inspiron 15,537.73,1,10,53.77,17.36,483.96,341.98,141.98,Mobile App,PayPal,4,0
ORD-00792,2024-08-21,2024-08-28,7,CUST-1710,Consumer,Southeast,Georgia,Clothing,Accessories,Ray-Ban Aviators,154.56,2,0,0.0,24.47,309.12,102.67,103.78,In-Store,Apple Pay,2,0
ORD-00793,2023-08-14,2023-08-15,1,CUST-2557,Consumer,Northeast,New York,Clothing,Footwear,Adidas Ultraboost,177.95,2,10,35.59,0.0,320.31,105.47,109.37,Online,Debit Card,5,0
ORD-00794,2023-01-24,2023-01-29,5,CUST-2546,Consumer,Midwest,Michigan,Clothing,Accessories,Fossil Watch,127.68,3,5,19.15,21.75,363.89,82.97,114.98,Online,Credit Card,3,0
ORD-00795,2023-06-22,2023-06-23,1,CUST-2592,Corporate,West,Washington,Clothing,Footwear,Adidas Ultraboost,176.22,1,0,0.0,14.38,176.22,105.06,71.16,In-Store,Credit Card,4,0
ORD-00796,2024-08-08,2024-08-11,3,CUST-1801,Consumer,Southeast,Virginia,Electronics,Headphones,AirPods Pro 2,239.73,2,20,95.89,12.32,383.57,144.07,95.43,In-Store,Gift Card,4,0
ORD-00797,2023-02-07,2023-02-10,3,CUST-1938,Consumer,Southwest,Oklahoma,Electronics,Smartphones,Samsung Galaxy A54,354.03,2,0,0.0,15.5,708.06,233.86,240.34,In-Store,Apple Pay,3,0
ORD-00798,2024-02-24,2024-02-27,3,CUST-1800,Small Business,Southeast,Tennessee,Electronics,Smartphones,Samsung Galaxy A54,359.9,2,10,71.98,19.81,647.82,260.7,126.42,In-Store,Debit Card,3,0
ORD-00799,2024-09-09,2024-09-11,2,CUST-1084,Consumer,West,California,Electronics,Tablets,iPad 10th Gen,452.39,2,15,135.72,15.66,769.06,282.19,204.68,Online,Debit Card,5,0
ORD-00800,2024-05-27,2024-05-30,3,CUST-3482,Consumer,Midwest,Illinois,Sports & Outdoors,Camping Gear,Coleman Tent 4P,125.21,1,0,0.0,16.47,125.21,90.44,34.77,In-Store,Credit Card,4,0
ORD-00801,2023-02-13,2023-02-18,5,CUST-2659,Corporate,Northeast,Connecticut,Clothing,Men's Apparel,Nike Dri-FIT Tee,35.61,1,15,5.34,13.07,30.27,22.4,7.87,In-Store,Gift Card,2,1
ORD-00802,2023-09-15,2023-09-19,4,CUST-1065,Consumer,Midwest,Indiana,Clothing,Activewear,Puma Track Pants,47.86,1,0,0.0,7.3,47.86,35.84,12.02,Online,Credit Card,3,0
ORD-00803,2023-08-09,2023-08-12,3,CUST-1534,Consumer,Southeast,Georgia,Sports & Outdoors,Team Sports,Rawlings Baseball Glove,49.47,1,15,7.42,23.06,42.05,28.62,13.43,In-Store,Apple Pay,3,0
ORD-00804,2024-03-01,2024-03-04,3,CUST-2963,Consumer,Southwest,New Mexico,Clothing,Men's Apparel,Nike Dri-FIT Tee,36.42,1,5,1.82,6.55,34.6,26.49,8.11,Online,Apple Pay,1,1
ORD-00805,2023-03-11,2023-03-16,5,CUST-2885,Corporate,Southeast,Georgia,Home & Kitchen,Storage,Container Store Bins,25.6,1,0,0.0,0.0,25.6,16.96,8.64,Online,Credit Card,3,0
ORD-00806,2023-12-22,2023-12-28,6,CUST-2801,Consumer,Southeast,Florida,Office Supplies,Organizers,Bankers Box Set,24.82,4,15,14.89,15.95,84.39,16.2,19.59,In-Store,Debit Card,5,0
ORD-00807,2024-10-12,2024-10-17,5,CUST-1862,Corporate,Northeast,New Jersey,Clothing,Men's Apparel,Columbia Jacket,85.87,1,5,4.29,8.88,81.58,52.43,29.15,Online,Debit Card,3,0
ORD-00808,2023-01-01,2023-01-02,1,CUST-2920,Corporate,Southwest,New Mexico,Electronics,Tablets,Amazon Fire HD 10,149.51,1,0,0.0,14.86,149.51,111.57,37.94,In-Store,PayPal,4,1
ORD-00809,2023-09-22,2023-09-24,2,CUST-2231,Consumer,Midwest,Wisconsin,Home & Kitchen,Cookware,All-Clad Pan Set,255.4,1,10,25.54,16.87,229.86,167.03,62.83,Online,Apple Pay,4,0
ORD-00810,2024-05-25,2024-05-27,2,CUST-2690,Consumer,Southwest,Nevada,Electronics,Monitors,Dell 24-inch FHD,206.47,3,0,0.0,9.37,619.41,136.48,209.97,In-Store,Credit Card,4,0
ORD-00811,2024-02-14,2024-02-18,4,CUST-2517,Consumer,Southeast,North Carolina,Home & Kitchen,Furniture,IKEA Kallax Shelf,93.85,1,5,4.69,22.78,89.16,52.86,36.3,Online,Apple Pay,4,0
ORD-00812,2023-05-02,2023-05-07,5,CUST-1614,Consumer,Southeast,Virginia,Sports & Outdoors,Running,Nathan Hydration Vest,68.14,1,5,3.41,11.71,64.73,40.79,23.94,Online,Credit Card,1,0
ORD-00813,2024-07-07,2024-07-13,6,CUST-3387,Corporate,Southeast,Florida,Clothing,Men's Apparel,Levi's 501 Jeans,58.74,1,0,0.0,23.35,58.74,42.22,16.52,Online,Credit Card,2,0
ORD-00814,2023-03-26,2023-03-27,1,CUST-1644,Consumer,Southwest,Utah,Electronics,Smartphones,Samsung Galaxy A54,349.65,4,15,209.79,21.73,1188.81,211.0,344.81,Mobile App,Credit Card,5,0
ORD-00815,2024-10-20,2024-10-24,4,CUST-2712,Consumer,West,Arizona,Electronics,Headphones,Bose QC45,277.01,1,0,0.0,14.44,277.01,171.12,105.89,Online,PayPal,4,0
ORD-00816,2023-08-29,2023-09-02,4,CUST-3372,Corporate,West,Oregon,Home & Kitchen,Appliances,Instant Pot Duo 7-in-1,85.82,1,10,8.58,7.94,77.24,48.21,29.03,Online,PayPal,5,0
ORD-00817,2023-09-02,2023-09-08,6,CUST-2032,Consumer,West,Colorado,Sports & Outdoors,Fitness Equipment,Resistance Band Set,25.56,2,10,5.11,22.9,46.01,15.6,14.81,Online,Debit Card,2,0
ORD-00818,2024-02-03,2024-02-10,7,CUST-2026,Corporate,Northeast,Connecticut,Sports & Outdoors,Running,Nathan Hydration Vest,72.2,3,5,10.83,18.16,205.77,50.47,54.36,In-Store,Credit Card,4,0
ORD-00819,2024-03-01,2024-03-08,7,CUST-1011,Consumer,Northeast,Pennsylvania,Clothing,Men's Apparel,Levi's 501 Jeans,62.73,1,10,6.27,13.35,56.46,45.88,10.58,Online,PayPal,4,0
ORD-00820,2023-04-18,2023-04-23,5,CUST-1161,Corporate,Southeast,Tennessee,Clothing,Women's Apparel,Adidas Yoga Pants,56.29,1,10,5.63,22.78,50.66,36.64,14.02,In-Store,Apple Pay,4,0
ORD-00821,2024-04-10,2024-04-11,1,CUST-1945,Small Business,Southwest,Utah,Office Supplies,Printers,Epson EcoTank,195.68,5,5,48.92,24.29,929.48,108.33,387.83,In-Store,Apple Pay,5,0
ORD-00822,2023-11-19,2023-11-26,7,CUST-3192,Consumer,Northeast,Pennsylvania,Home & Kitchen,Furniture,IKEA Kallax Shelf,89.04,2,10,17.81,9.43,160.27,49.05,62.17,Online,Apple Pay,1,0
ORD-00823,2024-07-13,2024-07-20,7,CUST-1820,Small Business,Southwest,Texas,Office Supplies,Printers,Epson EcoTank,201.59,2,5,20.16,20.58,383.02,132.41,118.2,Online,Gift Card,4,0
ORD-00824,2023-01-15,2023-01-19,4,CUST-2182,Consumer,West,California,Home & Kitchen,Appliances,Keurig K-Slim,112.73,1,0,0.0,18.43,112.73,67.82,44.91,Online,Debit Card,3,0
ORD-00825,2023-11-13,2023-11-15,2,CUST-3189,Consumer,West,California,Electronics,Smartphones,Samsung Galaxy A54,340.87,3,0,0.0,23.88,1022.61,240.56,300.93,Online,Credit Card,4,0
ORD-00826,2024-04-21,2024-04-22,1,CUST-2401,Corporate,Midwest,Indiana,Office Supplies,Printers,HP LaserJet Pro,290.28,1,0,0.0,10.0,290.28,206.48,83.8,Mobile App,Credit Card,5,0
ORD-00827,2023-06-14,2023-06-19,5,CUST-3401,Consumer,Midwest,Wisconsin,Clothing,Accessories,Coach Wallet,79.1,1,0,0.0,0.0,79.1,55.48,23.62,Mobile App,Debit Card,2,1
ORD-00828,2024-12-15,2024-12-18,3,CUST-1030,Corporate,Southwest,New Mexico,Sports & Outdoors,Team Sports,Adidas Soccer Ball,24.24,1,10,2.42,5.06,21.82,13.54,8.28,Online,PayPal,4,0
ORD-00829,2023-11-19,2023-11-20,1,CUST-2743,Consumer,Northeast,New York,Office Supplies,Organizers,Pendaflex Folders,14.95,3,10,4.48,20.22,40.37,9.88,10.73,In-Store,PayPal,4,0
ORD-00830,2023-10-28,2023-11-01,4,CUST-1093,Small Business,Northeast,New York,Electronics,Tablets,Amazon Fire HD 10,146.36,5,0,0.0,11.79,731.8,91.61,273.75,Mobile App,PayPal,2,0
ORD-00831,2023-01-27,2023-01-30,3,CUST-1322,Consumer,Southwest,Oklahoma,Clothing,Men's Apparel,Levi's 501 Jeans,62.1,4,10,24.84,0.0,223.56,38.66,68.92,Mobile App,Credit Card,3,0
ORD-00832,2023-08-26,2023-08-29,3,CUST-1380,Consumer,Northeast,Pennsylvania,Office Supplies,Organizers,Bankers Box Set,25.18,3,5,3.78,16.04,71.76,17.33,19.77,Online,Credit Card,3,0
ORD-00833,2024-11-04,2024-11-06,2,CUST-3330,Corporate,West,Washington,Electronics,Laptops,Lenovo ThinkPad E15,715.68,1,20,143.14,7.13,572.54,509.49,63.05,In-Store,Debit Card,3,0
ORD-00834,2024-12-18,2024-12-19,1,CUST-1768,Small Business,Midwest,Illinois,Sports & Outdoors,Camping Gear,REI Sleeping Bag,188.22,2,0,0.0,24.78,376.44,136.04,104.36,In-Store,Gift Card,5,0
ORD-00835,2024-05-19,2024-05-24,5,CUST-3479,Consumer,Midwest,Illinois,Sports & Outdoors,Camping Gear,REI Sleeping Bag,180.49,2,0,0.0,16.81,360.98,111.7,137.58,Online,Credit Card,4,0
ORD-00836,2024-05-24,2024-05-26,2,CUST-2616,Consumer,Northeast,New York,Sports & Outdoors,Team Sports,Wilson Basketball,30.22,2,10,6.04,24.33,54.4,21.54,11.32,Online,Debit Card,5,0
ORD-00837,2023-05-17,2023-05-19,2,CUST-2683,Consumer,Southwest,Oklahoma,Electronics,Monitors,LG 27-inch 4K,361.54,2,10,72.31,0.0,650.77,199.84,251.09,Online,Credit Card,5,0
ORD-00838,2024-01-23,2024-01-27,4,CUST-1244,Consumer,Midwest,Michigan,Sports & Outdoors,Camping Gear,REI Sleeping Bag,174.37,1,5,8.72,9.85,165.65,119.12,46.53,Mobile App,PayPal,1,0
ORD-00839,2024-04-14,2024-04-19,5,CUST-2128,Consumer,Midwest,Ohio,Sports & Outdoors,Fitness Equipment,Peloton Bike Mat,59.55,1,0,0.0,15.58,59.55,32.92,26.63,In-Store,Debit Card,3,0
ORD-00840,2024-05-03,2024-05-08,5,CUST-1404,Small Business,Southwest,Oklahoma,Clothing,Accessories,Ray-Ban Aviators,164.49,1,0,0.0,24.72,164.49,111.7,52.79,In-Store,Credit Card,2,0
ORD-00841,2023-10-06,2023-10-12,6,CUST-1749,Small Business,West,Arizona,Home & Kitchen,Decor,Pottery Barn Throw Pillow,48.03,1,25,12.01,9.88,36.02,35.05,0.97,Mobile App,Gift Card,4,0
ORD-00842,2024-10-04,2024-10-06,2,CUST-3401,Corporate,Southeast,Tennessee,Electronics,Smartphones,Samsung Galaxy A54,351.88,1,10,35.19,0.0,316.69,233.5,83.19,Online,Apple Pay,4,0
ORD-00843,2023-07-24,2023-07-27,3,CUST-3303,Corporate,Midwest,Wisconsin,Office Supplies,Organizers,AmazonBasics File Cabinet,87.26,1,5,4.36,0.0,82.9,52.27,30.63,Online,Gift Card,3,0
ORD-00844,2023-01-17,2023-01-22,5,CUST-3406,Consumer,West,California,Office Supplies,Paper Products,HP Printer Paper 5-Ream,29.89,1,0,0.0,7.04,29.89,19.64,10.25,Online,Debit Card,2,0
ORD-00845,2024-02-23,2024-02-29,6,CUST-1684,Corporate,Northeast,Pennsylvania,Office Supplies,Stationery,Pilot G2 Pen Pack,13.14,1,20,2.63,16.96,10.51,7.47,3.04,In-Store,Credit Card,3,0
ORD-00846,2024-11-04,2024-11-10,6,CUST-1399,Consumer,West,Colorado,Clothing,Accessories,Fossil Watch,126.47,1,5,6.32,0.0,120.15,84.12,36.03,Online,Apple Pay,3,0
ORD-00847,2024-10-04,2024-10-05,1,CUST-1836,Consumer,Midwest,Michigan,Clothing,Women's Apparel,Adidas Yoga Pants,53.23,1,0,0.0,10.89,53.23,38.08,15.15,In-Store,Debit Card,1,1
ORD-00848,2024-01-11,2024-01-17,6,CUST-1629,Consumer,Midwest,Michigan,Sports & Outdoors,Camping Gear,REI Sleeping Bag,179.52,1,20,35.9,15.65,143.62,99.01,44.61,Mobile App,Credit Card,4,0
ORD-00849,2024-03-01,2024-03-06,5,CUST-3323,Small Business,Northeast,New Jersey,Clothing,Footwear,New Balance 574,91.58,2,10,18.32,22.97,164.84,67.77,29.3,Mobile App,Debit Card,4,0
ORD-00850,2023-08-09,2023-08-13,4,CUST-1472,Corporate,Southwest,Nevada,Clothing,Activewear,Puma Track Pants,48.56,1,0,0.0,5.39,48.56,33.83,14.73,Online,Apple Pay,5,0
ORD-00851,2024-12-12,2024-12-14,2,CUST-3485,Consumer,Northeast,Massachusetts,Electronics,Monitors,Dell 24-inch FHD,204.24,1,10,20.42,0.0,183.82,145.69,38.13,In-Store,Debit Card,4,0
ORD-00852,2024-07-10,2024-07-12,2,CUST-1366,Consumer,Southwest,New Mexico,Office Supplies,Organizers,Bankers Box Set,24.39,1,5,1.22,0.0,23.17,15.03,8.14,Online,Debit Card,2,1
ORD-00853,2024-06-14,2024-06-17,3,CUST-1124,Corporate,Northeast,Connecticut,Electronics,Headphones,Bose QC45,287.27,2,0,0.0,24.85,574.54,184.48,205.58,Online,Credit Card,5,0
ORD-00854,2023-03-27,2023-04-03,7,CUST-2281,Small Business,Southeast,Tennessee,Electronics,Laptops,Lenovo ThinkPad E15,719.86,1,25,179.97,12.42,539.89,508.75,31.14,In-Store,Credit Card,4,1
ORD-00855,2024-01-24,2024-01-29,5,CUST-1173,Consumer,Midwest,Wisconsin,Home & Kitchen,Cookware,Cuisinart Knife Set,77.17,1,5,3.86,10.73,73.31,52.76,20.55,Mobile App,Debit Card,4,0
ORD-00856,2023-11-18,2023-11-21,3,CUST-1965,Consumer,Northeast,Connecticut,Sports & Outdoors,Fitness Equipment,Bowflex Dumbbells,341.64,2,0,0.0,11.82,683.28,204.68,273.92,In-Store,Debit Card,4,0
ORD-00857,2024-02-27,2024-03-03,5,CUST-3466,Corporate,Northeast,Pennsylvania,Office Supplies,Paper Products,Post-it Notes Bulk,19.61,1,0,0.0,19.58,19.61,11.45,8.16,In-Store,Credit Card,3,0
ORD-00858,2024-09-20,2024-09-21,1,CUST-3165,Consumer,Midwest,Wisconsin,Home & Kitchen,Furniture,West Elm Desk,362.46,3,25,271.84,0.0,815.54,237.47,103.13,Online,Credit Card,5,0
ORD-00859,2023-05-08,2023-05-10,2,CUST-2096,Consumer,Southwest,Utah,Electronics,Tablets,Amazon Fire HD 10,152.15,2,25,76.08,22.6,228.22,100.34,27.54,In-Store,Debit Card,5,0
ORD-00860,2023-09-06,2023-09-09,3,CUST-3164,Consumer,Northeast,New York,Clothing,Accessories,Coach Wallet,80.16,2,10,16.03,11.14,144.29,54.43,35.43,Online,Apple Pay,5,0
ORD-00861,2024-03-17,2024-03-24,7,CUST-2511,Consumer,Northeast,Pennsylvania,Home & Kitchen,Furniture,Wayfair Sofa,489.57,3,15,220.31,12.08,1248.4,365.44,152.08,Online,Credit Card,2,1
ORD-00862,2023-12-15,2023-12-20,5,CUST-3277,Consumer,Northeast,New Jersey,Electronics,Laptops,HP Pavilion x360,616.12,1,5,30.81,21.28,585.31,374.67,210.64,Mobile App,Debit Card,4,0
ORD-00863,2024-12-15,2024-12-22,7,CUST-2454,Consumer,Northeast,Pennsylvania,Home & Kitchen,Appliances,Keurig K-Slim,111.9,2,10,22.38,17.77,201.42,69.15,63.12,Online,Debit Card,2,1
ORD-00864,2023-07-18,2023-07-24,6,CUST-1813,Corporate,West,Oregon,Office Supplies,Printers,Epson EcoTank,206.12,1,10,20.61,0.0,185.51,146.59,38.92,In-Store,Credit Card,3,0
ORD-00865,2023-09-04,2023-09-05,1,CUST-2594,Corporate,Midwest,Ohio,Sports & Outdoors,Camping Gear,Coleman Tent 4P,126.42,1,0,0.0,19.46,126.42,91.84,34.58,Mobile App,Gift Card,4,1
ORD-00866,2023-04-08,2023-04-09,1,CUST-3446,Consumer,Southeast,Tennessee,Sports & Outdoors,Team Sports,Rawlings Baseball Glove,47.54,3,20,28.52,24.94,114.1,27.9,30.4,In-Store,Apple Pay,4,0
ORD-00867,2024-06-20,2024-06-24,4,CUST-2416,Small Business,Southwest,New Mexico,Sports & Outdoors,Cycling,Bell Helmet,51.14,2,5,5.11,24.2,97.17,36.55,24.07,Mobile App,Debit Card,3,0
ORD-00868,2023-05-18,2023-05-21,3,CUST-1570,Consumer,Southwest,Texas,Home & Kitchen,Storage,Container Store Bins,25.34,3,20,15.2,0.0,60.82,16.85,10.27,Online,Apple Pay,3,0
ORD-00869,2024-02-22,2024-02-23,1,CUST-1175,Small Business,Northeast,New Jersey,Clothing,Activewear,Reebok Sports Bra,34.82,2,0,0.0,6.83,69.64,21.49,26.66,In-Store,PayPal,2,0
ORD-00870,2024-01-11,2024-01-17,6,CUST-1226,Corporate,Midwest,Michigan,Clothing,Accessories,Fossil Watch,133.16,1,25,33.29,0.0,99.87,87.07,12.8,Online,Credit Card,5,0
ORD-00871,2024-06-16,2024-06-22,6,CUST-2760,Small Business,Southwest,Oklahoma,Sports & Outdoors,Running,Nathan Hydration Vest,66.68,1,20,13.34,11.4,53.34,38.73,14.61,Online,Debit Card,2,0
ORD-00872,2024-06-05,2024-06-07,2,CUST-1991,Small Business,Midwest,Indiana,Office Supplies,Desks & Chairs,Herman Miller Aeron,1334.19,2,5,133.42,0.0,2534.96,905.69,723.58,Mobile App,PayPal,4,0
ORD-00873,2023-11-08,2023-11-09,1,CUST-2517,Corporate,Northeast,Massachusetts,Sports & Outdoors,Camping Gear,Yeti Cooler,254.17,1,5,12.71,7.72,241.46,167.77,73.69,Online,Gift Card,4,0
ORD-00874,2024-04-07,2024-04-08,1,CUST-3448,Consumer,West,California,Office Supplies,Desks & Chairs,FlexiSpot Standing Desk,387.88,1,10,38.79,8.63,349.09,275.65,73.44,In-Store,PayPal,5,0
ORD-00875,2024-12-24,2024-12-30,6,CUST-2499,Small Business,Southwest,Nevada,Office Supplies,Organizers,AmazonBasics File Cabinet,92.96,3,10,27.89,19.91,250.99,63.06,61.81,In-Store,Apple Pay,1,0
ORD-00876,2024-08-16,2024-08-23,7,CUST-1913,Consumer,Southeast,Tennessee,Clothing,Women's Apparel,Lululemon Tank,69.85,2,0,0.0,20.84,139.7,50.81,38.08,Online,Debit Card,1,1
ORD-00877,2023-10-29,2023-11-04,6,CUST-1884,Corporate,West,Colorado,Sports & Outdoors,Team Sports,Rawlings Baseball Glove,50.6,5,0,0.0,8.09,253.0,28.06,112.7,Online,Credit Card,3,0
ORD-00878,2023-11-13,2023-11-19,6,CUST-2669,Corporate,Southwest,New Mexico,Office Supplies,Organizers,Bankers Box Set,26.01,1,10,2.6,15.39,23.41,17.69,5.72,Mobile App,PayPal,4,0
ORD-00879,2024-11-10,2024-11-12,2,CUST-2666,Consumer,Northeast,Massachusetts,Office Supplies,Stationery,Sharpie Marker Set,17.47,1,15,2.62,15.88,14.85,11.03,3.82,Online,Gift Card,4,0
ORD-00880,2024-10-07,2024-10-10,3,CUST-2093,Small Business,Northeast,New Jersey,Electronics,Monitors,Dell 24-inch FHD,206.6,3,0,0.0,21.13,619.8,150.09,169.53,In-Store,Credit Card,3,0
ORD-00881,2024-02-13,2024-02-14,1,CUST-2594,Small Business,Midwest,Ohio,Office Supplies,Printers,Epson EcoTank,207.08,1,20,41.42,20.04,165.66,148.37,17.29,Online,Apple Pay,5,0
ORD-00882,2023-03-06,2023-03-07,1,CUST-2200,Consumer,Southwest,Texas,Sports & Outdoors,Team Sports,Wilson Basketball,30.93,1,10,3.09,22.08,27.84,19.08,8.76,Mobile App,Credit Card,5,0
ORD-00883,2024-10-06,2024-10-12,6,CUST-3028,Corporate,Midwest,Michigan,Electronics,Headphones,AirPods Pro 2,250.54,3,15,112.74,17.83,638.88,181.48,94.44,Online,Debit Card,3,0
ORD-00884,2024-03-27,2024-04-01,5,CUST-2942,Consumer,Southeast,North Carolina,Sports & Outdoors,Camping Gear,Coleman Tent 4P,125.31,2,5,12.53,18.42,238.09,79.03,80.03,Online,Credit Card,4,0
ORD-00885,2024-01-29,2024-01-31,2,CUST-2286,Consumer,Southwest,New Mexico,Office Supplies,Organizers,Bankers Box Set,24.73,3,0,0.0,6.33,74.19,16.19,25.62,Online,Credit Card,5,1
ORD-00886,2024-01-02,2024-01-04,2,CUST-1974,Consumer,West,Washington,Clothing,Footwear,Adidas Ultraboost,172.42,1,5,8.62,22.97,163.8,95.2,68.6,In-Store,Debit Card,1,0
ORD-00887,2024-06-09,2024-06-14,5,CUST-3370,Consumer,Southwest,Oklahoma,Clothing,Accessories,Fossil Watch,128.38,2,25,64.19,22.82,192.57,75.5,41.57,Online,Credit Card,4,0
ORD-00888,2023-11-27,2023-12-01,4,CUST-3046,Consumer,West,Oregon,Office Supplies,Desks & Chairs,Autonomous SmartDesk,429.87,1,0,0.0,21.63,429.87,275.27,154.6,In-Store,Debit Card,5,0
ORD-00889,2024-11-14,2024-11-17,3,CUST-3012,Small Business,Southwest,Texas,Electronics,Smartphones,Google Pixel 7a,412.82,1,5,20.64,17.56,392.18,271.33,120.85,In-Store,Debit Card,4,0
ORD-00890,2024-12-04,2024-12-06,2,CUST-3230,Consumer,Northeast,Connecticut,Clothing,Activewear,Under Armour Shorts,38.7,3,15,17.42,5.57,98.68,26.56,19.0,In-Store,Credit Card,5,0
ORD-00891,2024-10-13,2024-10-20,7,CUST-1700,Consumer,Southeast,Florida,Sports & Outdoors,Running,Nathan Hydration Vest,69.97,1,15,10.5,21.14,59.47,51.08,8.39,Mobile App,Credit Card,2,0
ORD-00892,2023-07-04,2023-07-05,1,CUST-1713,Consumer,Northeast,Pennsylvania,Home & Kitchen,Appliances,Instant Pot Duo 7-in-1,91.43,5,10,45.72,24.77,411.43,50.56,158.63,In-Store,Debit Card,5,0
ORD-00893,2023-03-16,2023-03-18,2,CUST-1648,Corporate,Southwest,New Mexico,Home & Kitchen,Storage,ClosetMaid Organizer,73.17,5,15,54.88,18.63,310.97,48.4,68.97,Online,PayPal,5,0
ORD-00894,2023-05-10,2023-05-13,3,CUST-3497,Consumer,Southwest,Texas,Home & Kitchen,Furniture,West Elm Desk,361.95,2,0,0.0,19.33,723.9,230.43,263.04,In-Store,Debit Card,3,0
ORD-00895,2024-06-08,2024-06-12,4,CUST-2599,Small Business,Midwest,Illinois,Electronics,Tablets,Samsung Galaxy Tab S6,328.6,1,5,16.43,18.9,312.17,233.98,78.19,Online,Debit Card,5,0
ORD-00896,2024-05-04,2024-05-08,4,CUST-2787,Consumer,Northeast,New Jersey,Electronics,Monitors,Dell 24-inch FHD,209.26,1,15,31.39,24.46,177.87,117.75,60.12,In-Store,Gift Card,2,1
ORD-00897,2024-06-01,2024-06-02,1,CUST-1122,Consumer,Southeast,Georgia,Clothing,Footwear,New Balance 574,92.24,2,5,9.22,18.62,175.26,65.32,44.62,Online,Debit Card,3,0
ORD-00898,2024-11-10,2024-11-17,7,CUST-2610,Small Business,Southeast,Virginia,Sports & Outdoors,Team Sports,Adidas Soccer Ball,23.82,2,10,4.76,15.83,42.88,13.7,15.48,In-Store,PayPal,2,1
ORD-00899,2024-04-16,2024-04-19,3,CUST-3345,Small Business,Midwest,Ohio,Clothing,Footwear,New Balance 574,91.2,1,10,9.12,16.51,82.08,52.59,29.49,Mobile App,Debit Card,5,0
ORD-00900,2023-04-16,2023-04-19,3,CUST-1910,Small Business,Southeast,Georgia,Home & Kitchen,Furniture,West Elm Desk,351.15,2,0,0.0,14.66,702.3,216.86,268.58,Online,Debit Card,4,0
ORD-00901,2023-12-18,2023-12-22,4,CUST-2176,Corporate,West,Oregon,Electronics,Smartphones,Google Pixel 7a,394.76,1,10,39.48,15.37,355.28,219.14,136.14,Mobile App,Credit Card,4,0
ORD-00902,2023-09-25,2023-09-30,5,CUST-1966,Consumer,Northeast,New Jersey,Home & Kitchen,Storage,Container Store Bins,25.8,3,20,15.48,23.27,61.92,14.57,18.21,In-Store,Gift Card,4,0
ORD-00903,2023-10-03,2023-10-09,6,CUST-3148,Corporate,West,California,Home & Kitchen,Appliances,Keurig K-Slim,109.48,1,0,0.0,7.13,109.48,67.37,42.11,Online,Debit Card,4,0
ORD-00904,2023-04-10,2023-04-13,3,CUST-2568,Corporate,Northeast,Connecticut,Sports & Outdoors,Cycling,Schwinn Hybrid Bike,365.84,1,10,36.58,21.04,329.26,212.16,117.1,Mobile App,Credit Card,5,0
ORD-00905,2024-09-22,2024-09-25,3,CUST-2647,Small Business,Midwest,Illinois,Office Supplies,Organizers,AmazonBasics File Cabinet,93.0,2,10,18.6,0.0,167.4,65.24,36.92,Online,Gift Card,4,0
ORD-00906,2023-06-16,2023-06-20,4,CUST-2381,Small Business,Southwest,Oklahoma,Office Supplies,Stationery,Sharpie Marker Set,17.45,1,0,0.0,13.99,17.45,11.36,6.09,Online,Debit Card,4,0
ORD-00907,2024-11-16,2024-11-17,1,CUST-1025,Corporate,Midwest,Wisconsin,Sports & Outdoors,Cycling,Bell Helmet,48.93,3,15,22.02,17.28,124.77,31.82,29.31,Mobile App,Apple Pay,5,0
ORD-00908,2023-02-10,2023-02-17,7,CUST-1138,Consumer,Northeast,Pennsylvania,Home & Kitchen,Appliances,Dyson V15 Vacuum,679.79,2,0,0.0,22.65,1359.58,391.71,576.16,Online,PayPal,1,0
ORD-00909,2024-06-18,2024-06-24,6,CUST-2806,Consumer,Northeast,Connecticut,Office Supplies,Paper Products,Moleskine Notebook,15.52,1,0,0.0,16.72,15.52,10.16,5.36,In-Store,Debit Card,3,0
ORD-00910,2023-10-27,2023-10-28,1,CUST-1433,Corporate,Midwest,Ohio,Electronics,Smartphones,iPhone SE,438.75,3,25,329.06,23.98,987.19,321.98,21.25,In-Store,Debit Card,5,0
ORD-00911,2023-05-17,2023-05-21,4,CUST-1655,Small Business,Northeast,New York,Clothing,Women's Apparel,North Face Fleece,95.06,1,15,14.26,0.0,80.8,58.08,22.72,In-Store,Gift Card,3,0
ORD-00912,2023-07-28,2023-07-31,3,CUST-1555,Consumer,West,Colorado,Home & Kitchen,Furniture,West Elm Desk,350.64,1,5,17.53,20.73,333.11,198.96,134.15,In-Store,PayPal,4,0
ORD-00913,2024-01-24,2024-01-29,5,CUST-2800,Consumer,Northeast,Massachusetts,Electronics,Tablets,iPad 10th Gen,462.39,2,5,46.24,22.98,878.54,316.25,246.04,Online,Credit Card,3,0
ORD-00914,2023-05-04,2023-05-06,2,CUST-3321,Small Business,Midwest,Ohio,Electronics,Headphones,Bose QC45,286.07,1,5,14.3,16.64,271.77,169.77,102.0,Mobile App,PayPal,3,0
ORD-00915,2024-09-21,2024-09-23,2,CUST-3365,Consumer,Northeast,Connecticut,Clothing,Men's Apparel,Columbia Jacket,93.17,1,0,0.0,16.05,93.17,52.65,40.52,Online,PayPal,4,0
ORD-00916,2024-07-07,2024-07-11,4,CUST-3365,Small Business,Northeast,Massachusetts,Home & Kitchen,Cookware,Cuisinart Knife Set,79.69,1,10,7.97,8.22,71.72,55.68,16.04,Online,Gift Card,3,0
ORD-00917,2024-05-25,2024-05-26,1,CUST-3038,Corporate,Midwest,Illinois,Clothing,Accessories,Coach Wallet,79.5,3,15,35.77,6.39,202.73,46.7,62.63,Online,Gift Card,5,0
ORD-00918,2023-04-26,2023-04-28,2,CUST-1182,Consumer,Northeast,Pennsylvania,Clothing,Activewear,Reebok Sports Bra,33.7,4,5,6.74,24.43,128.06,18.72,53.18,Mobile App,Credit Card,4,0
ORD-00919,2023-09-29,2023-10-02,3,CUST-1249,Consumer,West,Colorado,Office Supplies,Stationery,Staedtler Pencil Set,9.93,2,15,2.98,19.43,16.88,6.82,3.24,In-Store,Debit Card,4,0
ORD-00920,2023-02-11,2023-02-12,1,CUST-1383,Small Business,Northeast,Pennsylvania,Home & Kitchen,Appliances,Keurig K-Slim,113.9,2,15,34.17,0.0,193.63,75.72,42.19,Online,Debit Card,5,0
ORD-00921,2023-01-24,2023-01-26,2,CUST-1338,Small Business,West,Arizona,Clothing,Activewear,Reebok Sports Bra,34.3,1,0,0.0,19.69,34.3,22.14,12.16,Online,Credit Card,4,1
ORD-00922,2023-08-04,2023-08-10,6,CUST-1219,Small Business,West,Colorado,Electronics,Monitors,LG 27-inch 4K,337.77,1,0,0.0,7.35,337.77,196.03,141.74,Mobile App,Apple Pay,3,0
ORD-00923,2023-04-28,2023-05-04,6,CUST-1810,Corporate,Midwest,Illinois,Electronics,Laptops,HP Pavilion x360,609.87,1,0,0.0,13.92,609.87,350.18,259.69,Online,Gift Card,4,0
ORD-00924,2024-09-29,2024-10-05,6,CUST-1721,Corporate,West,Washington,Electronics,Tablets,Amazon Fire HD 10,145.62,1,5,7.28,18.0,138.34,80.48,57.86,Mobile App,Credit Card,1,1
ORD-00925,2023-04-13,2023-04-18,5,CUST-2433,Consumer,Northeast,New York,Office Supplies,Stationery,Staedtler Pencil Set,10.35,2,20,4.14,7.68,16.56,6.89,2.78,Online,Gift Card,2,1
ORD-00926,2024-01-25,2024-01-26,1,CUST-2470,Consumer,West,California,Electronics,Smartphones,Google Pixel 7a,385.12,2,10,77.02,5.33,693.22,265.31,162.6,Online,Debit Card,4,0
ORD-00927,2024-07-16,2024-07-20,4,CUST-3283,Consumer,Southeast,North Carolina,Sports & Outdoors,Cycling,Schwinn Hybrid Bike,365.44,1,0,0.0,5.5,365.44,265.9,99.54,Mobile App,PayPal,4,0
ORD-00928,2024-05-21,2024-05-23,2,CUST-1649,Consumer,Northeast,New Jersey,Office Supplies,Organizers,Bankers Box Set,23.95,1,10,2.4,13.24,21.55,15.21,6.34,Online,Credit Card,4,0
ORD-00929,2024-12-01,2024-12-07,6,CUST-3417,Consumer,Northeast,Pennsylvania,Electronics,Smartphones,Samsung Galaxy A54,364.27,1,10,36.43,23.27,327.84,229.89,97.95,In-Store,PayPal,3,0
ORD-00930,2024-11-24,2024-11-25,1,CUST-2689,Corporate,Southeast,North Carolina,Sports & Outdoors,Camping Gear,Coleman Tent 4P,125.27,1,15,18.79,5.04,106.48,89.19,17.29,In-Store,Gift Card,4,0
ORD-00931,2024-07-21,2024-07-27,6,CUST-1443,Consumer,Northeast,Connecticut,Sports & Outdoors,Cycling,Schwinn Hybrid Bike,333.98,1,5,16.7,0.0,317.28,184.57,132.71,In-Store,Debit Card,3,0
ORD-00932,2023-12-17,2023-12-18,1,CUST-1817,Consumer,Southeast,Georgia,Office Supplies,Desks & Chairs,Herman Miller Aeron,1295.04,1,0,0.0,0.0,1295.04,771.63,523.41,Mobile App,Gift Card,5,0
ORD-00933,2024-02-15,2024-02-20,5,CUST-1820,Consumer,Northeast,New Jersey,Electronics,Laptops,Lenovo ThinkPad E15,776.94,1,0,0.0,19.06,776.94,532.42,244.52,Online,Credit Card,3,0
ORD-00934,2024-09-13,2024-09-20,7,CUST-2272,Consumer,Southeast,Virginia,Home & Kitchen,Decor,Yankee Candle Set,34.48,1,0,0.0,7.75,34.48,19.41,15.07,In-Store,PayPal,3,0
ORD-00935,2023-12-05,2023-12-11,6,CUST-2104,Consumer,Northeast,New York,Electronics,Laptops,HP Pavilion x360,606.32,2,10,121.26,0.0,1091.38,364.07,363.24,Online,Gift Card,1,1
ORD-00936,2024-08-10,2024-08-17,7,CUST-1916,Small Business,Northeast,New Jersey,Electronics,Tablets,iPad 10th Gen,450.07,1,10,45.01,21.59,405.06,320.25,84.81,In-Store,Gift Card,3,0
ORD-00937,2024-10-25,2024-10-29,4,CUST-2965,Consumer,Northeast,Connecticut,Office Supplies,Stationery,Staedtler Pencil Set,10.09,1,5,0.5,0.0,9.59,7.06,2.53,Mobile App,Apple Pay,3,0
ORD-00938,2024-08-07,2024-08-08,1,CUST-2081,Consumer,Northeast,New Jersey,Clothing,Footwear,Adidas Ultraboost,188.4,1,10,18.84,16.65,169.56,128.86,40.7,Mobile App,Credit Card,3,0
ORD-00939,2023-06-19,2023-06-23,4,CUST-2062,Consumer,Southwest,New Mexico,Electronics,Smartphones,iPhone SE,447.36,1,5,22.37,0.0,424.99,321.58,103.41,Online,Credit Card,4,0
ORD-00940,2023-04-08,2023-04-12,4,CUST-3201,Small Business,West,Arizona,Electronics,Smartphones,iPhone SE,433.07,2,15,129.92,20.59,736.22,289.76,156.7,Mobile App,Credit Card,5,1
ORD-00941,2024-05-30,2024-06-06,7,CUST-1954,Small Business,Midwest,Michigan,Office Supplies,Desks & Chairs,Autonomous SmartDesk,467.73,5,20,467.73,0.0,1870.92,285.7,442.42,Online,PayPal,3,0
ORD-00942,2024-08-07,2024-08-13,6,CUST-1374,Small Business,Southwest,Utah,Home & Kitchen,Decor,Pottery Barn Throw Pillow,47.62,2,0,0.0,11.39,95.24,31.33,32.58,Online,Debit Card,2,0
ORD-00943,2024-10-25,2024-10-29,4,CUST-1176,Consumer,Midwest,Ohio,Office Supplies,Stationery,Staedtler Pencil Set,9.66,3,0,0.0,15.08,28.98,6.61,9.15,In-Store,Apple Pay,4,0
ORD-00944,2024-08-25,2024-08-28,3,CUST-2545,Corporate,Southeast,Florida,Home & Kitchen,Furniture,West Elm Desk,334.03,1,5,16.7,8.53,317.33,243.81,73.52,In-Store,Gift Card,4,0
ORD-00945,2023-12-29,2024-01-02,4,CUST-3095,Corporate,Southwest,Utah,Sports & Outdoors,Camping Gear,Yeti Cooler,260.65,2,20,104.26,17.19,417.04,179.95,57.14,In-Store,Gift Card,4,0
ORD-00946,2023-11-16,2023-11-19,3,CUST-1909,Consumer,Southeast,Georgia,Office Supplies,Printers,HP LaserJet Pro,312.99,1,0,0.0,17.6,312.99,208.45,104.54,In-Store,Gift Card,5,1
ORD-00947,2023-09-30,2023-10-05,5,CUST-1365,Corporate,Midwest,Wisconsin,Office Supplies,Paper Products,Moleskine Notebook,15.72,1,5,0.79,24.74,14.93,9.89,5.04,Online,Apple Pay,1,1
ORD-00948,2023-11-04,2023-11-08,4,CUST-2018,Consumer,Southwest,Texas,Office Supplies,Paper Products,Post-it Notes Bulk,20.27,2,25,10.13,9.08,30.41,11.81,6.79,Online,Apple Pay,5,0
ORD-00949,2023-02-14,2023-02-21,7,CUST-1129,Consumer,Southwest,Oklahoma,Office Supplies,Organizers,Bankers Box Set,25.49,1,15,3.82,24.11,21.67,18.66,3.01,Online,Credit Card,3,0
ORD-00950,2023-07-17,2023-07-24,7,CUST-1171,Corporate,West,Oregon,Electronics,Monitors,Dell 24-inch FHD,205.1,1,0,0.0,19.94,205.1,132.67,72.43,In-Store,Gift Card,3,0
ORD-00951,2024-07-13,2024-07-15,2,CUST-3236,Corporate,Midwest,Illinois,Sports & Outdoors,Running,Nathan Hydration Vest,69.59,1,0,0.0,7.08,69.59,44.03,25.56,Mobile App,Apple Pay,4,0
ORD-00952,2024-03-08,2024-03-11,3,CUST-2284,Small Business,Midwest,Wisconsin,Office Supplies,Paper Products,Moleskine Notebook,15.17,5,5,3.79,12.61,72.06,9.68,23.66,In-Store,PayPal,3,0
ORD-00953,2024-11-06,2024-11-07,1,CUST-1930,Consumer,Northeast,New Jersey,Office Supplies,Paper Products,HP Printer Paper 5-Ream,31.47,3,15,14.16,22.77,80.25,18.86,23.67,Online,Credit Card,4,0
ORD-00954,2024-09-02,2024-09-05,3,CUST-2233,Consumer,Midwest,Wisconsin,Sports & Outdoors,Camping Gear,Yeti Cooler,255.22,1,5,12.76,10.19,242.46,146.79,95.67,In-Store,Credit Card,1,0
ORD-00955,2023-05-20,2023-05-25,5,CUST-2073,Consumer,Southeast,Tennessee,Home & Kitchen,Appliances,Instant Pot Duo 7-in-1,88.87,1,5,4.44,19.8,84.43,64.26,20.17,In-Store,Apple Pay,1,1
ORD-00956,2023-06-15,2023-06-22,7,CUST-1535,Consumer,Northeast,Pennsylvania,Home & Kitchen,Decor,Yankee Candle Set,35.12,1,5,1.76,24.05,33.36,19.52,13.84,Online,Gift Card,4,0
ORD-00957,2023-09-06,2023-09-10,4,CUST-2742,Corporate,West,Oregon,Home & Kitchen,Decor,Yankee Candle Set,33.89,3,15,15.25,6.07,86.42,21.48,21.98,In-Store,PayPal,3,0
ORD-00958,2023-06-14,2023-06-17,3,CUST-2150,Corporate,West,California,Clothing,Women's Apparel,Lululemon Tank,67.67,1,15,10.15,18.12,57.52,50.27,7.25,Online,Gift Card,2,0
ORD-00959,2024-12-27,2025-01-01,5,CUST-1324,Consumer,Northeast,Massachusetts,Home & Kitchen,Storage,Sterilite Cart,38.01,2,25,19.0,7.16,57.02,27.78,1.46,In-Store,Apple Pay,5,0
ORD-00960,2023-06-27,2023-06-28,1,CUST-1937,Consumer,Midwest,Michigan,Sports & Outdoors,Fitness Equipment,Peloton Bike Mat,59.44,1,25,14.86,21.23,44.58,35.82,8.76,Online,Debit Card,3,0
ORD-00961,2024-05-05,2024-05-08,3,CUST-3283,Small Business,Southeast,Virginia,Home & Kitchen,Storage,Sterilite Cart,38.18,1,15,5.73,17.7,32.45,25.23,7.22,Mobile App,Debit Card,3,0
ORD-00962,2024-12-12,2024-12-18,6,CUST-1631,Consumer,Midwest,Michigan,Home & Kitchen,Cookware,Lodge Cast Iron Skillet,29.25,1,20,5.85,14.33,23.4,19.91,3.49,Online,Credit Card,1,1
ORD-00963,2024-12-31,2025-01-02,2,CUST-3273,Consumer,Southeast,Tennessee,Office Supplies,Stationery,Staedtler Pencil Set,10.47,4,10,4.19,12.95,37.69,6.7,10.89,Online,Debit Card,5,0
ORD-00964,2024-07-05,2024-07-07,2,CUST-1940,Consumer,Southeast,Georgia,Electronics,Headphones,AirPods Pro 2,239.01,2,10,47.8,12.73,430.22,171.93,86.36,Mobile App,Debit Card,3,0
ORD-00965,2023-11-29,2023-12-05,6,CUST-3106,Consumer,Midwest,Ohio,Home & Kitchen,Storage,Container Store Bins,24.5,1,0,0.0,18.99,24.5,13.65,10.85,In-Store,Apple Pay,3,0
ORD-00966,2023-03-10,2023-03-15,5,CUST-1890,Corporate,West,Oregon,Clothing,Footwear,Adidas Ultraboost,177.46,1,10,17.75,0.0,159.71,106.9,52.81,Online,PayPal,3,0
ORD-00967,2024-04-06,2024-04-08,2,CUST-2581,Small Business,West,Arizona,Electronics,Laptops,Lenovo ThinkPad E15,772.52,2,15,231.76,16.91,1313.28,528.33,256.62,In-Store,Gift Card,5,0
ORD-00968,2024-09-29,2024-10-03,4,CUST-1563,Consumer,Midwest,Indiana,Office Supplies,Organizers,Pendaflex Folders,15.39,3,20,9.23,24.7,36.94,10.31,6.01,In-Store,Apple Pay,2,1
ORD-00969,2023-09-17,2023-09-23,6,CUST-1461,Consumer,Southeast,Florida,Electronics,Monitors,ASUS ProArt 27,419.35,2,5,41.94,21.62,796.76,253.1,290.56,Online,Gift Card,2,0
ORD-00970,2024-10-23,2024-10-28,5,CUST-1061,Consumer,Midwest,Indiana,Electronics,Headphones,Sony WH-1000XM5,314.49,4,10,125.8,5.98,1132.16,205.49,310.2,In-Store,Debit Card,1,1
ORD-00971,2023-07-09,2023-07-16,7,CUST-2582,Corporate,Northeast,New York,Electronics,Laptops,Lenovo ThinkPad E15,740.95,2,5,74.09,0.0,1407.81,414.24,579.33,In-Store,Gift Card,5,0
ORD-00972,2023-05-05,2023-05-08,3,CUST-2976,Corporate,Northeast,New York,Home & Kitchen,Appliances,Keurig K-Slim,105.17,1,0,0.0,10.78,105.17,73.08,32.09,In-Store,Credit Card,4,0
ORD-00973,2023-10-10,2023-10-12,2,CUST-1747,Small Business,Southeast,Tennessee,Clothing,Women's Apparel,Lululemon Tank,68.6,1,15,10.29,5.69,58.31,49.15,9.16,In-Store,Apple Pay,5,0
ORD-00974,2023-01-04,2023-01-10,6,CUST-2519,Consumer,Southeast,North Carolina,Home & Kitchen,Storage,ClosetMaid Organizer,66.63,1,0,0.0,24.44,66.63,45.83,20.8,Online,Credit Card,1,1
ORD-00975,2023-11-03,2023-11-07,4,CUST-2760,Corporate,West,Washington,Home & Kitchen,Furniture,Wayfair Sofa,505.7,2,0,0.0,20.44,1011.4,371.43,268.54,Online,PayPal,5,0
ORD-00976,2024-03-05,2024-03-10,5,CUST-1484,Consumer,Midwest,Michigan,Office Supplies,Paper Products,Post-it Notes Bulk,20.23,2,10,4.05,20.69,36.41,11.77,12.87,Online,Gift Card,3,0
ORD-00977,2024-04-28,2024-05-02,4,CUST-2468,Corporate,Midwest,Indiana,Office Supplies,Desks & Chairs,Herman Miller Aeron,1290.73,1,15,193.61,16.38,1097.12,803.61,293.51,Online,Debit Card,1,0
ORD-00978,2024-04-10,2024-04-15,5,CUST-3090,Consumer,West,Arizona,Office Supplies,Organizers,Bankers Box Set,23.94,1,0,0.0,24.6,23.94,17.26,6.68,Online,Credit Card,4,0
ORD-00979,2023-11-18,2023-11-23,5,CUST-2649,Small Business,Northeast,Connecticut,Sports & Outdoors,Cycling,Garmin Edge 530,299.64,1,10,29.96,6.48,269.68,187.88,81.8,In-Store,Gift Card,1,0
ORD-00980,2023-05-22,2023-05-25,3,CUST-2527,Consumer,Southeast,Georgia,Clothing,Women's Apparel,North Face Fleece,100.87,4,0,0.0,22.62,403.48,64.54,145.32,In-Store,Debit Card,2,0
ORD-00981,2024-05-12,2024-05-18,6,CUST-2401,Small Business,West,California,Home & Kitchen,Decor,Wall Art Canvas,57.84,1,15,8.68,21.6,49.16,41.58,7.58,In-Store,Credit Card,1,0
ORD-00982,2024-02-24,2024-02-29,5,CUST-3116,Corporate,Northeast,New York,Sports & Outdoors,Camping Gear,Coleman Tent 4P,134.73,3,0,0.0,23.38,404.19,100.83,101.7,Online,PayPal,1,0
ORD-00983,2023-07-07,2023-07-10,3,CUST-1241,Consumer,Northeast,Pennsylvania,Sports & Outdoors,Camping Gear,Coleman Tent 4P,128.55,1,5,6.43,20.89,122.12,94.71,27.41,Online,PayPal,5,0
ORD-00984,2023-04-04,2023-04-06,2,CUST-2804,Corporate,Northeast,Pennsylvania,Electronics,Monitors,LG 27-inch 4K,336.31,3,20,201.79,0.0,807.14,239.88,87.5,Online,Credit Card,5,0
ORD-00985,2023-02-24,2023-02-28,4,CUST-2279,Corporate,West,Washington,Clothing,Men's Apparel,Levi's 501 Jeans,60.55,1,15,9.08,0.0,51.47,41.54,9.93,Online,Credit Card,5,0
ORD-00986,2024-07-29,2024-08-03,5,CUST-3108,Small Business,West,Oregon,Clothing,Women's Apparel,North Face Fleece,100.54,2,5,10.05,11.88,191.03,59.59,71.85,Online,Credit Card,3,0
ORD-00987,2023-05-25,2023-06-01,7,CUST-2215,Corporate,Southwest,New Mexico,Home & Kitchen,Storage,Container Store Bins,25.67,1,15,3.85,8.06,21.82,14.3,7.52,In-Store,Debit Card,3,0
ORD-00988,2023-08-07,2023-08-14,7,CUST-3409,Corporate,Southwest,Oklahoma,Sports & Outdoors,Cycling,Garmin Edge 530,295.11,3,15,132.8,6.2,752.53,216.52,102.97,Online,Credit Card,4,0
ORD-00989,2024-07-15,2024-07-21,6,CUST-1217,Consumer,Northeast,Pennsylvania,Home & Kitchen,Storage,Sterilite Cart,38.7,1,0,0.0,24.62,38.7,27.48,11.22,Mobile App,Debit Card,3,0
ORD-00990,2024-04-01,2024-04-07,6,CUST-2329,Corporate,West,Oregon,Electronics,Headphones,AirPods Pro 2,239.49,1,0,0.0,16.28,239.49,177.75,61.74,Mobile App,Gift Card,5,0
ORD-00991,2023-04-20,2023-04-21,1,CUST-2823,Corporate,Northeast,Pennsylvania,Electronics,Monitors,LG 27-inch 4K,335.41,4,0,0.0,23.82,1341.64,191.19,576.88,In-Store,Debit Card,3,0
ORD-00992,2024-11-29,2024-11-30,1,CUST-2285,Small Business,West,Washington,Clothing,Men's Apparel,Nike Dri-FIT Tee,34.06,2,5,3.41,18.96,64.71,24.3,16.11,In-Store,Credit Card,4,0
ORD-00993,2024-08-02,2024-08-04,2,CUST-2391,Consumer,Southeast,Florida,Electronics,Smartphones,iPhone SE,410.67,3,10,123.2,22.25,1108.81,252.11,352.48,Mobile App,Gift Card,4,0
ORD-00994,2023-02-02,2023-02-07,5,CUST-1197,Corporate,Southeast,Florida,Sports & Outdoors,Fitness Equipment,Peloton Bike Mat,59.77,2,15,17.93,19.16,101.61,39.46,22.69,In-Store,Debit Card,3,0
ORD-00995,2023-01-10,2023-01-13,3,CUST-2164,Consumer,Southwest,Oklahoma,Office Supplies,Paper Products,Post-it Notes Bulk,20.37,3,0,0.0,0.0,61.11,13.56,20.43,Online,Debit Card,4,0
ORD-00996,2023-03-07,2023-03-14,7,CUST-1136,Small Business,Northeast,Pennsylvania,Office Supplies,Desks & Chairs,Autonomous SmartDesk,455.18,5,0,0.0,12.17,2275.9,331.54,618.2,Mobile App,Gift Card,2,0
ORD-00997,2023-03-02,2023-03-07,5,CUST-1989,Consumer,Southeast,Virginia,Office Supplies,Organizers,Bankers Box Set,24.81,2,5,2.48,6.17,47.14,18.18,10.78,Online,PayPal,1,1
ORD-00998,2024-05-05,2024-05-09,4,CUST-1658,Consumer,Midwest,Ohio,Clothing,Women's Apparel,North Face Fleece,101.98,3,0,0.0,5.4,305.94,76.21,77.31,In-Store,Debit Card,3,0
ORD-00999,2024-10-10,2024-10-13,3,CUST-1612,Consumer,Southeast,Florida,Electronics,Headphones,Sony WH-1000XM5,288.89,5,0,0.0,14.18,1444.45,181.49,537.0,Online,Debit Card,4,0
ORD-01000,2023-08-13,2023-08-14,1,CUST-2037,Consumer,West,Oregon,Home & Kitchen,Furniture,IKEA Kallax Shelf,90.63,1,15,13.59,21.77,77.04,61.5,15.54,Online,Gift Card,5,0
ORD-01001,2023-09-06,2023-09-10,4,CUST-2847,Small Business,Northeast,New York,Electronics,Headphones,AirPods Pro 2,252.9,1,15,37.94,11.68,214.96,139.42,75.54,Online,Gift Card,4,1
ORD-01002,2023-11-28,2023-12-04,6,CUST-2515,Consumer,West,California,Clothing,Activewear,Reebok Sports Bra,33.83,2,5,3.38,9.8,64.28,18.92,26.44,Mobile App,Credit Card,4,0
ORD-01003,2023-12-29,2024-01-04,6,CUST-1405,Consumer,Northeast,Connecticut,Sports & Outdoors,Fitness Equipment,Resistance Band Set,24.85,2,0,0.0,8.23,49.7,14.12,21.46,Mobile App,Debit Card,3,1
ORD-01004,2024-10-24,2024-10-28,4,CUST-3253,Consumer,West,Washington,Electronics,Tablets,Amazon Fire HD 10,156.14,3,5,23.42,16.3,445.0,108.45,119.65,Online,Apple Pay,3,0
ORD-01005,2024-07-17,2024-07-23,6,CUST-3473,Small Business,Northeast,Massachusetts,Home & Kitchen,Storage,Sterilite Cart,38.66,1,25,9.66,15.33,29.0,26.6,2.4,Online,PayPal,5,0
ORD-01006,2023-08-10,2023-08-17,7,CUST-2952,Consumer,Northeast,Connecticut,Office Supplies,Paper Products,Moleskine Notebook,14.5,4,5,2.9,22.63,55.1,9.45,17.3,Online,Gift Card,1,1
ORD-01007,2023-06-16,2023-06-18,2,CUST-1865,Consumer,Northeast,New Jersey,Office Supplies,Paper Products,Moleskine Notebook,15.63,1,0,0.0,0.0,15.63,11.66,3.97,Online,PayPal,4,0
ORD-01008,2023-05-15,2023-05-21,6,CUST-2134,Consumer,Southwest,Utah,Electronics,Laptops,HP Pavilion x360,634.86,5,25,793.58,18.45,2380.72,439.39,183.77,In-Store,Credit Card,3,1
ORD-01009,2024-12-13,2024-12-20,7,CUST-1807,Consumer,West,Washington,Sports & Outdoors,Running,Garmin Forerunner 55,207.51,3,0,0.0,5.82,622.53,124.24,249.81,Mobile App,Apple Pay,2,0
ORD-01010,2023-01-03,2023-01-05,2,CUST-1367,Consumer,West,California,Home & Kitchen,Storage,Container Store Bins,24.89,4,5,4.98,17.21,94.58,15.67,31.9,Online,Credit Card,4,1
ORD-01011,2024-03-01,2024-03-08,7,CUST-2585,Consumer,West,California,Sports & Outdoors,Cycling,Bell Helmet,52.21,3,0,0.0,9.35,156.63,34.79,52.26,Online,Gift Card,4,0
ORD-01012,2024-02-06,2024-02-10,4,CUST-1166,Small Business,Northeast,Massachusetts,Electronics,Smartphones,Samsung Galaxy A54,334.45,1,0,0.0,24.37,334.45,211.1,123.35,Mobile App,Apple Pay,5,0
ORD-01013,2024-01-28,2024-01-31,3,CUST-2254,Consumer,Northeast,Connecticut,Clothing,Men's Apparel,Columbia Jacket,88.75,2,5,8.88,20.25,168.62,54.19,60.24,Online,Apple Pay,3,0
ORD-01014,2024-09-11,2024-09-13,2,CUST-2047,Consumer,West,Washington,Office Supplies,Stationery,Sharpie Marker Set,16.78,1,10,1.68,0.0,15.1,10.75,4.35,Online,Credit Card,3,1
ORD-01015,2023-08-10,2023-08-11,1,CUST-2669,Consumer,West,Washington,Home & Kitchen,Storage,Sterilite Cart,38.4,1,10,3.84,22.72,34.56,25.07,9.49,In-Store,Gift Card,5,0
ORD-01016,2023-06-01,2023-06-04,3,CUST-2493,Small Business,Midwest,Michigan,Electronics,Monitors,ASUS ProArt 27,417.13,2,0,0.0,7.67,834.26,257.69,318.88,Mobile App,Debit Card,5,0
ORD-01017,2024-06-28,2024-07-02,4,CUST-2599,Small Business,Northeast,New Jersey,Home & Kitchen,Appliances,Instant Pot Duo 7-in-1,86.2,3,0,0.0,15.57,258.6,61.8,73.2,Online,PayPal,3,0
ORD-01018,2024-12-07,2024-12-10,3,CUST-2109,Consumer,Northeast,Pennsylvania,Sports & Outdoors,Running,Nathan Hydration Vest,73.42,2,10,14.68,23.31,132.16,50.98,30.2,Mobile App,Debit Card,4,0
ORD-01019,2024-02-07,2024-02-13,6,CUST-1358,Corporate,Southeast,Tennessee,Office Supplies,Stationery,Pilot G2 Pen Pack,12.5,1,20,2.5,5.43,10.0,7.32,2.68,Mobile App,Gift Card,5,0
ORD-01020,2023-12-16,2023-12-23,7,CUST-1486,Consumer,Southeast,Georgia,Home & Kitchen,Cookware,All-Clad Pan Set,248.66,1,0,0.0,5.26,248.66,142.37,106.29,Mobile App,PayPal,4,0
ORD-01021,2023-09-30,2023-10-07,7,CUST-2854,Corporate,Northeast,New York,Home & Kitchen,Furniture,West Elm Desk,352.91,5,10,176.46,23.81,1588.09,211.59,530.14,Online,PayPal,2,1
ORD-01022,2024-08-03,2024-08-06,3,CUST-2829,Consumer,Southeast,Virginia,Clothing,Men's Apparel,Columbia Jacket,91.3,4,0,0.0,15.61,365.2,63.56,110.96,Mobile App,Credit Card,2,1
ORD-01023,2023-04-05,2023-04-10,5,CUST-1670,Consumer,Southwest,Utah,Home & Kitchen,Cookware,Lodge Cast Iron Skillet,30.46,1,15,4.57,22.77,25.89,21.26,4.63,Mobile App,Apple Pay,1,0
ORD-01024,2024-10-25,2024-10-29,4,CUST-1253,Consumer,Southwest,Texas,Office Supplies,Stationery,Sharpie Marker Set,16.52,3,15,7.43,16.54,42.13,10.56,10.45,In-Store,Debit Card,4,0
ORD-01025,2024-10-23,2024-10-24,1,CUST-1763,Consumer,West,Oregon,Clothing,Accessories,Coach Wallet,78.93,1,20,15.79,5.9,63.14,53.66,9.48,Mobile App,Debit Card,5,0
ORD-01026,2023-11-24,2023-11-28,4,CUST-1143,Corporate,West,Washington,Electronics,Headphones,Sony WH-1000XM5,302.2,2,0,0.0,9.34,604.4,214.06,176.28,In-Store,Credit Card,4,0
ORD-01027,2023-07-23,2023-07-29,6,CUST-2529,Corporate,Northeast,Connecticut,Office Supplies,Printers,Brother Inkjet,148.35,2,5,14.84,0.0,281.86,108.49,64.88,Online,Apple Pay,4,0
ORD-01028,2024-09-22,2024-09-27,5,CUST-1909,Consumer,Southeast,Georgia,Clothing,Women's Apparel,Adidas Yoga Pants,56.72,1,10,5.67,22.86,51.05,33.77,17.28,In-Store,PayPal,4,0
ORD-01029,2023-12-29,2023-12-31,2,CUST-1818,Consumer,Northeast,Connecticut,Electronics,Monitors,Dell 24-inch FHD,191.82,5,5,47.95,5.9,911.15,107.38,374.25,Online,Credit Card,5,0
ORD-01030,2024-01-26,2024-01-31,5,CUST-3019,Corporate,Northeast,New York,Sports & Outdoors,Fitness Equipment,Bowflex Dumbbells,362.08,1,5,18.1,22.85,343.98,258.79,85.19,In-Store,Debit Card,4,1
ORD-01031,2024-11-13,2024-11-15,2,CUST-3082,Small Business,Midwest,Michigan,Office Supplies,Printers,Brother Inkjet,153.8,1,0,0.0,24.39,153.8,88.62,65.18,Mobile App,Debit Card,5,0
ORD-01032,2023-01-18,2023-01-24,6,CUST-2382,Consumer,Midwest,Wisconsin,Home & Kitchen,Cookware,Lodge Cast Iron Skillet,31.06,1,25,7.76,18.29,23.3,20.6,2.7,In-Store,PayPal,3,0
ORD-01033,2023-08-05,2023-08-08,3,CUST-2291,Corporate,Southeast,Florida,Sports & Outdoors,Camping Gear,REI Sleeping Bag,185.37,3,5,27.81,15.62,528.3,104.43,215.01,Online,PayPal,2,0
ORD-01034,2023-08-23,2023-08-28,5,CUST-2496,Corporate,West,Oregon,Electronics,Monitors,Dell 24-inch FHD,191.43,1,20,38.29,18.21,153.14,134.95,18.19,Mobile App,Debit Card,3,0
ORD-01035,2024-01-31,2024-02-04,4,CUST-2401,Consumer,Northeast,Pennsylvania,Sports & Outdoors,Fitness Equipment,Peloton Bike Mat,61.79,1,10,6.18,12.36,55.61,45.56,10.05,Mobile App,Credit Card,4,0
ORD-01036,2023-12-04,2023-12-11,7,CUST-1061,Consumer,Northeast,New York,Office Supplies,Stationery,Staedtler Pencil Set,9.94,5,10,4.97,6.19,44.73,6.45,12.48,Online,PayPal,2,1
ORD-01037,2023-03-14,2023-03-19,5,CUST-3143,Corporate,Midwest,Indiana,Electronics,Smartphones,Google Pixel 7a,382.92,2,0,0.0,19.32,765.84,226.06,313.72,Online,Apple Pay,3,0
ORD-01038,2024-04-30,2024-05-07,7,CUST-2946,Small Business,Northeast,New Jersey,Sports & Outdoors,Running,Garmin Forerunner 55,209.69,1,15,31.45,12.78,178.24,123.1,55.14,Online,Gift Card,5,0
ORD-01039,2024-10-26,2024-10-27,1,CUST-3368,Consumer,Midwest,Michigan,Clothing,Women's Apparel,North Face Fleece,101.97,2,20,40.79,0.0,163.15,62.38,38.39,In-Store,PayPal,4,1
ORD-01040,2024-10-14,2024-10-17,3,CUST-1028,Corporate,Southeast,Georgia,Electronics,Smartphones,Samsung Galaxy A54,344.81,1,10,34.48,21.14,310.33,191.27,119.06,Mobile App,Apple Pay,5,0
ORD-01041,2024-12-29,2025-01-01,3,CUST-1138,Consumer,Northeast,Massachusetts,Sports & Outdoors,Running,Garmin Forerunner 55,198.7,1,10,19.87,16.85,178.83,125.22,53.61,Mobile App,Debit Card,3,0
ORD-01042,2023-09-21,2023-09-26,5,CUST-3316,Consumer,West,California,Electronics,Headphones,Sony WH-1000XM5,299.1,1,10,29.91,24.49,269.19,166.76,102.43,Online,Apple Pay,3,0
ORD-01043,2024-10-27,2024-10-29,2,CUST-1320,Consumer,Southeast,Tennessee,Sports & Outdoors,Camping Gear,Yeti Cooler,252.33,1,10,25.23,11.99,227.1,175.07,52.03,In-Store,Debit Card,4,0
ORD-01044,2023-11-18,2023-11-25,7,CUST-2054,Small Business,Southwest,Utah,Office Supplies,Organizers,AmazonBasics File Cabinet,88.03,2,0,0.0,24.44,176.06,59.99,56.08,Online,PayPal,4,0
ORD-01045,2023-03-16,2023-03-19,3,CUST-2679,Consumer,West,Oregon,Office Supplies,Desks & Chairs,Herman Miller Aeron,1266.79,2,10,253.36,23.88,2280.22,850.64,578.94,Online,Debit Card,4,0
ORD-01046,2023-09-28,2023-10-03,5,CUST-1408,Corporate,Northeast,Massachusetts,Clothing,Women's Apparel,Adidas Yoga Pants,54.55,1,0,0.0,23.69,54.55,36.61,17.94,In-Store,Gift Card,3,0
ORD-01047,2023-09-13,2023-09-20,7,CUST-1514,Consumer,Northeast,New York,Office Supplies,Stationery,Pilot G2 Pen Pack,13.46,1,0,0.0,11.02,13.46,9.45,4.01,In-Store,Apple Pay,2,0
ORD-01048,2023-02-08,2023-02-15,7,CUST-1835,Small Business,Northeast,New York,Home & Kitchen,Cookware,All-Clad Pan Set,260.71,1,0,0.0,16.32,260.71,151.13,109.58,Online,PayPal,1,1
ORD-01049,2024-04-17,2024-04-22,5,CUST-1281,Small Business,Southeast,Virginia,Home & Kitchen,Storage,Sterilite Cart,40.32,2,0,0.0,24.27,80.64,27.24,26.16,Mobile App,Credit Card,5,0
ORD-01050,2023-09-25,2023-09-26,1,CUST-1555,Consumer,West,Arizona,Home & Kitchen,Appliances,Keurig K-Slim,106.92,2,5,10.69,16.0,203.15,60.36,82.43,Mobile App,Debit Card,3,0
ORD-01051,2023-02-04,2023-02-09,5,CUST-1114,Corporate,West,Washington,Home & Kitchen,Decor,Yankee Candle Set,35.54,1,5,1.78,14.01,33.76,19.68,14.08,Online,Apple Pay,4,0
ORD-01052,2023-02-03,2023-02-07,4,CUST-2237,Consumer,Midwest,Michigan,Clothing,Activewear,Puma Track Pants,47.74,1,10,4.77,17.92,42.97,34.72,8.25,Online,Apple Pay,3,1
ORD-01053,2023-08-01,2023-08-04,3,CUST-1653,Consumer,West,California,Clothing,Women's Apparel,North Face Fleece,104.46,3,15,47.01,17.18,266.37,60.87,83.76,Online,Apple Pay,5,0
ORD-01054,2023-07-23,2023-07-25,2,CUST-2806,Consumer,Northeast,Massachusetts,Clothing,Activewear,Under Armour Shorts,39.31,1,0,0.0,0.0,39.31,26.13,13.18,Mobile App,Debit Card,3,0
ORD-01055,2023-03-11,2023-03-18,7,CUST-1862,Consumer,West,California,Sports & Outdoors,Running,Garmin Forerunner 55,207.11,4,0,0.0,17.19,828.44,119.79,349.28,Mobile App,Credit Card,2,1
ORD-01056,2023-02-27,2023-03-06,7,CUST-3381,Consumer,Northeast,New Jersey,Clothing,Activewear,Reebok Sports Bra,33.84,3,15,15.23,23.35,86.29,18.81,29.86,Online,PayPal,3,0
ORD-01057,2023-01-17,2023-01-23,6,CUST-3028,Consumer,Northeast,New Jersey,Clothing,Women's Apparel,Lululemon Tank,67.59,1,5,3.38,21.62,64.21,49.05,15.16,Mobile App,Credit Card,4,0
ORD-01058,2023-11-25,2023-12-01,6,CUST-1637,Consumer,Southeast,Tennessee,Office Supplies,Paper Products,Post-it Notes Bulk,20.07,1,5,1.0,8.07,19.07,13.19,5.88,In-Store,Gift Card,4,0
ORD-01059,2023-11-21,2023-11-25,4,CUST-1763,Consumer,West,Arizona,Home & Kitchen,Decor,Yankee Candle Set,34.13,3,0,0.0,23.93,102.39,22.23,35.7,Online,Gift Card,5,0
ORD-01060,2023-04-13,2023-04-19,6,CUST-2985,Corporate,Northeast,New York,Electronics,Laptops,Lenovo ThinkPad E15,730.17,1,5,36.51,13.31,693.66,452.22,241.44,In-Store,Credit Card,3,0
ORD-01061,2023-10-26,2023-11-02,7,CUST-2042,Consumer,West,Washington,Office Supplies,Paper Products,Post-it Notes Bulk,20.22,1,25,5.05,11.36,15.17,13.93,1.24,Online,Debit Card,1,0
ORD-01062,2023-09-13,2023-09-20,7,CUST-1799,Small Business,Northeast,Connecticut,Clothing,Women's Apparel,Adidas Yoga Pants,53.03,1,0,0.0,11.4,53.03,33.15,19.88,Online,Apple Pay,4,0
ORD-01063,2023-01-02,2023-01-07,5,CUST-1042,Consumer,West,Washington,Clothing,Footwear,Adidas Ultraboost,185.99,1,20,37.2,14.97,148.79,113.63,35.16,In-Store,PayPal,3,0
ORD-01064,2024-01-19,2024-01-21,2,CUST-2296,Corporate,Midwest,Indiana,Office Supplies,Printers,HP LaserJet Pro,290.67,2,20,116.27,17.47,465.07,199.51,66.05,Online,Debit Card,4,0
ORD-01065,2024-02-29,2024-03-01,1,CUST-1113,Consumer,Northeast,New Jersey,Sports & Outdoors,Running,Garmin Forerunner 55,208.23,1,0,0.0,0.0,208.23,138.15,70.08,Mobile App,Credit Card,2,1
ORD-01066,2024-10-31,2024-11-05,5,CUST-2897,Corporate,Southeast,Georgia,Clothing,Activewear,Puma Track Pants,51.81,1,0,0.0,5.83,51.81,38.12,13.69,Online,Gift Card,3,0
ORD-01067,2024-11-15,2024-11-21,6,CUST-1913,Consumer,Northeast,Connecticut,Clothing,Activewear,Reebok Sports Bra,33.87,1,15,5.08,0.0,28.79,21.55,7.24,Online,Gift Card,2,0
ORD-01068,2024-11-01,2024-11-03,2,CUST-1461,Small Business,West,California,Home & Kitchen,Storage,Sterilite Cart,41.41,3,0,0.0,8.53,124.23,23.31,54.3,Online,Credit Card,3,0
ORD-01069,2024-12-29,2025-01-01,3,CUST-1003,Consumer,Northeast,Connecticut,Office Supplies,Stationery,Staedtler Pencil Set,10.38,1,5,0.52,15.61,9.86,5.92,3.94,In-Store,PayPal,5,0
ORD-01070,2023-02-13,2023-02-17,4,CUST-1486,Consumer,West,Washington,Office Supplies,Organizers,AmazonBasics File Cabinet,87.69,1,5,4.38,19.72,83.31,53.73,29.58,In-Store,Apple Pay,4,0
ORD-01071,2024-09-02,2024-09-03,1,CUST-2036,Consumer,Southeast,Georgia,Clothing,Footwear,New Balance 574,91.92,1,10,9.19,0.0,82.73,58.57,24.16,Online,Credit Card,3,0
ORD-01072,2024-06-28,2024-07-05,7,CUST-2137,Consumer,Northeast,New York,Home & Kitchen,Decor,Wall Art Canvas,62.16,4,10,24.86,0.0,223.78,44.95,43.98,In-Store,Apple Pay,3,0
ORD-01073,2024-08-12,2024-08-18,6,CUST-1660,Consumer,West,California,Clothing,Activewear,Reebok Sports Bra,33.31,1,10,3.33,13.19,29.98,19.78,10.2,In-Store,Credit Card,1,0
ORD-01074,2024-07-06,2024-07-08,2,CUST-2711,Consumer,Southeast,Tennessee,Sports & Outdoors,Camping Gear,Coleman Tent 4P,127.74,1,10,12.77,15.58,114.97,74.84,40.13,In-Store,PayPal,5,0
ORD-01075,2024-09-22,2024-09-29,7,CUST-2578,Small Business,Northeast,Massachusetts,Office Supplies,Desks & Chairs,Autonomous SmartDesk,446.94,1,5,22.35,23.66,424.59,319.35,105.24,Online,Debit Card,4,0
ORD-01076,2024-11-20,2024-11-27,7,CUST-1445,Consumer,Southwest,New Mexico,Sports & Outdoors,Running,Nathan Hydration Vest,67.29,1,0,0.0,21.22,67.29,45.5,21.79,Mobile App,Apple Pay,1,0
ORD-01077,2023-01-01,2023-01-03,2,CUST-2953,Consumer,Southwest,New Mexico,Clothing,Activewear,Under Armour Shorts,40.42,1,0,0.0,15.15,40.42,23.03,17.39,Online,Gift Card,4,0
ORD-01078,2023-11-30,2023-12-01,1,CUST-2091,Small Business,West,California,Sports & Outdoors,Running,Garmin Forerunner 55,198.44,1,10,19.84,16.63,178.6,134.11,44.49,In-Store,Gift Card,4,0
ORD-01079,2023-09-11,2023-09-16,5,CUST-3037,Small Business,West,Arizona,Clothing,Accessories,Coach Wallet,79.68,1,5,3.98,0.0,75.7,51.84,23.86,Online,Debit Card,3,0
ORD-01080,2023-07-02,2023-07-07,5,CUST-3429,Consumer,West,California,Clothing,Accessories,Fossil Watch,128.68,1,25,32.17,22.39,96.51,80.67,15.84,Mobile App,Apple Pay,2,1
ORD-01081,2024-08-02,2024-08-04,2,CUST-2687,Corporate,Southwest,New Mexico,Home & Kitchen,Cookware,Lodge Cast Iron Skillet,30.37,2,10,6.07,10.95,54.67,16.76,21.15,In-Store,Apple Pay,4,0
ORD-01082,2024-03-09,2024-03-15,6,CUST-2129,Corporate,Midwest,Michigan,Electronics,Headphones,Bose QC45,281.74,2,5,28.17,11.13,535.31,186.13,163.05,In-Store,Gift Card,4,0
ORD-01083,2023-03-19,2023-03-23,4,CUST-3186,Corporate,Southwest,New Mexico,Office Supplies,Organizers,AmazonBasics File Cabinet,88.09,1,5,4.4,11.86,83.69,56.52,27.17,In-Store,Gift Card,2,0
ORD-01084,2023-01-29,2023-01-30,1,CUST-1250,Consumer,Northeast,Pennsylvania,Electronics,Monitors,LG 27-inch 4K,346.3,2,5,34.63,7.36,657.97,191.15,275.67,Online,Apple Pay,1,0
ORD-01085,2023-01-19,2023-01-26,7,CUST-3257,Consumer,West,Washington,Home & Kitchen,Storage,ClosetMaid Organizer,68.04,1,0,0.0,16.1,68.04,44.99,23.05,In-Store,Apple Pay,2,1
ORD-01086,2023-08-31,2023-09-01,1,CUST-2651,Consumer,Midwest,Indiana,Home & Kitchen,Furniture,West Elm Desk,340.77,1,25,85.19,20.76,255.58,197.6,57.98,Online,PayPal,5,0
ORD-01087,2023-04-15,2023-04-22,7,CUST-3058,Corporate,Midwest,Wisconsin,Home & Kitchen,Appliances,Instant Pot Duo 7-in-1,88.98,4,25,88.98,16.3,266.94,50.67,64.26,Online,PayPal,3,0
ORD-01088,2024-05-06,2024-05-09,3,CUST-2032,Consumer,Southwest,Texas,Electronics,Monitors,Dell 24-inch FHD,206.06,1,20,41.21,9.07,164.85,114.62,50.23,Mobile App,Debit Card,3,0
ORD-01089,2023-05-15,2023-05-18,3,CUST-3446,Consumer,Midwest,Illinois,Sports & Outdoors,Running,Garmin Forerunner 55,201.16,2,25,100.58,12.47,301.74,148.02,5.7,Mobile App,Debit Card,2,1
ORD-01090,2024-03-22,2024-03-28,6,CUST-2243,Consumer,West,Washington,Home & Kitchen,Decor,Pottery Barn Throw Pillow,48.11,1,15,7.22,23.63,40.89,26.54,14.35,In-Store,Credit Card,2,0
ORD-01091,2024-07-08,2024-07-09,1,CUST-1893,Consumer,Southeast,North Carolina,Home & Kitchen,Storage,Container Store Bins,23.98,2,0,0.0,9.49,47.96,17.14,13.68,In-Store,Debit Card,3,0
ORD-01092,2023-04-15,2023-04-22,7,CUST-1643,Small Business,Northeast,Massachusetts,Electronics,Laptops,Lenovo ThinkPad E15,726.35,1,0,0.0,23.58,726.35,412.77,313.58,In-Store,Debit Card,3,0
ORD-01093,2024-03-11,2024-03-14,3,CUST-2663,Small Business,West,Arizona,Office Supplies,Paper Products,Moleskine Notebook,15.25,1,0,0.0,16.68,15.25,10.08,5.17,Online,Debit Card,4,0
ORD-01094,2023-04-29,2023-05-02,3,CUST-2499,Consumer,Southwest,Oklahoma,Sports & Outdoors,Cycling,Garmin Edge 530,295.07,1,0,0.0,5.93,295.07,165.37,129.7,In-Store,Apple Pay,3,0
ORD-01095,2024-10-15,2024-10-20,5,CUST-3470,Corporate,Northeast,New Jersey,Home & Kitchen,Decor,Wall Art Canvas,58.76,2,15,17.63,7.37,99.89,42.11,15.67,Online,Gift Card,3,0
ORD-01096,2023-07-28,2023-07-30,2,CUST-1153,Corporate,Northeast,New Jersey,Sports & Outdoors,Team Sports,Rawlings Baseball Glove,50.14,1,0,0.0,6.36,50.14,31.8,18.34,Online,Gift Card,5,0
ORD-01097,2024-06-09,2024-06-11,2,CUST-2673,Consumer,Southeast,Tennessee,Clothing,Activewear,Under Armour Shorts,40.16,1,0,0.0,16.09,40.16,23.66,16.5,Online,Debit Card,2,1
ORD-01098,2023-12-01,2023-12-04,3,CUST-1665,Consumer,Northeast,Pennsylvania,Clothing,Accessories,Coach Wallet,82.9,1,5,4.14,8.75,78.76,51.5,27.26,Mobile App,Apple Pay,4,0
ORD-01099,2024-08-29,2024-09-02,4,CUST-1118,Small Business,West,Arizona,Electronics,Tablets,iPad 10th Gen,453.93,1,5,22.7,17.57,431.23,301.92,129.31,Online,Credit Card,4,0
ORD-01100,2024-12-07,2024-12-08,1,CUST-2177,Corporate,Northeast,Massachusetts,Office Supplies,Printers,Brother Inkjet,156.08,1,0,0.0,11.8,156.08,111.84,44.24,In-Store,Apple Pay,4,0
ORD-01101,2023-06-24,2023-06-28,4,CUST-2345,Small Business,Midwest,Indiana,Home & Kitchen,Storage,Sterilite Cart,41.59,1,15,6.24,16.65,35.35,28.45,6.9,Online,PayPal,5,0
ORD-01102,2024-10-12,2024-10-18,6,CUST-3213,Corporate,West,Oregon,Office Supplies,Paper Products,Moleskine Notebook,14.32,2,15,4.3,16.67,24.34,8.29,7.76,In-Store,Credit Card,4,0
ORD-01103,2023-07-12,2023-07-13,1,CUST-1654,Corporate,Midwest,Indiana,Electronics,Headphones,Sony WH-1000XM5,300.86,4,15,180.52,11.56,1022.92,220.58,140.6,Mobile App,Debit Card,4,0
ORD-01104,2024-06-19,2024-06-20,1,CUST-3206,Corporate,Southwest,Utah,Electronics,Laptops,Dell Inspiron 15,534.04,2,10,106.81,21.97,961.27,347.42,266.43,Mobile App,Gift Card,5,0
ORD-01105,2023-03-23,2023-03-25,2,CUST-3294,Consumer,Northeast,Pennsylvania,Office Supplies,Desks & Chairs,Autonomous SmartDesk,468.75,2,10,93.75,17.6,843.75,348.38,146.99,Mobile App,Gift Card,3,0
ORD-01106,2024-03-11,2024-03-15,4,CUST-1081,Consumer,Southwest,Utah,Clothing,Women's Apparel,Lululemon Tank,66.73,1,15,10.01,20.08,56.72,43.44,13.28,Mobile App,PayPal,3,0
ORD-01107,2023-05-05,2023-05-12,7,CUST-3191,Consumer,Northeast,New Jersey,Office Supplies,Desks & Chairs,Autonomous SmartDesk,433.14,1,15,64.97,7.68,368.17,287.91,80.26,Online,Apple Pay,1,0
ORD-01108,2023-04-14,2023-04-20,6,CUST-1323,Corporate,West,California,Electronics,Tablets,Samsung Galaxy Tab S6,320.49,1,0,0.0,23.11,320.49,205.82,114.67,Mobile App,Debit Card,2,0
ORD-01109,2023-08-11,2023-08-14,3,CUST-2195,Small Business,West,Arizona,Office Supplies,Stationery,Staedtler Pencil Set,10.29,1,5,0.51,0.0,9.78,5.78,4.0,In-Store,Apple Pay,2,1
ORD-01110,2024-04-06,2024-04-09,3,CUST-1982,Small Business,Midwest,Illinois,Home & Kitchen,Decor,Yankee Candle Set,33.89,1,5,1.69,7.02,32.2,20.99,11.21,Online,Gift Card,1,0
ORD-01111,2024-04-27,2024-04-29,2,CUST-2688,Consumer,Southeast,Virginia,Electronics,Smartphones,Google Pixel 7a,406.0,2,25,203.0,9.98,609.0,256.58,95.84,In-Store,PayPal,4,0
ORD-01112,2023-03-20,2023-03-23,3,CUST-3239,Consumer,Northeast,New York,Office Supplies,Stationery,Sharpie Marker Set,17.05,2,0,0.0,13.18,34.1,12.17,9.76,Online,Credit Card,1,1
ORD-01113,2023-01-02,2023-01-05,3,CUST-2298,Consumer,Northeast,New Jersey,Electronics,Tablets,iPad 10th Gen,433.53,1,0,0.0,10.26,433.53,312.77,120.76,In-Store,Gift Card,5,0
ORD-01114,2023-08-05,2023-08-11,6,CUST-2139,Corporate,Southwest,Utah,Sports & Outdoors,Team Sports,Wilson Basketball,30.58,1,5,1.53,17.13,29.05,22.08,6.97,Mobile App,Debit Card,3,0
ORD-01115,2024-09-20,2024-09-27,7,CUST-3264,Consumer,Midwest,Michigan,Home & Kitchen,Cookware,Lodge Cast Iron Skillet,30.98,3,0,0.0,14.06,92.94,19.08,35.7,In-Store,Debit Card,1,1
ORD-01116,2024-07-27,2024-07-28,1,CUST-3097,Consumer,Southwest,Texas,Sports & Outdoors,Cycling,Garmin Edge 530,294.14,3,0,0.0,15.44,882.42,174.03,360.33,In-Store,Apple Pay,4,0
ORD-01117,2023-08-16,2023-08-17,1,CUST-1094,Consumer,West,Washington,Sports & Outdoors,Cycling,Bell Helmet,47.96,1,15,7.19,17.44,40.77,33.26,7.51,Mobile App,Gift Card,5,0
ORD-01118,2023-07-10,2023-07-12,2,CUST-2099,Corporate,Midwest,Indiana,Clothing,Footwear,Adidas Ultraboost,187.62,3,25,140.72,22.24,422.14,105.74,104.92,Mobile App,PayPal,5,0
ORD-01119,2023-10-14,2023-10-20,6,CUST-1591,Corporate,Northeast,New York,Sports & Outdoors,Team Sports,Rawlings Baseball Glove,48.29,1,10,4.83,21.79,43.46,30.14,13.32,Online,Gift Card,2,1
ORD-01120,2023-05-28,2023-06-01,4,CUST-1590,Consumer,West,Arizona,Sports & Outdoors,Fitness Equipment,Resistance Band Set,24.12,2,10,4.82,23.66,43.42,15.15,13.12,Online,Credit Card,5,0
ORD-01121,2023-07-09,2023-07-10,1,CUST-1695,Consumer,Southeast,North Carolina,Clothing,Women's Apparel,Lululemon Tank,68.83,1,5,3.44,15.51,65.39,38.34,27.05,In-Store,Apple Pay,1,0
ORD-01122,2023-02-27,2023-03-02,3,CUST-2282,Small Business,Southwest,New Mexico,Electronics,Laptops,Lenovo ThinkPad E15,741.81,1,15,111.27,6.39,630.54,527.07,103.47,Online,Gift Card,1,0
ORD-01123,2023-01-31,2023-02-02,2,CUST-1836,Consumer,Northeast,Connecticut,Clothing,Women's Apparel,Lululemon Tank,64.68,5,10,32.34,14.22,291.06,45.9,61.56,Mobile App,Apple Pay,4,0
ORD-01124,2024-07-07,2024-07-14,7,CUST-3031,Small Business,West,Arizona,Electronics,Monitors,Dell 24-inch FHD,199.9,4,10,79.96,0.0,719.64,117.37,250.16,Online,PayPal,4,0
ORD-01125,2023-04-24,2023-04-26,2,CUST-2627,Consumer,Midwest,Wisconsin,Electronics,Headphones,Sony WH-1000XM5,297.2,1,0,0.0,0.0,297.2,221.9,75.3,Mobile App,Debit Card,3,0
ORD-01126,2023-01-16,2023-01-19,3,CUST-1092,Consumer,Northeast,New Jersey,Clothing,Activewear,Puma Track Pants,51.15,3,0,0.0,16.66,153.45,37.71,40.32,In-Store,Apple Pay,5,0
ORD-01127,2023-08-02,2023-08-07,5,CUST-3393,Small Business,Midwest,Indiana,Home & Kitchen,Cookware,Lodge Cast Iron Skillet,29.72,1,0,0.0,10.99,29.72,20.22,9.5,Online,Debit Card,2,0
ORD-01128,2024-07-07,2024-07-09,2,CUST-3484,Corporate,Southeast,Virginia,Electronics,Smartphones,Samsung Galaxy A54,343.68,1,10,34.37,21.82,309.31,252.96,56.35,Mobile App,Apple Pay,5,0
ORD-01129,2024-07-02,2024-07-03,1,CUST-3093,Consumer,Southwest,Oklahoma,Sports & Outdoors,Team Sports,Adidas Soccer Ball,25.02,3,20,15.01,12.58,60.05,15.87,12.44,Mobile App,PayPal,4,0
ORD-01130,2023-08-25,2023-08-28,3,CUST-1825,Consumer,Southeast,Tennessee,Electronics,Monitors,LG 27-inch 4K,354.18,2,5,35.42,0.0,672.94,234.98,202.98,Online,Gift Card,5,0
ORD-01131,2024-02-07,2024-02-08,1,CUST-1606,Small Business,Midwest,Ohio,Clothing,Footwear,Nike Air Max 90,129.17,1,0,0.0,15.07,129.17,82.64,46.53,Online,Apple Pay,3,0
ORD-01132,2023-01-10,2023-01-12,2,CUST-2194,Consumer,Northeast,New Jersey,Clothing,Accessories,Coach Wallet,76.11,4,0,0.0,0.0,304.44,55.6,82.04,Mobile App,Credit Card,1,0
ORD-01133,2024-02-17,2024-02-20,3,CUST-1378,Corporate,Southeast,Tennessee,Electronics,Monitors,LG 27-inch 4K,359.37,1,5,17.97,0.0,341.4,238.49,102.91,Online,Credit Card,4,0
ORD-01134,2024-01-29,2024-02-04,6,CUST-2229,Corporate,Midwest,Ohio,Clothing,Women's Apparel,North Face Fleece,102.41,1,20,20.48,20.46,81.93,68.25,13.68,In-Store,Credit Card,2,0
ORD-01135,2024-07-10,2024-07-15,5,CUST-2000,Corporate,Southwest,Texas,Office Supplies,Stationery,Sharpie Marker Set,16.21,5,5,4.05,21.81,77.0,8.99,32.05,In-Store,Debit Card,3,0
ORD-01136,2024-04-01,2024-04-06,5,CUST-1049,Consumer,Northeast,New York,Office Supplies,Desks & Chairs,Herman Miller Aeron,1318.94,1,10,131.89,7.82,1187.05,908.57,278.48,Mobile App,Credit Card,2,0
ORD-01137,2023-03-12,2023-03-18,6,CUST-1565,Consumer,Southeast,North Carolina,Clothing,Footwear,Adidas Ultraboost,177.74,1,5,8.89,10.66,168.85,118.19,50.66,Online,Apple Pay,1,0
ORD-01138,2023-10-01,2023-10-04,3,CUST-1286,Consumer,Southwest,Texas,Clothing,Activewear,Under Armour Shorts,38.54,2,0,0.0,23.44,77.08,22.91,31.26,Mobile App,Apple Pay,2,0
ORD-01139,2024-05-23,2024-05-26,3,CUST-3293,Consumer,Northeast,Pennsylvania,Clothing,Accessories,Ray-Ban Aviators,167.52,3,5,25.13,23.6,477.43,105.93,159.64,Mobile App,PayPal,2,1
ORD-01140,2023-05-23,2023-05-24,1,CUST-2903,Small Business,Midwest,Michigan,Electronics,Monitors,LG 27-inch 4K,354.48,2,20,141.79,11.91,567.17,250.71,65.75,Online,Apple Pay,4,0
ORD-01141,2024-09-08,2024-09-14,6,CUST-2749,Small Business,Northeast,New York,Home & Kitchen,Decor,Yankee Candle Set,35.21,1,0,0.0,5.58,35.21,23.04,12.17,Mobile App,Debit Card,5,0
ORD-01142,2023-03-12,2023-03-19,7,CUST-2251,Small Business,Southeast,Georgia,Electronics,Tablets,Amazon Fire HD 10,153.52,2,0,0.0,24.1,307.04,97.8,111.44,Mobile App,PayPal,2,1
ORD-01143,2024-11-01,2024-11-05,4,CUST-1609,Corporate,Northeast,Connecticut,Sports & Outdoors,Camping Gear,REI Sleeping Bag,171.44,1,15,25.72,5.13,145.72,115.62,30.1,In-Store,Debit Card,5,0
ORD-01144,2023-09-23,2023-09-29,6,CUST-3086,Consumer,Northeast,Massachusetts,Sports & Outdoors,Fitness Equipment,Peloton Bike Mat,57.97,5,5,14.49,0.0,275.36,35.57,97.51,Online,Debit Card,2,1
ORD-01145,2024-02-06,2024-02-10,4,CUST-2913,Consumer,West,Colorado,Home & Kitchen,Decor,Pottery Barn Throw Pillow,47.87,3,0,0.0,22.67,143.61,35.2,38.01,Mobile App,PayPal,5,0
ORD-01146,2023-03-24,2023-03-27,3,CUST-2259,Consumer,Midwest,Wisconsin,Electronics,Smartphones,iPhone SE,448.59,1,5,22.43,16.3,426.16,319.06,107.1,Mobile App,PayPal,5,0
ORD-01147,2023-02-24,2023-03-03,7,CUST-2637,Consumer,Southeast,Virginia,Sports & Outdoors,Team Sports,Wilson Basketball,29.5,4,0,0.0,17.08,118.0,19.98,38.08,Online,Gift Card,4,0
ORD-01148,2024-11-06,2024-11-07,1,CUST-2177,Consumer,West,California,Electronics,Laptops,Lenovo ThinkPad E15,727.16,2,5,72.72,14.26,1381.6,479.99,421.62,Mobile App,PayPal,3,0
ORD-01149,2024-05-27,2024-06-03,7,CUST-1659,Small Business,West,Arizona,Clothing,Men's Apparel,Columbia Jacket,89.27,2,10,17.85,10.18,160.69,49.51,61.67,Online,Credit Card,5,0
ORD-01150,2024-01-15,2024-01-16,1,CUST-3069,Consumer,Southeast,North Carolina,Electronics,Smartphones,Samsung Galaxy A54,346.54,3,0,0.0,15.55,1039.62,212.15,403.17,Mobile App,Debit Card,2,1
ORD-01151,2024-01-30,2024-01-31,1,CUST-2944,Corporate,Northeast,New York,Clothing,Women's Apparel,Adidas Yoga Pants,55.51,5,0,0.0,17.08,277.55,36.65,94.3,Online,Credit Card,5,0
ORD-01152,2023-04-30,2023-05-02,2,CUST-3078,Small Business,Northeast,Connecticut,Electronics,Monitors,Dell 24-inch FHD,190.9,3,10,57.27,20.14,515.43,133.6,114.63,Mobile App,Gift Card,5,1
ORD-01153,2023-09-22,2023-09-25,3,CUST-3164,Corporate,Northeast,Pennsylvania,Sports & Outdoors,Team Sports,Adidas Soccer Ball,25.31,3,20,15.19,11.8,60.74,14.31,17.81,In-Store,Credit Card,4,0
ORD-01154,2024-11-23,2024-11-28,5,CUST-1531,Consumer,Southeast,Florida,Sports & Outdoors,Camping Gear,Yeti Cooler,243.16,2,0,0.0,13.53,486.32,139.18,207.96,In-Store,Gift Card,3,0
ORD-01155,2023-07-27,2023-07-31,4,CUST-1061,Consumer,Midwest,Wisconsin,Sports & Outdoors,Cycling,Bell Helmet,48.48,1,0,0.0,13.94,48.48,29.95,18.53,In-Store,Credit Card,3,0
ORD-01156,2024-11-20,2024-11-24,4,CUST-2574,Consumer,Midwest,Michigan,Sports & Outdoors,Team Sports,Wilson Basketball,30.5,1,10,3.05,7.69,27.45,18.56,8.89,Mobile App,Credit Card,3,0
ORD-01157,2024-09-08,2024-09-12,4,CUST-2493,Consumer,Midwest,Indiana,Office Supplies,Printers,Brother Inkjet,142.79,1,10,14.28,12.12,128.51,101.41,27.1,In-Store,Gift Card,5,0
ORD-01158,2024-12-14,2024-12-15,1,CUST-1641,Consumer,West,Washington,Electronics,Tablets,iPad 10th Gen,467.75,2,15,140.32,5.08,795.18,334.3,126.58,Online,Gift Card,5,0
ORD-01159,2023-10-16,2023-10-17,1,CUST-1936,Corporate,West,California,Office Supplies,Organizers,Bankers Box Set,25.88,2,0,0.0,5.19,51.76,16.84,18.08,In-Store,Credit Card,5,0
ORD-01160,2023-02-17,2023-02-24,7,CUST-3252,Corporate,Northeast,Pennsylvania,Electronics,Headphones,AirPods Pro 2,255.35,2,15,76.61,13.08,434.09,190.96,52.17,Online,Gift Card,4,0
ORD-01161,2023-04-03,2023-04-10,7,CUST-2314,Small Business,Northeast,Pennsylvania,Electronics,Laptops,HP Pavilion x360,646.92,4,5,129.38,21.16,2458.3,375.92,954.62,Online,PayPal,3,0
ORD-01162,2023-04-24,2023-04-27,3,CUST-2891,Consumer,Northeast,New York,Sports & Outdoors,Running,Garmin Forerunner 55,201.84,3,0,0.0,6.96,605.52,141.9,179.82,Online,Credit Card,5,0
ORD-01163,2023-06-14,2023-06-18,4,CUST-1833,Consumer,Northeast,Connecticut,Electronics,Smartphones,iPhone SE,440.23,3,5,66.03,13.45,1254.66,329.36,266.58,In-Store,Credit Card,4,0
ORD-01164,2023-03-04,2023-03-10,6,CUST-1760,Consumer,West,Colorado,Electronics,Tablets,Samsung Galaxy Tab S6,329.35,3,15,148.21,14.61,839.84,246.68,99.8,Online,PayPal,2,0
ORD-01165,2024-03-28,2024-04-04,7,CUST-3114,Corporate,Southeast,Florida,Home & Kitchen,Storage,ClosetMaid Organizer,69.17,2,10,13.83,10.18,124.51,40.28,43.95,Online,Debit Card,4,0
ORD-01166,2023-11-04,2023-11-10,6,CUST-2710,Consumer,Southeast,Virginia,Home & Kitchen,Appliances,Instant Pot Duo 7-in-1,91.64,1,20,18.33,22.18,73.31,53.04,20.27,Online,Gift Card,5,0
ORD-01167,2024-12-09,2024-12-14,5,CUST-1235,Corporate,Midwest,Ohio,Office Supplies,Stationery,Staedtler Pencil Set,9.54,2,5,0.95,20.94,18.13,6.96,4.21,Mobile App,Apple Pay,3,0
ORD-01168,2024-12-11,2024-12-13,2,CUST-2054,Corporate,Southeast,Georgia,Home & Kitchen,Furniture,Wayfair Sofa,522.17,3,10,156.65,0.0,1409.86,350.27,359.05,In-Store,PayPal,5,0
ORD-01169,2023-01-10,2023-01-14,4,CUST-2063,Corporate,Southeast,North Carolina,Sports & Outdoors,Running,Brooks Ghost 15,145.34,2,5,14.53,10.08,276.15,94.47,87.21,Mobile App,Credit Card,3,0
ORD-01170,2023-05-31,2023-06-02,2,CUST-3007,Consumer,West,Colorado,Clothing,Accessories,Coach Wallet,77.64,3,5,11.65,23.86,221.27,43.63,90.38,In-Store,Credit Card,5,0
ORD-01171,2024-03-12,2024-03-15,3,CUST-1424,Consumer,Midwest,Indiana,Electronics,Headphones,Sony WH-1000XM5,303.49,1,0,0.0,0.0,303.49,199.89,103.6,Mobile App,Gift Card,3,0
ORD-01172,2024-03-11,2024-03-12,1,CUST-3029,Small Business,Southwest,Texas,Clothing,Activewear,Under Armour Shorts,40.98,1,20,8.2,20.88,32.78,30.69,2.09,Online,PayPal,4,0
ORD-01173,2023-03-21,2023-03-23,2,CUST-2192,Corporate,Northeast,Massachusetts,Electronics,Laptops,HP Pavilion x360,599.71,1,20,119.94,12.99,479.77,355.75,124.02,Online,PayPal,5,0
ORD-01174,2024-08-20,2024-08-25,5,CUST-1910,Consumer,Northeast,New Jersey,Sports & Outdoors,Running,Brooks Ghost 15,141.08,1,0,0.0,13.8,141.08,101.66,39.42,Online,Debit Card,5,0
ORD-01175,2024-07-30,2024-08-04,5,CUST-3020,Corporate,Northeast,Connecticut,Home & Kitchen,Cookware,Lodge Cast Iron Skillet,30.68,1,0,0.0,7.16,30.68,21.89,8.79,Online,Debit Card,3,0
ORD-01176,2023-07-04,2023-07-05,1,CUST-1703,Consumer,Midwest,Illinois,Clothing,Activewear,Under Armour Shorts,40.6,3,0,0.0,21.33,121.8,24.75,47.55,Online,Apple Pay,4,0
ORD-01177,2024-04-09,2024-04-15,6,CUST-2488,Small Business,West,Arizona,Home & Kitchen,Cookware,Lodge Cast Iron Skillet,30.74,2,0,0.0,0.0,61.48,20.51,20.46,Online,Apple Pay,2,0
ORD-01178,2024-02-27,2024-02-29,2,CUST-1975,Consumer,West,California,Clothing,Men's Apparel,Columbia Jacket,86.42,1,10,8.64,16.89,77.78,64.12,13.66,Online,PayPal,5,0
ORD-01179,2024-09-26,2024-09-28,2,CUST-2357,Consumer,Northeast,Pennsylvania,Office Supplies,Organizers,Bankers Box Set,24.13,2,0,0.0,8.46,48.26,17.89,12.48,Online,Debit Card,5,0
ORD-01180,2023-12-19,2023-12-24,5,CUST-2005,Consumer,Northeast,Massachusetts,Clothing,Footwear,Adidas Ultraboost,187.14,1,10,18.71,15.08,168.43,111.39,57.04,Mobile App,Debit Card,3,0
ORD-01181,2023-07-17,2023-07-23,6,CUST-3374,Consumer,West,Oregon,Clothing,Accessories,Ray-Ban Aviators,164.98,2,0,0.0,19.8,329.96,91.62,146.72,Online,PayPal,4,0
ORD-01182,2023-02-28,2023-03-02,2,CUST-2522,Consumer,Southeast,North Carolina,Office Supplies,Stationery,Sharpie Marker Set,17.19,4,10,6.88,0.0,61.88,12.73,10.96,Mobile App,Credit Card,5,0
ORD-01183,2023-10-12,2023-10-19,7,CUST-1409,Consumer,Northeast,New York,Sports & Outdoors,Camping Gear,REI Sleeping Bag,172.66,3,0,0.0,17.43,517.98,101.98,212.04,Online,Apple Pay,3,0
ORD-01184,2024-05-08,2024-05-10,2,CUST-1936,Small Business,Southeast,Virginia,Clothing,Accessories,Fossil Watch,134.58,1,0,0.0,12.65,134.58,90.96,43.62,In-Store,Apple Pay,2,1
ORD-01185,2023-01-28,2023-01-31,3,CUST-1571,Small Business,Northeast,Massachusetts,Clothing,Activewear,Puma Track Pants,47.8,1,0,0.0,0.0,47.8,27.88,19.92,In-Store,PayPal,1,0
ORD-01186,2023-04-13,2023-04-17,4,CUST-1382,Consumer,Midwest,Illinois,Home & Kitchen,Appliances,Dyson V15 Vacuum,646.2,3,5,96.93,7.78,1841.67,473.97,419.76,In-Store,PayPal,5,0
ORD-01187,2024-05-28,2024-06-01,4,CUST-1960,Consumer,Midwest,Michigan,Home & Kitchen,Storage,Container Store Bins,26.16,2,10,5.23,14.84,47.09,15.97,15.15,In-Store,Gift Card,3,0
ORD-01188,2023-06-24,2023-06-28,4,CUST-2471,Small Business,Midwest,Wisconsin,Sports & Outdoors,Cycling,Schwinn Hybrid Bike,334.49,1,10,33.45,18.3,301.04,206.73,94.31,Online,PayPal,4,0
ORD-01189,2024-06-23,2024-06-28,5,CUST-1887,Consumer,Midwest,Wisconsin,Clothing,Footwear,New Balance 574,86.71,1,15,13.01,0.0,73.7,61.37,12.33,Online,Gift Card,4,0
ORD-01190,2024-10-14,2024-10-17,3,CUST-2228,Corporate,West,Oregon,Electronics,Monitors,Dell 24-inch FHD,193.66,1,0,0.0,15.66,193.66,120.08,73.58,In-Store,Apple Pay,3,0
ORD-01191,2024-04-02,2024-04-05,3,CUST-3480,Corporate,Northeast,Connecticut,Clothing,Activewear,Puma Track Pants,47.94,4,10,19.18,9.9,172.58,35.43,30.86,Online,Debit Card,4,0
ORD-01192,2024-12-20,2024-12-23,3,CUST-1076,Consumer,Southeast,Virginia,Electronics,Smartphones,iPhone SE,444.22,1,0,0.0,24.25,444.22,274.77,169.45,Online,Apple Pay,5,0
ORD-01193,2023-08-26,2023-08-27,1,CUST-2719,Corporate,Midwest,Illinois,Electronics,Monitors,LG 27-inch 4K,351.35,1,15,52.7,21.72,298.65,205.73,92.92,Online,Apple Pay,5,0
ORD-01194,2023-01-22,2023-01-23,1,CUST-3153,Consumer,Southwest,New Mexico,Sports & Outdoors,Running,Nathan Hydration Vest,69.29,1,5,3.46,21.61,65.83,50.91,14.92,In-Store,Debit Card,3,0
ORD-01195,2024-12-31,2025-01-06,6,CUST-2060,Small Business,Northeast,Massachusetts,Home & Kitchen,Appliances,Keurig K-Slim,105.48,1,0,0.0,22.14,105.48,75.44,30.04,Online,Debit Card,4,0
ORD-01196,2023-10-17,2023-10-23,6,CUST-2482,Consumer,West,Colorado,Home & Kitchen,Appliances,Instant Pot Duo 7-in-1,87.97,2,5,8.8,0.0,167.14,62.76,41.62,Online,Apple Pay,3,0
ORD-01197,2024-05-03,2024-05-07,4,CUST-1354,Consumer,Southwest,Texas,Sports & Outdoors,Camping Gear,Yeti Cooler,261.86,2,0,0.0,21.17,523.72,186.9,149.92,Online,Gift Card,4,0
ORD-01198,2024-05-21,2024-05-24,3,CUST-2373,Consumer,Midwest,Wisconsin,Clothing,Women's Apparel,Lululemon Tank,65.75,2,0,0.0,10.32,131.5,43.53,44.44,Online,Debit Card,3,0
ORD-01199,2023-07-21,2023-07-23,2,CUST-2915,Corporate,Midwest,Indiana,Office Supplies,Printers,Brother Inkjet,144.97,2,25,72.48,12.38,217.46,105.08,7.3,Online,Apple Pay,5,0
ORD-01200,2023-06-27,2023-06-30,3,CUST-1960,Small Business,Northeast,Connecticut,Home & Kitchen,Furniture,West Elm Desk,353.34,1,25,88.33,17.51,265.01,210.39,54.62,In-Store,Debit Card,2,1
ORD-01201,2023-11-25,2023-12-01,6,CUST-2129,Consumer,Midwest,Illinois,Office Supplies,Paper Products,Post-it Notes Bulk,19.84,2,0,0.0,17.69,39.68,12.12,15.44,Online,Gift Card,5,0
ORD-01202,2023-08-06,2023-08-13,7,CUST-1275,Corporate,Southeast,Virginia,Sports & Outdoors,Fitness Equipment,Resistance Band Set,26.15,3,15,11.77,22.91,66.68,16.22,18.02,In-Store,Apple Pay,4,0
ORD-01203,2024-01-12,2024-01-17,5,CUST-3302,Consumer,Midwest,Illinois,Office Supplies,Printers,Epson EcoTank,208.76,2,10,41.75,18.91,375.77,121.05,133.67,Mobile App,Gift Card,2,0
ORD-01204,2024-01-30,2024-02-04,5,CUST-1091,Consumer,Northeast,New Jersey,Home & Kitchen,Decor,Yankee Candle Set,34.04,1,20,6.81,13.49,27.23,20.41,6.82,Online,Apple Pay,3,0
ORD-01205,2024-02-19,2024-02-20,1,CUST-2347,Corporate,Southeast,Florida,Office Supplies,Paper Products,HP Printer Paper 5-Ream,31.15,2,5,3.12,10.61,59.18,20.09,19.0,In-Store,Apple Pay,4,0
ORD-01206,2023-08-12,2023-08-18,6,CUST-2289,Small Business,Midwest,Michigan,Office Supplies,Desks & Chairs,Herman Miller Aeron,1288.9,1,0,0.0,18.92,1288.9,787.44,501.46,In-Store,Apple Pay,5,0
ORD-01207,2024-10-14,2024-10-20,6,CUST-2667,Corporate,Southeast,Florida,Home & Kitchen,Storage,Container Store Bins,24.88,1,0,0.0,13.44,24.88,14.99,9.89,Mobile App,Apple Pay,3,0
ORD-01208,2024-02-05,2024-02-10,5,CUST-3197,Small Business,Northeast,New York,Electronics,Headphones,Sony WH-1000XM5,311.88,2,25,155.94,21.18,467.82,172.46,122.9,Online,Gift Card,1,1
ORD-01209,2023-06-13,2023-06-14,1,CUST-3405,Small Business,Southeast,Tennessee,Clothing,Accessories,Coach Wallet,77.62,1,20,15.52,14.14,62.1,55.18,6.92,In-Store,PayPal,5,0
ORD-01210,2023-10-26,2023-11-01,6,CUST-2714,Corporate,Northeast,New Jersey,Office Supplies,Organizers,Pendaflex Folders,15.57,5,0,0.0,11.53,77.85,10.66,24.55,Mobile App,Credit Card,1,0
ORD-01211,2024-04-05,2024-04-07,2,CUST-2138,Consumer,Northeast,Connecticut,Office Supplies,Paper Products,HP Printer Paper 5-Ream,29.81,2,15,8.94,17.14,50.68,16.41,17.86,Mobile App,Gift Card,5,0
ORD-01212,2024-11-05,2024-11-11,6,CUST-3375,Consumer,West,Washington,Electronics,Headphones,Bose QC45,280.05,2,5,28.0,12.53,532.1,205.97,120.16,Online,Credit Card,2,1
ORD-01213,2023-02-23,2023-02-27,4,CUST-2827,Corporate,Northeast,Pennsylvania,Office Supplies,Paper Products,Moleskine Notebook,14.54,2,0,0.0,0.0,29.08,9.3,10.48,Online,Debit Card,4,0
ORD-01214,2023-02-19,2023-02-24,5,CUST-2336,Corporate,Northeast,Massachusetts,Office Supplies,Desks & Chairs,FlexiSpot Standing Desk,393.63,2,15,118.09,15.56,669.17,252.26,164.65,Mobile App,PayPal,4,0
ORD-01215,2023-01-31,2023-02-03,3,CUST-1460,Consumer,Midwest,Illinois,Sports & Outdoors,Camping Gear,REI Sleeping Bag,177.09,2,10,35.42,14.33,318.76,117.41,83.94,Online,Credit Card,4,0
ORD-01216,2024-09-06,2024-09-07,1,CUST-2083,Corporate,Southwest,Nevada,Electronics,Smartphones,iPhone SE,432.46,1,0,0.0,9.79,432.46,283.73,148.73,In-Store,Debit Card,5,0
ORD-01217,2023-10-15,2023-10-16,1,CUST-1584,Consumer,Northeast,Pennsylvania,Office Supplies,Stationery,Staedtler Pencil Set,9.82,2,10,1.96,14.68,17.68,6.43,4.82,Online,PayPal,5,0
ORD-01218,2023-11-02,2023-11-07,5,CUST-1240,Corporate,West,Washington,Sports & Outdoors,Team Sports,Wilson Basketball,28.96,2,20,11.58,5.17,46.34,17.22,11.9,Mobile App,Apple Pay,4,0
ORD-01219,2023-09-13,2023-09-15,2,CUST-2800,Consumer,Midwest,Indiana,Electronics,Smartphones,iPhone SE,444.8,1,0,0.0,12.03,444.8,323.94,120.86,In-Store,Gift Card,5,0
ORD-01220,2024-01-12,2024-01-15,3,CUST-2638,Corporate,West,Oregon,Electronics,Smartphones,iPhone SE,446.21,3,0,0.0,0.0,1338.63,290.93,465.84,Mobile App,Apple Pay,3,0
ORD-01221,2024-02-25,2024-03-01,5,CUST-1713,Consumer,Northeast,New Jersey,Clothing,Women's Apparel,Lululemon Tank,67.75,1,5,3.39,13.15,64.36,47.77,16.59,Online,PayPal,3,0
ORD-01222,2023-05-19,2023-05-23,4,CUST-2412,Small Business,West,Oregon,Clothing,Activewear,Reebok Sports Bra,34.68,1,0,0.0,0.0,34.68,23.37,11.31,Online,Gift Card,4,0
ORD-01223,2024-01-22,2024-01-28,6,CUST-2847,Small Business,Midwest,Wisconsin,Office Supplies,Paper Products,Moleskine Notebook,15.67,4,10,6.27,20.02,56.41,10.34,15.05,In-Store,Gift Card,3,0
ORD-01224,2024-09-17,2024-09-24,7,CUST-3455,Consumer,Northeast,Connecticut,Electronics,Tablets,iPad 10th Gen,429.69,1,5,21.48,22.89,408.21,317.76,90.45,Online,Gift Card,3,0
ORD-01225,2023-03-28,2023-04-01,4,CUST-1929,Corporate,Northeast,New Jersey,Sports & Outdoors,Fitness Equipment,Bowflex Dumbbells,342.9,1,0,0.0,14.32,342.9,233.33,109.57,Online,Credit Card,5,0
ORD-01226,2023-02-04,2023-02-09,5,CUST-2571,Consumer,West,Arizona,Electronics,Smartphones,iPhone SE,443.39,1,0,0.0,17.7,443.39,287.82,155.57,In-Store,Gift Card,3,0
ORD-01227,2023-11-01,2023-11-02,1,CUST-1419,Consumer,West,Washington,Home & Kitchen,Furniture,Wayfair Sofa,482.56,2,10,96.51,21.62,868.61,315.46,237.69,In-Store,Apple Pay,4,0
ORD-01228,2024-09-29,2024-09-30,1,CUST-1348,Small Business,Southwest,Utah,Office Supplies,Stationery,Pilot G2 Pen Pack,13.61,4,10,5.44,24.57,49.0,9.6,10.6,In-Store,Apple Pay,5,0
ORD-01229,2024-04-30,2024-05-07,7,CUST-2015,Corporate,Midwest,Ohio,Electronics,Headphones,Bose QC45,280.72,1,0,0.0,8.05,280.72,186.5,94.22,In-Store,PayPal,4,0
ORD-01230,2023-11-11,2023-11-12,1,CUST-2432,Consumer,Northeast,New Jersey,Home & Kitchen,Appliances,Instant Pot Duo 7-in-1,91.06,2,5,9.11,0.0,173.01,65.57,41.87,In-Store,Debit Card,2,1
ORD-01231,2023-03-05,2023-03-07,2,CUST-2203,Consumer,Northeast,New York,Office Supplies,Paper Products,HP Printer Paper 5-Ream,30.36,1,0,0.0,6.41,30.36,21.77,8.59,In-Store,Apple Pay,1,0
ORD-01232,2023-11-14,2023-11-17,3,CUST-2316,Small Business,Southeast,Tennessee,Office Supplies,Desks & Chairs,Herman Miller Aeron,1332.46,1,0,0.0,20.48,1332.46,875.3,457.16,Mobile App,Credit Card,4,0
ORD-01233,2023-03-20,2023-03-22,2,CUST-2440,Consumer,West,Arizona,Electronics,Headphones,Bose QC45,281.6,1,20,56.32,14.66,225.28,198.88,26.4,Mobile App,Gift Card,5,0
ORD-01234,2024-01-28,2024-02-04,7,CUST-2607,Small Business,Northeast,Pennsylvania,Electronics,Monitors,LG 27-inch 4K,332.54,2,5,33.25,19.57,631.83,205.93,219.97,Online,Apple Pay,2,1
ORD-01235,2024-11-16,2024-11-17,1,CUST-2018,Consumer,Midwest,Illinois,Sports & Outdoors,Fitness Equipment,Resistance Band Set,23.87,1,5,1.19,21.57,22.68,13.18,9.5,In-Store,PayPal,2,0
ORD-01236,2024-09-10,2024-09-16,6,CUST-2635,Consumer,Southwest,Utah,Clothing,Women's Apparel,Adidas Yoga Pants,53.39,3,0,0.0,20.33,160.17,33.45,59.82,In-Store,PayPal,5,0
ORD-01237,2024-12-01,2024-12-05,4,CUST-1969,Consumer,Midwest,Illinois,Sports & Outdoors,Team Sports,Rawlings Baseball Glove,48.28,1,5,2.41,0.0,45.87,33.29,12.58,Online,Gift Card,3,0
ORD-01238,2023-12-17,2023-12-24,7,CUST-2978,Consumer,Northeast,New York,Clothing,Activewear,Puma Track Pants,50.01,1,15,7.5,0.0,42.51,32.58,9.93,Mobile App,Gift Card,4,0
ORD-01239,2023-02-13,2023-02-15,2,CUST-1394,Consumer,Midwest,Illinois,Electronics,Monitors,ASUS ProArt 27,439.57,2,5,43.96,10.63,835.18,302.67,229.84,Online,Debit Card,5,0
ORD-01240,2023-12-10,2023-12-14,4,CUST-2926,Corporate,Midwest,Wisconsin,Electronics,Tablets,iPad 10th Gen,457.11,3,0,0.0,5.64,1371.33,261.6,586.53,Mobile App,Debit Card,2,0
ORD-01241,2024-11-25,2024-11-27,2,CUST-2599,Small Business,Southeast,North Carolina,Home & Kitchen,Cookware,Cuisinart Knife Set,82.31,1,10,8.23,18.57,74.08,59.49,14.59,Mobile App,Credit Card,4,0
ORD-01242,2023-03-17,2023-03-19,2,CUST-1950,Corporate,West,Arizona,Home & Kitchen,Appliances,Dyson V15 Vacuum,649.07,1,20,129.81,22.45,519.26,407.29,111.97,Online,Gift Card,4,0
ORD-01243,2023-01-14,2023-01-18,4,CUST-2621,Consumer,Northeast,Connecticut,Electronics,Monitors,Dell 24-inch FHD,206.25,1,5,10.31,0.0,195.94,150.86,45.08,In-Store,Credit Card,3,0
ORD-01244,2023-09-02,2023-09-07,5,CUST-1675,Consumer,Southeast,Florida,Home & Kitchen,Furniture,IKEA Kallax Shelf,86.28,2,20,34.51,5.15,138.05,58.38,21.29,In-Store,Debit Card,3,0
ORD-01245,2023-03-02,2023-03-05,3,CUST-1764,Corporate,West,Washington,Electronics,Smartphones,iPhone SE,423.07,1,10,42.31,14.19,380.76,290.95,89.81,In-Store,PayPal,3,0
ORD-01246,2024-02-06,2024-02-09,3,CUST-2170,Consumer,Northeast,Massachusetts,Office Supplies,Stationery,Pilot G2 Pen Pack,12.79,1,25,3.2,10.9,9.59,9.12,0.47,Online,Gift Card,5,0
ORD-01247,2024-07-24,2024-07-27,3,CUST-2352,Corporate,Southwest,Oklahoma,Home & Kitchen,Cookware,Lodge Cast Iron Skillet,28.54,2,0,0.0,16.89,57.08,18.9,19.28,In-Store,PayPal,5,0
ORD-01248,2024-02-12,2024-02-14,2,CUST-2732,Consumer,Southwest,New Mexico,Clothing,Activewear,Reebok Sports Bra,35.4,1,0,0.0,12.59,35.4,19.84,15.56,Mobile App,Apple Pay,5,0
ORD-01249,2023-02-01,2023-02-04,3,CUST-1943,Consumer,Southeast,North Carolina,Sports & Outdoors,Camping Gear,Yeti Cooler,240.77,4,5,48.15,12.31,914.93,149.44,317.17,Online,Debit Card,4,0
ORD-01250,2024-11-26,2024-11-29,3,CUST-2086,Consumer,Southwest,Nevada,Sports & Outdoors,Fitness Equipment,Peloton Bike Mat,59.63,1,0,0.0,0.0,59.63,33.53,26.1,Online,Gift Card,3,0
ORD-01251,2023-02-27,2023-03-03,4,CUST-3357,Small Business,West,Oregon,Home & Kitchen,Appliances,Instant Pot Duo 7-in-1,93.94,2,0,0.0,11.38,187.88,68.91,50.06,Online,Credit Card,5,0
ORD-01252,2024-06-28,2024-07-02,4,CUST-2532,Corporate,Southeast,North Carolina,Sports & Outdoors,Team Sports,Wilson Basketball,28.86,1,5,1.44,19.26,27.42,17.23,10.19,Online,Apple Pay,3,1
ORD-01253,2024-12-04,2024-12-06,2,CUST-1588,Corporate,West,Washington,Sports & Outdoors,Running,Nathan Hydration Vest,72.48,1,0,0.0,0.0,72.48,51.54,20.94,Online,Apple Pay,4,0
ORD-01254,2024-12-07,2024-12-09,2,CUST-1765,Corporate,West,Washington,Clothing,Women's Apparel,North Face Fleece,97.58,5,5,24.39,7.66,463.51,57.3,177.01,Mobile App,Apple Pay,3,0
ORD-01255,2023-09-22,2023-09-24,2,CUST-1267,Consumer,Northeast,Connecticut,Clothing,Activewear,Reebok Sports Bra,36.28,1,10,3.63,0.0,32.65,24.68,7.97,In-Store,Credit Card,4,1
ORD-01256,2024-03-09,2024-03-14,5,CUST-2344,Corporate,Midwest,Ohio,Clothing,Activewear,Puma Track Pants,48.97,1,0,0.0,15.5,48.97,33.4,15.57,Online,PayPal,4,0
ORD-01257,2023-10-03,2023-10-04,1,CUST-1633,Small Business,West,Washington,Sports & Outdoors,Fitness Equipment,Peloton Bike Mat,60.65,1,10,6.07,9.41,54.58,34.2,20.38,Online,PayPal,5,0
ORD-01258,2023-07-08,2023-07-09,1,CUST-2814,Consumer,West,Colorado,Clothing,Women's Apparel,Lululemon Tank,65.99,1,5,3.3,15.11,62.69,37.29,25.4,Mobile App,PayPal,4,0
ORD-01259,2023-01-04,2023-01-07,3,CUST-1219,Small Business,Northeast,Pennsylvania,Electronics,Smartphones,iPhone SE,421.96,3,0,0.0,7.7,1265.88,284.73,411.69,Online,Apple Pay,5,0
ORD-01260,2023-05-16,2023-05-21,5,CUST-1163,Small Business,Southwest,Oklahoma,Electronics,Headphones,AirPods Pro 2,241.67,3,5,36.25,0.0,688.76,154.84,224.24,Mobile App,Apple Pay,4,0
ORD-01261,2023-09-08,2023-09-09,1,CUST-1855,Consumer,West,Washington,Office Supplies,Printers,Epson EcoTank,198.06,3,15,89.13,13.22,505.05,146.77,64.74,Online,PayPal,5,0
ORD-01262,2023-04-17,2023-04-20,3,CUST-2290,Corporate,Midwest,Ohio,Office Supplies,Organizers,Pendaflex Folders,15.05,1,10,1.5,20.78,13.55,9.11,4.44,In-Store,Apple Pay,1,1
ORD-01263,2023-11-18,2023-11-20,2,CUST-1305,Corporate,Southeast,Georgia,Clothing,Accessories,Fossil Watch,133.18,1,0,0.0,12.61,133.18,99.23,33.95,Online,Gift Card,4,0
ORD-01264,2024-11-07,2024-11-09,2,CUST-2245,Consumer,Northeast,Massachusetts,Home & Kitchen,Storage,ClosetMaid Organizer,71.39,1,0,0.0,19.82,71.39,41.87,29.52,Online,Gift Card,5,0
ORD-01265,2024-05-24,2024-05-26,2,CUST-3239,Corporate,Southeast,Georgia,Home & Kitchen,Decor,Wall Art Canvas,59.94,1,5,3.0,15.52,56.94,43.12,13.82,Online,Gift Card,4,0
ORD-01266,2023-10-25,2023-10-29,4,CUST-2603,Corporate,Northeast,Massachusetts,Electronics,Headphones,Bose QC45,285.53,1,10,28.55,13.01,256.98,171.63,85.35,In-Store,Gift Card,5,1
ORD-01267,2023-01-26,2023-01-27,1,CUST-1488,Small Business,West,Oregon,Office Supplies,Stationery,Staedtler Pencil Set,10.26,1,0,0.0,15.82,10.26,6.44,3.82,Mobile App,Apple Pay,3,0
ORD-01268,2023-02-21,2023-02-25,4,CUST-3141,Consumer,West,California,Office Supplies,Paper Products,Post-it Notes Bulk,19.01,1,5,0.95,11.36,18.06,12.05,6.01,In-Store,PayPal,3,0
ORD-01269,2024-02-13,2024-02-17,4,CUST-2192,Consumer,Southeast,North Carolina,Sports & Outdoors,Cycling,Schwinn Hybrid Bike,348.95,5,0,0.0,0.0,1744.75,211.09,689.3,In-Store,Apple Pay,5,0
ORD-01270,2024-11-30,2024-12-05,5,CUST-1826,Consumer,Northeast,Connecticut,Home & Kitchen,Cookware,Cuisinart Knife Set,78.04,1,0,0.0,0.0,78.04,47.64,30.4,In-Store,PayPal,1,1
ORD-01271,2023-07-26,2023-07-28,2,CUST-1630,Consumer,Midwest,Wisconsin,Sports & Outdoors,Fitness Equipment,Resistance Band Set,25.79,3,15,11.61,14.04,65.76,18.66,9.78,Online,Gift Card,4,0
ORD-01272,2023-08-06,2023-08-11,5,CUST-1049,Consumer,Midwest,Indiana,Electronics,Smartphones,Samsung Galaxy A54,334.19,3,0,0.0,5.6,1002.57,224.67,328.56,Mobile App,Credit Card,2,1
ORD-01273,2024-08-20,2024-08-23,3,CUST-2107,Corporate,West,California,Office Supplies,Stationery,Staedtler Pencil Set,10.31,1,15,1.55,21.8,8.76,6.86,1.9,Mobile App,Credit Card,3,0
ORD-01274,2024-06-23,2024-06-24,1,CUST-2379,Consumer,Northeast,Pennsylvania,Electronics,Headphones,Sony WH-1000XM5,307.54,1,15,46.13,24.46,261.41,199.42,61.99,In-Store,Debit Card,5,0
ORD-01275,2024-08-21,2024-08-28,7,CUST-3172,Consumer,West,Arizona,Electronics,Smartphones,Google Pixel 7a,408.68,5,0,0.0,0.0,2043.4,245.29,816.95,Mobile App,Debit Card,5,0
ORD-01276,2024-09-06,2024-09-11,5,CUST-2496,Corporate,Southwest,New Mexico,Home & Kitchen,Storage,ClosetMaid Organizer,69.77,2,20,27.91,9.54,111.63,50.16,11.31,In-Store,Apple Pay,2,0
ORD-01277,2023-04-27,2023-05-02,5,CUST-2623,Consumer,Midwest,Illinois,Office Supplies,Stationery,Staedtler Pencil Set,10.01,1,20,2.0,0.0,8.01,5.82,2.19,Mobile App,Gift Card,2,1
ORD-01278,2024-12-14,2024-12-20,6,CUST-2720,Corporate,Southwest,Texas,Office Supplies,Stationery,Pilot G2 Pen Pack,12.56,1,15,1.88,0.0,10.68,9.15,1.53,Online,Gift Card,4,0
ORD-01279,2024-05-07,2024-05-13,6,CUST-1369,Consumer,Southeast,Tennessee,Clothing,Men's Apparel,Nike Dri-FIT Tee,34.65,1,0,0.0,24.32,34.65,24.9,9.75,Online,Gift Card,5,0
ORD-01280,2024-04-24,2024-04-28,4,CUST-2940,Consumer,Midwest,Ohio,Home & Kitchen,Appliances,Keurig K-Slim,110.68,3,15,49.81,21.71,282.23,70.05,72.08,Mobile App,Apple Pay,4,0
ORD-01281,2023-05-02,2023-05-09,7,CUST-3220,Small Business,Southeast,Tennessee,Office Supplies,Desks & Chairs,Autonomous SmartDesk,458.06,4,0,0.0,0.0,1832.24,304.45,614.44,Mobile App,PayPal,4,0
ORD-01282,2024-10-04,2024-10-07,3,CUST-3230,Corporate,Midwest,Illinois,Office Supplies,Printers,Brother Inkjet,153.04,5,10,76.52,13.4,688.68,86.33,257.03,Online,Credit Card,5,0
ORD-01283,2024-07-07,2024-07-12,5,CUST-1686,Consumer,Midwest,Illinois,Sports & Outdoors,Camping Gear,Yeti Cooler,239.11,2,5,23.91,0.0,454.31,155.14,144.03,Online,Gift Card,4,0
ORD-01284,2024-02-19,2024-02-23,4,CUST-3468,Consumer,West,Washington,Office Supplies,Printers,Epson EcoTank,200.49,2,5,20.05,18.69,380.93,144.8,91.33,Online,Apple Pay,4,0
ORD-01285,2023-01-29,2023-02-05,7,CUST-3000,Consumer,Midwest,Michigan,Electronics,Monitors,ASUS ProArt 27,436.31,1,20,87.26,21.94,349.05,287.09,61.96,Mobile App,Debit Card,4,0
ORD-01286,2023-01-08,2023-01-13,5,CUST-2788,Consumer,Southwest,Nevada,Office Supplies,Desks & Chairs,Autonomous SmartDesk,437.37,1,10,43.74,7.87,393.63,308.73,84.9,In-Store,PayPal,5,0
ORD-01287,2024-11-08,2024-11-10,2,CUST-2994,Consumer,Southwest,Texas,Clothing,Footwear,Nike Air Max 90,130.13,1,0,0.0,19.58,130.13,82.34,47.79,Mobile App,PayPal,4,0
ORD-01288,2024-03-28,2024-03-29,1,CUST-1911,Corporate,Northeast,New York,Clothing,Women's Apparel,Adidas Yoga Pants,52.48,1,0,0.0,18.51,52.48,37.72,14.76,Online,Gift Card,4,0
ORD-01289,2024-06-12,2024-06-16,4,CUST-2321,Corporate,Northeast,Pennsylvania,Home & Kitchen,Furniture,Wayfair Sofa,485.45,1,5,24.27,11.16,461.18,361.36,99.82,Mobile App,Credit Card,5,0
ORD-01290,2023-02-20,2023-02-21,1,CUST-1582,Consumer,Northeast,Massachusetts,Sports & Outdoors,Fitness Equipment,Peloton Bike Mat,62.6,2,5,6.26,0.0,118.94,41.11,36.72,In-Store,Apple Pay,4,0
ORD-01291,2023-08-26,2023-08-28,2,CUST-1271,Consumer,Midwest,Michigan,Home & Kitchen,Cookware,Cuisinart Knife Set,83.8,2,0,0.0,23.29,167.6,55.72,56.16,Mobile App,Apple Pay,5,0
ORD-01292,2024-03-18,2024-03-21,3,CUST-2798,Small Business,Northeast,New Jersey,Office Supplies,Printers,Brother Inkjet,152.42,1,5,7.62,23.89,144.8,110.31,34.49,In-Store,Gift Card,5,0
ORD-01293,2023-08-28,2023-09-03,6,CUST-2527,Small Business,Northeast,Connecticut,Office Supplies,Paper Products,Moleskine Notebook,14.37,1,10,1.44,18.23,12.93,9.51,3.42,Online,Debit Card,2,0
ORD-01294,2023-03-12,2023-03-19,7,CUST-3344,Consumer,Midwest,Michigan,Office Supplies,Paper Products,Moleskine Notebook,15.66,1,5,0.78,20.88,14.88,11.46,3.42,In-Store,Debit Card,4,0
ORD-01295,2024-01-01,2024-01-02,1,CUST-3312,Small Business,Midwest,Illinois,Sports & Outdoors,Cycling,Garmin Edge 530,288.44,4,20,230.75,0.0,923.01,162.31,273.77,Mobile App,Credit Card,5,0
ORD-01296,2024-07-19,2024-07-24,5,CUST-1526,Consumer,Northeast,Pennsylvania,Electronics,Smartphones,iPhone SE,425.11,3,10,127.53,10.09,1147.8,309.43,219.51,Online,Apple Pay,2,1
ORD-01297,2024-08-28,2024-08-30,2,CUST-3355,Small Business,West,Washington,Office Supplies,Stationery,Sharpie Marker Set,17.79,2,25,8.89,0.0,26.69,12.53,1.63,Online,PayPal,5,0
ORD-01298,2024-10-23,2024-10-24,1,CUST-1131,Small Business,Midwest,Ohio,Electronics,Monitors,LG 27-inch 4K,336.8,1,5,16.84,13.27,319.96,235.51,84.45,Online,Apple Pay,5,0
ORD-01299,2023-05-18,2023-05-23,5,CUST-2942,Consumer,West,Washington,Clothing,Women's Apparel,Lululemon Tank,65.09,2,5,6.51,24.43,123.67,48.67,26.33,Online,PayPal,3,0
ORD-01300,2024-04-08,2024-04-11,3,CUST-2258,Consumer,Midwest,Michigan,Clothing,Footwear,Adidas Ultraboost,176.28,3,0,0.0,20.53,528.84,118.7,172.74,Online,Apple Pay,5,0
ORD-01301,2023-05-24,2023-05-27,3,CUST-1646,Corporate,West,Colorado,Electronics,Laptops,Lenovo ThinkPad E15,722.11,1,5,36.11,20.64,686.0,428.67,257.33,In-Store,Gift Card,4,0
ORD-01302,2024-10-16,2024-10-19,3,CUST-1853,Consumer,Northeast,Connecticut,Sports & Outdoors,Cycling,Schwinn Hybrid Bike,340.06,1,0,0.0,21.28,340.06,245.41,94.65,Online,PayPal,3,0
ORD-01303,2023-10-05,2023-10-07,2,CUST-1342,Small Business,West,Oregon,Office Supplies,Stationery,Sharpie Marker Set,17.05,1,5,0.85,20.09,16.2,11.33,4.87,Online,PayPal,3,0
ORD-01304,2024-01-18,2024-01-25,7,CUST-2805,Consumer,West,Oregon,Office Supplies,Paper Products,HP Printer Paper 5-Ream,30.58,1,0,0.0,14.32,30.58,20.42,10.16,Online,Credit Card,2,0
ORD-01305,2024-05-22,2024-05-28,6,CUST-1265,Small Business,Midwest,Indiana,Electronics,Monitors,LG 27-inch 4K,345.58,1,5,17.28,0.0,328.3,193.64,134.66,In-Store,Credit Card,2,0
ORD-01306,2023-09-14,2023-09-18,4,CUST-2233,Corporate,Northeast,Connecticut,Office Supplies,Stationery,Pilot G2 Pen Pack,12.36,2,20,4.94,0.0,19.78,8.77,2.24,Online,Apple Pay,4,0
ORD-01307,2023-05-12,2023-05-19,7,CUST-1050,Consumer,Southeast,Virginia,Electronics,Headphones,Bose QC45,269.99,2,15,81.0,8.95,458.98,171.6,115.78,In-Store,PayPal,2,1
ORD-01308,2024-02-18,2024-02-19,1,CUST-1392,Small Business,Northeast,New Jersey,Clothing,Men's Apparel,Levi's 501 Jeans,59.0,5,5,14.75,23.19,280.25,40.08,79.85,In-Store,Debit Card,3,0
ORD-01309,2023-10-24,2023-10-31,7,CUST-1527,Small Business,West,California,Sports & Outdoors,Running,Garmin Forerunner 55,195.11,1,0,0.0,5.37,195.11,136.13,58.98,Online,Debit Card,4,0
ORD-01310,2023-05-19,2023-05-23,4,CUST-1466,Consumer,West,Oregon,Electronics,Laptops,HP Pavilion x360,606.71,1,25,151.68,0.0,455.03,414.36,40.67,Online,Gift Card,5,0
ORD-01311,2023-08-01,2023-08-08,7,CUST-2686,Consumer,Northeast,Pennsylvania,Clothing,Women's Apparel,North Face Fleece,96.73,1,0,0.0,24.45,96.73,56.71,40.02,Online,Gift Card,2,1
ORD-01312,2024-11-26,2024-11-29,3,CUST-3389,Consumer,Northeast,Pennsylvania,Clothing,Activewear,Puma Track Pants,50.54,1,15,7.58,0.0,42.96,32.13,10.83,In-Store,Debit Card,3,0
ORD-01313,2024-01-01,2024-01-05,4,CUST-2655,Consumer,Northeast,Connecticut,Sports & Outdoors,Camping Gear,Yeti Cooler,253.12,2,10,50.62,9.63,455.62,148.19,159.24,Mobile App,Debit Card,5,1
ORD-01314,2024-01-15,2024-01-20,5,CUST-2513,Consumer,West,Arizona,Electronics,Tablets,Samsung Galaxy Tab S6,318.69,3,5,47.8,15.21,908.27,225.48,231.83,Mobile App,Credit Card,2,1
ORD-01315,2023-08-13,2023-08-19,6,CUST-2670,Consumer,Northeast,Massachusetts,Home & Kitchen,Appliances,Keurig K-Slim,114.93,3,15,51.72,19.38,293.07,84.45,39.72,Online,Gift Card,3,0
ORD-01316,2023-05-11,2023-05-16,5,CUST-2713,Consumer,West,Arizona,Office Supplies,Printers,Epson EcoTank,207.54,1,0,0.0,14.87,207.54,143.5,64.04,Online,Apple Pay,1,1
ORD-01317,2023-07-21,2023-07-26,5,CUST-3316,Corporate,West,Arizona,Clothing,Footwear,Adidas Ultraboost,178.38,1,10,17.84,9.92,160.54,109.83,50.71,Online,Apple Pay,4,0
ORD-01318,2024-04-26,2024-04-27,1,CUST-2002,Corporate,Midwest,Ohio,Office Supplies,Organizers,Pendaflex Folders,14.38,3,0,0.0,14.99,43.14,10.38,12.0,Online,Debit Card,4,0
ORD-01319,2023-01-24,2023-01-29,5,CUST-1573,Consumer,Southeast,Georgia,Sports & Outdoors,Camping Gear,Yeti Cooler,256.87,1,10,25.69,10.47,231.18,181.0,50.18,Online,Gift Card,5,0
ORD-01320,2024-01-31,2024-02-04,4,CUST-1673,Consumer,West,Arizona,Clothing,Men's Apparel,Levi's 501 Jeans,59.38,5,25,74.23,20.65,222.67,34.99,47.72,Online,PayPal,5,0
ORD-01321,2024-02-02,2024-02-07,5,CUST-1327,Consumer,West,Oregon,Home & Kitchen,Decor,Pottery Barn Throw Pillow,48.03,4,0,0.0,22.2,192.12,27.75,81.12,In-Store,Debit Card,2,0
ORD-01322,2024-11-14,2024-11-16,2,CUST-3339,Corporate,Midwest,Indiana,Home & Kitchen,Storage,ClosetMaid Organizer,73.42,1,5,3.67,16.0,69.75,40.76,28.99,Online,Credit Card,2,0
ORD-01323,2023-01-29,2023-01-31,2,CUST-2120,Corporate,Northeast,New Jersey,Office Supplies,Organizers,AmazonBasics File Cabinet,92.28,2,0,0.0,24.43,184.56,54.35,75.86,In-Store,Apple Pay,4,0
ORD-01324,2024-06-30,2024-07-02,2,CUST-3368,Small Business,West,Oregon,Electronics,Monitors,ASUS ProArt 27,439.81,3,0,0.0,14.86,1319.43,325.9,341.73,Online,Gift Card,2,1
ORD-01325,2024-11-01,2024-11-05,4,CUST-1296,Small Business,Midwest,Illinois,Electronics,Laptops,HP Pavilion x360,654.79,2,20,261.92,21.61,1047.66,365.2,317.26,Mobile App,Apple Pay,5,1
ORD-01326,2024-09-27,2024-09-30,3,CUST-1251,Small Business,Midwest,Ohio,Home & Kitchen,Appliances,Instant Pot Duo 7-in-1,87.81,5,15,65.86,11.04,373.19,64.02,53.09,Mobile App,Debit Card,3,0
ORD-01327,2024-12-13,2024-12-14,1,CUST-2267,Consumer,Southwest,Texas,Sports & Outdoors,Team Sports,Wilson Basketball,28.67,1,5,1.43,22.09,27.24,17.63,9.61,Mobile App,Debit Card,5,0
ORD-01328,2023-01-17,2023-01-19,2,CUST-1307,Consumer,Southwest,Oklahoma,Sports & Outdoors,Fitness Equipment,Bowflex Dumbbells,360.59,5,5,90.15,0.0,1712.8,204.69,689.35,Mobile App,PayPal,3,0
ORD-01329,2024-09-14,2024-09-15,1,CUST-2552,Corporate,Northeast,Connecticut,Sports & Outdoors,Team Sports,Adidas Soccer Ball,24.81,1,0,0.0,20.76,24.81,16.65,8.16,Online,PayPal,4,0
ORD-01330,2023-05-06,2023-05-08,2,CUST-1272,Consumer,West,Oregon,Clothing,Women's Apparel,North Face Fleece,103.76,1,0,0.0,23.39,103.76,58.65,45.11,Online,Apple Pay,5,0
ORD-01331,2024-02-21,2024-02-27,6,CUST-3223,Consumer,Midwest,Michigan,Home & Kitchen,Appliances,Keurig K-Slim,112.63,1,10,11.26,0.0,101.37,82.07,19.3,Online,Credit Card,5,0
ORD-01332,2024-09-03,2024-09-04,1,CUST-2646,Corporate,West,Oregon,Office Supplies,Organizers,AmazonBasics File Cabinet,90.05,1,10,9.01,24.61,81.04,67.21,13.83,Online,PayPal,4,0
ORD-01333,2023-08-02,2023-08-08,6,CUST-1175,Consumer,Southeast,Tennessee,Home & Kitchen,Appliances,Instant Pot Duo 7-in-1,89.59,1,10,8.96,0.0,80.63,56.26,24.37,Online,PayPal,2,0
ORD-01334,2023-03-26,2023-04-02,7,CUST-2686,Consumer,Southeast,North Carolina,Electronics,Smartphones,Samsung Galaxy A54,355.18,5,5,88.8,10.2,1687.1,263.62,369.0,In-Store,Credit Card,4,0
ORD-01335,2024-02-23,2024-02-26,3,CUST-1741,Corporate,Midwest,Illinois,Home & Kitchen,Furniture,Wayfair Sofa,498.58,1,0,0.0,7.22,498.58,291.02,207.56,Mobile App,Debit Card,3,0
ORD-01336,2023-06-29,2023-06-30,1,CUST-1474,Consumer,Midwest,Michigan,Electronics,Monitors,Dell 24-inch FHD,200.51,1,15,30.08,16.9,170.43,124.63,45.8,Online,Gift Card,4,0
ORD-01337,2023-08-22,2023-08-26,4,CUST-1031,Consumer,Southeast,Florida,Electronics,Smartphones,iPhone SE,449.15,2,15,134.75,20.59,763.55,275.28,212.99,Mobile App,Gift Card,4,0
ORD-01338,2024-03-23,2024-03-24,1,CUST-2349,Consumer,Southeast,North Carolina,Sports & Outdoors,Team Sports,Wilson Basketball,29.21,2,5,2.92,22.02,55.5,16.81,21.88,Mobile App,PayPal,5,0
ORD-01339,2023-09-06,2023-09-09,3,CUST-3275,Corporate,Southeast,Tennessee,Home & Kitchen,Appliances,Dyson V15 Vacuum,660.12,3,0,0.0,20.99,1980.36,401.08,777.12,In-Store,Gift Card,1,0
ORD-01340,2024-09-16,2024-09-21,5,CUST-2821,Corporate,Northeast,Connecticut,Clothing,Footwear,Adidas Ultraboost,183.78,5,10,91.89,14.28,827.01,102.0,317.01,Mobile App,Credit Card,2,1
ORD-01341,2023-09-14,2023-09-19,5,CUST-3358,Corporate,Southwest,New Mexico,Sports & Outdoors,Team Sports,Rawlings Baseball Glove,50.25,1,15,7.54,20.67,42.71,37.26,5.45,In-Store,Credit Card,3,0
ORD-01342,2023-01-01,2023-01-05,4,CUST-2852,Consumer,West,Arizona,Sports & Outdoors,Team Sports,Rawlings Baseball Glove,51.96,1,0,0.0,13.57,51.96,33.98,17.98,Online,PayPal,4,0
ORD-01343,2023-10-07,2023-10-12,5,CUST-2632,Consumer,Southeast,Florida,Electronics,Headphones,AirPods Pro 2,260.65,1,5,13.03,10.97,247.62,165.16,82.46,Online,Credit Card,3,0
ORD-01344,2024-09-22,2024-09-23,1,CUST-1713,Corporate,Midwest,Wisconsin,Sports & Outdoors,Cycling,Bell Helmet,49.98,1,15,7.5,22.52,42.48,36.58,5.9,In-Store,Debit Card,5,0
ORD-01345,2023-08-06,2023-08-11,5,CUST-3395,Corporate,Southeast,Florida,Electronics,Tablets,iPad 10th Gen,432.47,1,0,0.0,22.45,432.47,266.49,165.98,Online,PayPal,3,0
ORD-01346,2023-01-30,2023-02-01,2,CUST-1910,Consumer,Southeast,Virginia,Office Supplies,Stationery,Pilot G2 Pen Pack,12.93,1,0,0.0,9.42,12.93,7.73,5.2,In-Store,Gift Card,3,0
ORD-01347,2023-03-26,2023-04-01,6,CUST-1568,Consumer,Southeast,Tennessee,Clothing,Activewear,Puma Track Pants,52.05,1,0,0.0,8.67,52.05,30.08,21.97,In-Store,Debit Card,1,0
ORD-01348,2023-05-15,2023-05-19,4,CUST-2453,Consumer,Northeast,New York,Sports & Outdoors,Running,Nathan Hydration Vest,67.32,4,0,0.0,22.99,269.28,46.24,84.32,In-Store,Credit Card,3,1
ORD-01349,2023-02-03,2023-02-05,2,CUST-1866,Consumer,Southwest,Texas,Clothing,Activewear,Under Armour Shorts,41.11,2,0,0.0,0.0,82.22,29.36,23.5,Online,Gift Card,1,0
ORD-01350,2024-01-18,2024-01-19,1,CUST-2150,Consumer,Midwest,Indiana,Office Supplies,Stationery,Pilot G2 Pen Pack,13.18,2,0,0.0,11.82,26.36,7.73,10.9,Online,PayPal,3,0
ORD-01351,2024-12-17,2024-12-18,1,CUST-2919,Corporate,Midwest,Michigan,Home & Kitchen,Storage,ClosetMaid Organizer,73.47,1,5,3.67,0.0,69.8,52.34,17.46,Online,Debit Card,2,1
ORD-01352,2024-04-21,2024-04-27,6,CUST-1427,Consumer,Southwest,Utah,Electronics,Tablets,Samsung Galaxy Tab S6,322.99,1,5,16.15,0.0,306.84,193.48,113.36,Online,PayPal,2,1
ORD-01353,2023-03-24,2023-03-26,2,CUST-2315,Corporate,Midwest,Indiana,Sports & Outdoors,Running,Nathan Hydration Vest,67.73,1,0,0.0,13.35,67.73,43.63,24.1,Online,Gift Card,2,1
ORD-01354,2024-05-03,2024-05-07,4,CUST-2007,Corporate,Midwest,Indiana,Electronics,Monitors,LG 27-inch 4K,356.12,1,0,0.0,18.59,356.12,223.7,132.42,Online,Apple Pay,4,0
ORD-01355,2023-05-19,2023-05-24,5,CUST-2276,Consumer,Northeast,Connecticut,Electronics,Monitors,Dell 24-inch FHD,192.75,2,0,0.0,10.68,385.5,137.57,110.36,Online,Apple Pay,1,0
ORD-01356,2023-07-17,2023-07-23,6,CUST-3057,Consumer,Northeast,New York,Clothing,Accessories,Fossil Watch,133.27,3,0,0.0,22.46,399.81,88.35,134.76,In-Store,PayPal,3,0
ORD-01357,2024-01-25,2024-01-30,5,CUST-1386,Small Business,Southeast,Georgia,Clothing,Accessories,Coach Wallet,81.26,2,0,0.0,13.24,162.52,47.97,66.58,Online,Debit Card,5,0
ORD-01358,2023-04-11,2023-04-14,3,CUST-2414,Consumer,West,California,Sports & Outdoors,Cycling,Schwinn Hybrid Bike,338.93,2,5,33.89,9.4,643.97,216.58,210.81,Online,Debit Card,5,0
ORD-01359,2023-08-14,2023-08-19,5,CUST-2179,Consumer,Southwest,New Mexico,Sports & Outdoors,Cycling,Garmin Edge 530,296.57,1,20,59.31,15.57,237.26,190.95,46.31,Online,Debit Card,2,1
ORD-01360,2024-12-26,2024-12-29,3,CUST-2832,Consumer,Northeast,Pennsylvania,Sports & Outdoors,Camping Gear,Yeti Cooler,240.73,1,5,12.04,15.67,228.69,159.72,68.97,Mobile App,Credit Card,5,0
ORD-01361,2024-03-03,2024-03-10,7,CUST-2520,Consumer,West,Washington,Office Supplies,Paper Products,Moleskine Notebook,14.9,1,0,0.0,22.54,14.9,10.51,4.39,Online,Credit Card,2,1
ORD-01362,2023-01-05,2023-01-08,3,CUST-1476,Corporate,Northeast,New Jersey,Home & Kitchen,Decor,Yankee Candle Set,36.51,2,15,10.95,5.12,62.07,25.19,11.69,Mobile App,Apple Pay,5,0
ORD-01363,2024-06-16,2024-06-18,2,CUST-2104,Consumer,Southeast,Florida,Sports & Outdoors,Fitness Equipment,Bowflex Dumbbells,337.18,1,10,33.72,21.81,303.46,205.18,98.28,Mobile App,Debit Card,5,0
ORD-01364,2023-11-21,2023-11-26,5,CUST-1620,Consumer,Southwest,Nevada,Sports & Outdoors,Running,Brooks Ghost 15,136.07,1,5,6.8,24.58,129.27,78.67,50.6,Online,Credit Card,5,0
ORD-01365,2023-01-28,2023-02-04,7,CUST-3086,Small Business,West,California,Office Supplies,Printers,Epson EcoTank,206.33,4,0,0.0,9.06,825.32,145.39,243.76,Online,Gift Card,2,1
ORD-01366,2023-06-20,2023-06-23,3,CUST-1098,Consumer,Southwest,Utah,Office Supplies,Stationery,Sharpie Marker Set,17.33,2,10,3.47,17.79,31.19,10.85,9.49,In-Store,Apple Pay,5,0
ORD-01367,2024-07-29,2024-08-03,5,CUST-2195,Consumer,Southwest,Nevada,Home & Kitchen,Storage,Sterilite Cart,38.74,3,0,0.0,22.33,116.22,23.33,46.23,Mobile App,Credit Card,1,1
ORD-01368,2024-02-05,2024-02-06,1,CUST-1261,Corporate,Northeast,Pennsylvania,Office Supplies,Desks & Chairs,FlexiSpot Standing Desk,380.9,3,0,0.0,19.56,1142.7,248.31,397.77,Online,Credit Card,3,0
ORD-01369,2023-12-23,2023-12-26,3,CUST-2651,Consumer,Southwest,Oklahoma,Electronics,Smartphones,iPhone SE,412.92,1,10,41.29,11.2,371.63,269.64,101.99,Online,Credit Card,4,0
ORD-01370,2024-06-12,2024-06-14,2,CUST-3288,Corporate,Southwest,Nevada,Home & Kitchen,Decor,Pottery Barn Throw Pillow,50.23,1,15,7.53,17.15,42.7,27.99,14.71,Mobile App,Credit Card,4,0
ORD-01371,2024-10-23,2024-10-24,1,CUST-3135,Consumer,West,Colorado,Electronics,Headphones,Sony WH-1000XM5,296.67,1,5,14.83,13.44,281.84,221.37,60.47,In-Store,Apple Pay,4,0
ORD-01372,2023-07-26,2023-07-28,2,CUST-2801,Corporate,Midwest,Ohio,Sports & Outdoors,Fitness Equipment,Peloton Bike Mat,62.18,3,10,18.65,9.14,167.89,38.34,52.87,Online,Credit Card,5,0
ORD-01373,2024-12-23,2024-12-24,1,CUST-2352,Corporate,Southeast,North Carolina,Clothing,Women's Apparel,North Face Fleece,100.08,2,15,30.02,18.18,170.14,60.69,48.76,In-Store,Apple Pay,4,0
ORD-01374,2024-07-06,2024-07-13,7,CUST-2761,Consumer,West,Colorado,Sports & Outdoors,Team Sports,Adidas Soccer Ball,25.78,2,0,0.0,0.0,51.56,18.18,15.2,In-Store,Apple Pay,2,1
ORD-01375,2024-08-29,2024-09-03,5,CUST-3229,Consumer,Midwest,Ohio,Home & Kitchen,Cookware,Lodge Cast Iron Skillet,30.62,2,15,9.19,0.0,52.05,17.85,16.35,Online,Credit Card,5,0
ORD-01376,2024-04-23,2024-04-29,6,CUST-1474,Small Business,West,California,Office Supplies,Organizers,AmazonBasics File Cabinet,85.56,1,10,8.56,16.1,77.0,54.87,22.13,Mobile App,Apple Pay,3,0
ORD-01377,2023-05-04,2023-05-05,1,CUST-2141,Small Business,West,Arizona,Home & Kitchen,Appliances,Keurig K-Slim,111.67,1,10,11.17,20.59,100.5,82.0,18.5,Online,Debit Card,3,0
ORD-01378,2023-05-25,2023-05-29,4,CUST-3386,Corporate,Northeast,Pennsylvania,Sports & Outdoors,Camping Gear,REI Sleeping Bag,182.85,5,0,0.0,13.93,914.25,131.61,256.2,Online,Apple Pay,5,0
ORD-01379,2024-10-08,2024-10-13,5,CUST-1065,Consumer,Southeast,Virginia,Home & Kitchen,Storage,ClosetMaid Organizer,71.88,1,5,3.59,0.0,68.29,45.38,22.91,In-Store,Debit Card,2,1
ORD-01380,2023-01-18,2023-01-20,2,CUST-1998,Consumer,Midwest,Michigan,Clothing,Women's Apparel,Lululemon Tank,67.18,4,25,67.18,14.17,201.54,46.52,15.46,Mobile App,Credit Card,5,0
ORD-01381,2024-09-30,2024-10-05,5,CUST-1179,Small Business,West,Colorado,Electronics,Tablets,Amazon Fire HD 10,148.81,1,10,14.88,20.76,133.93,104.53,29.4,Online,PayPal,1,1
ORD-01382,2023-03-12,2023-03-16,4,CUST-2305,Corporate,Southeast,Georgia,Sports & Outdoors,Fitness Equipment,Bowflex Dumbbells,344.69,2,0,0.0,10.22,689.38,229.0,231.38,Mobile App,Gift Card,5,0
ORD-01383,2023-10-23,2023-10-26,3,CUST-2586,Small Business,Midwest,Ohio,Home & Kitchen,Decor,Pottery Barn Throw Pillow,50.34,2,0,0.0,0.0,100.68,32.44,35.8,Online,Gift Card,5,1
ORD-01384,2023-10-18,2023-10-20,2,CUST-3425,Consumer,Midwest,Ohio,Clothing,Men's Apparel,Levi's 501 Jeans,59.96,1,25,14.99,13.46,44.97,34.64,10.33,Mobile App,Apple Pay,5,0
ORD-01385,2023-06-20,2023-06-25,5,CUST-1071,Consumer,Southwest,Nevada,Clothing,Footwear,Nike Air Max 90,134.94,1,0,0.0,0.0,134.94,92.44,42.5,Online,PayPal,3,0
ORD-01386,2023-11-24,2023-11-30,6,CUST-1889,Consumer,Northeast,Pennsylvania,Home & Kitchen,Appliances,Instant Pot Duo 7-in-1,94.08,1,0,0.0,0.0,94.08,55.56,38.52,In-Store,Debit Card,2,0
ORD-01387,2024-01-26,2024-01-30,4,CUST-1183,Corporate,Midwest,Ohio,Electronics,Laptops,Dell Inspiron 15,525.37,1,0,0.0,6.31,525.37,375.19,150.18,In-Store,PayPal,5,0
ORD-01388,2023-06-27,2023-06-29,2,CUST-1362,Consumer,Midwest,Ohio,Home & Kitchen,Cookware,Lodge Cast Iron Skillet,30.29,1,20,6.06,17.42,24.23,17.75,6.48,Online,Debit Card,5,0
ORD-01389,2023-09-06,2023-09-07,1,CUST-2050,Small Business,West,Colorado,Clothing,Activewear,Reebok Sports Bra,33.53,1,15,5.03,13.57,28.5,25.05,3.45,Online,Gift Card,4,0
ORD-01390,2024-04-13,2024-04-20,7,CUST-2188,Consumer,West,Oregon,Clothing,Men's Apparel,Levi's 501 Jeans,60.28,1,0,0.0,9.88,60.28,35.71,24.57,In-Store,Debit Card,3,0
ORD-01391,2023-05-23,2023-05-30,7,CUST-1402,Consumer,Northeast,Massachusetts,Electronics,Tablets,iPad 10th Gen,448.84,2,10,89.77,17.94,807.91,283.5,240.91,In-Store,Apple Pay,3,0
ORD-01392,2024-06-05,2024-06-08,3,CUST-1661,Corporate,Southeast,Virginia,Clothing,Activewear,Reebok Sports Bra,36.48,3,0,0.0,18.29,109.44,23.22,39.78,Online,Apple Pay,5,0
ORD-01393,2024-04-15,2024-04-21,6,CUST-1692,Consumer,Southwest,New Mexico,Office Supplies,Paper Products,HP Printer Paper 5-Ream,30.03,1,5,1.5,0.0,28.53,20.67,7.86,In-Store,Apple Pay,1,0
ORD-01394,2023-07-11,2023-07-14,3,CUST-3031,Consumer,Midwest,Wisconsin,Office Supplies,Organizers,Bankers Box Set,24.34,1,10,2.43,7.7,21.91,14.93,6.98,In-Store,Debit Card,4,1
ORD-01395,2024-01-25,2024-01-28,3,CUST-1771,Consumer,Southeast,Tennessee,Clothing,Activewear,Puma Track Pants,49.08,5,5,12.27,23.81,233.13,36.07,52.78,Online,Apple Pay,3,0
ORD-01396,2024-08-08,2024-08-11,3,CUST-3471,Consumer,Northeast,New Jersey,Office Supplies,Printers,Brother Inkjet,150.48,1,0,0.0,0.0,150.48,85.18,65.3,In-Store,PayPal,5,0
ORD-01397,2023-07-08,2023-07-10,2,CUST-1614,Corporate,Northeast,Massachusetts,Clothing,Activewear,Puma Track Pants,49.24,2,20,19.7,0.0,78.78,31.64,15.5,In-Store,Gift Card,4,0
ORD-01398,2023-12-15,2023-12-17,2,CUST-3297,Small Business,Northeast,Massachusetts,Sports & Outdoors,Fitness Equipment,Peloton Bike Mat,62.8,1,10,6.28,11.88,56.52,39.58,16.94,Online,Apple Pay,5,0
ORD-01399,2023-01-17,2023-01-21,4,CUST-2180,Corporate,Southeast,Florida,Electronics,Headphones,Bose QC45,288.74,1,20,57.75,18.01,230.99,204.17,26.82,Online,Gift Card,4,0
ORD-01400,2023-01-26,2023-02-02,7,CUST-1853,Consumer,West,Oregon,Sports & Outdoors,Fitness Equipment,Resistance Band Set,26.1,3,0,0.0,13.15,78.3,19.37,20.19,Mobile App,Apple Pay,3,0
ORD-01401,2024-01-06,2024-01-13,7,CUST-2096,Small Business,Midwest,Michigan,Home & Kitchen,Appliances,Keurig K-Slim,108.68,1,0,0.0,15.72,108.68,69.1,39.58,Online,Gift Card,2,1
ORD-01402,2024-06-02,2024-06-06,4,CUST-1120,Small Business,Northeast,Pennsylvania,Office Supplies,Paper Products,Moleskine Notebook,15.06,4,5,3.01,13.32,57.23,9.58,18.91,Online,PayPal,4,0
ORD-01403,2024-11-09,2024-11-14,5,CUST-2763,Small Business,Southeast,Tennessee,Sports & Outdoors,Fitness Equipment,Resistance Band Set,24.14,4,0,0.0,21.07,96.56,17.54,26.4,Online,PayPal,2,1
ORD-01404,2024-09-03,2024-09-05,2,CUST-2875,Consumer,West,Arizona,Electronics,Tablets,iPad 10th Gen,441.85,3,15,198.83,5.63,1126.72,248.28,381.88,In-Store,Debit Card,5,0
ORD-01405,2023-07-21,2023-07-26,5,CUST-1019,Corporate,Southeast,Tennessee,Clothing,Activewear,Under Armour Shorts,41.65,2,5,4.17,0.0,79.13,26.99,25.15,Online,PayPal,3,1
ORD-01406,2023-09-05,2023-09-11,6,CUST-2276,Consumer,Midwest,Illinois,Electronics,Headphones,Sony WH-1000XM5,288.29,1,25,72.07,0.0,216.22,160.78,55.44,In-Store,PayPal,1,0
ORD-01407,2023-08-03,2023-08-10,7,CUST-1411,Consumer,Southeast,Florida,Clothing,Accessories,Coach Wallet,81.37,1,10,8.14,14.82,73.23,48.54,24.69,Mobile App,Credit Card,4,0
ORD-01408,2023-04-25,2023-04-29,4,CUST-1209,Consumer,Northeast,Pennsylvania,Office Supplies,Desks & Chairs,Herman Miller Aeron,1281.53,5,0,0.0,7.97,6407.65,931.65,1749.4,Mobile App,Debit Card,5,0
ORD-01409,2024-06-20,2024-06-21,1,CUST-1321,Small Business,Southeast,Georgia,Office Supplies,Paper Products,Moleskine Notebook,14.68,2,5,1.47,20.12,27.89,10.88,6.13,Mobile App,Credit Card,4,0
ORD-01410,2024-05-03,2024-05-05,2,CUST-2578,Consumer,Midwest,Michigan,Home & Kitchen,Cookware,Cuisinart Knife Set,79.62,3,0,0.0,7.7,238.86,44.29,105.99,In-Store,Apple Pay,3,0
ORD-01411,2023-04-08,2023-04-09,1,CUST-2810,Consumer,Southwest,New Mexico,Electronics,Tablets,Samsung Galaxy Tab S6,337.31,1,5,16.87,13.5,320.44,244.18,76.26,Online,Gift Card,3,0
ORD-01412,2024-02-06,2024-02-11,5,CUST-2272,Small Business,Northeast,Massachusetts,Office Supplies,Desks & Chairs,Herman Miller Aeron,1343.18,2,0,0.0,9.69,2686.36,803.36,1079.64,In-Store,Apple Pay,4,0
ORD-01413,2023-12-10,2023-12-11,1,CUST-3175,Small Business,Southeast,Tennessee,Office Supplies,Organizers,Bankers Box Set,25.43,4,0,0.0,18.52,101.72,17.67,31.04,Mobile App,Debit Card,3,0
ORD-01414,2024-07-23,2024-07-28,5,CUST-3264,Consumer,Midwest,Illinois,Home & Kitchen,Storage,ClosetMaid Organizer,68.53,3,0,0.0,0.0,205.59,39.78,86.25,Mobile App,PayPal,1,1
ORD-01415,2023-06-29,2023-06-30,1,CUST-1794,Consumer,West,Washington,Electronics,Smartphones,iPhone SE,424.45,1,5,21.22,17.18,403.23,265.59,137.64,In-Store,Credit Card,4,0
ORD-01416,2023-03-29,2023-04-04,6,CUST-1439,Corporate,Midwest,Ohio,Home & Kitchen,Appliances,Keurig K-Slim,114.56,4,5,22.91,0.0,435.33,64.95,175.53,Mobile App,Gift Card,3,0
ORD-01417,2023-11-25,2023-11-27,2,CUST-1219,Small Business,Northeast,Massachusetts,Electronics,Headphones,Bose QC45,292.87,1,20,58.57,9.26,234.3,208.46,25.84,In-Store,Debit Card,5,0
ORD-01418,2024-05-30,2024-06-03,4,CUST-2848,Consumer,Southeast,Tennessee,Clothing,Women's Apparel,Adidas Yoga Pants,55.36,2,0,0.0,9.35,110.72,31.28,48.16,Online,Credit Card,3,0
ORD-01419,2024-05-14,2024-05-15,1,CUST-3132,Consumer,Northeast,Pennsylvania,Home & Kitchen,Storage,Sterilite Cart,39.48,2,10,7.9,11.35,71.06,23.27,24.52,Mobile App,Debit Card,5,0
ORD-01420,2023-09-07,2023-09-11,4,CUST-1842,Consumer,Midwest,Wisconsin,Office Supplies,Desks & Chairs,Autonomous SmartDesk,443.07,2,0,0.0,15.05,886.14,248.59,388.96,Mobile App,Credit Card,3,0
ORD-01421,2023-10-07,2023-10-08,1,CUST-2284,Small Business,Southeast,Virginia,Home & Kitchen,Cookware,All-Clad Pan Set,241.15,1,10,24.11,6.92,217.04,170.68,46.36,Mobile App,Debit Card,4,0
ORD-01422,2023-04-13,2023-04-20,7,CUST-1314,Consumer,Northeast,Pennsylvania,Sports & Outdoors,Fitness Equipment,Bowflex Dumbbells,332.59,2,0,0.0,8.37,665.18,198.56,268.06,Online,Gift Card,4,0
ORD-01423,2024-11-19,2024-11-21,2,CUST-2254,Corporate,Northeast,Connecticut,Clothing,Accessories,Ray-Ban Aviators,162.67,1,10,16.27,14.57,146.4,92.26,54.14,In-Store,Apple Pay,5,0
ORD-01424,2024-10-25,2024-10-26,1,CUST-1112,Consumer,Southeast,Virginia,Clothing,Men's Apparel,Levi's 501 Jeans,58.53,1,0,0.0,24.32,58.53,40.59,17.94,In-Store,PayPal,4,0
ORD-01425,2024-10-31,2024-11-01,1,CUST-2721,Corporate,Midwest,Wisconsin,Home & Kitchen,Furniture,IKEA Kallax Shelf,88.83,1,0,0.0,16.67,88.83,62.44,26.39,In-Store,PayPal,3,0
ORD-01426,2024-09-12,2024-09-16,4,CUST-3049,Corporate,Southeast,Tennessee,Sports & Outdoors,Cycling,Bell Helmet,48.42,1,0,0.0,0.0,48.42,30.77,17.65,Online,Credit Card,4,0
ORD-01427,2024-03-01,2024-03-03,2,CUST-3230,Consumer,West,Colorado,Clothing,Activewear,Puma Track Pants,49.5,1,0,0.0,13.8,49.5,35.43,14.07,Mobile App,Apple Pay,3,0
ORD-01428,2024-06-21,2024-06-22,1,CUST-1894,Corporate,Southeast,North Carolina,Electronics,Smartphones,Google Pixel 7a,417.09,1,10,41.71,12.61,375.38,292.92,82.46,Online,Apple Pay,4,0
ORD-01429,2023-01-01,2023-01-03,2,CUST-2702,Consumer,Southeast,Florida,Electronics,Headphones,AirPods Pro 2,241.84,3,10,72.55,10.9,652.97,165.46,156.59,Online,Gift Card,5,0
ORD-01430,2023-09-26,2023-10-01,5,CUST-3471,Small Business,Southeast,North Carolina,Sports & Outdoors,Cycling,Bell Helmet,50.46,2,10,10.09,9.32,90.83,36.86,17.11,In-Store,Credit Card,1,0
ORD-01431,2024-10-18,2024-10-24,6,CUST-1178,Consumer,Northeast,New Jersey,Electronics,Tablets,Amazon Fire HD 10,144.66,5,10,72.33,16.87,650.97,107.19,115.02,In-Store,Credit Card,2,0
ORD-01432,2023-09-28,2023-09-30,2,CUST-2640,Corporate,Northeast,New Jersey,Office Supplies,Desks & Chairs,Autonomous SmartDesk,450.6,2,0,0.0,0.0,901.2,273.13,354.94,Online,Apple Pay,4,0
ORD-01433,2024-10-29,2024-11-01,3,CUST-1436,Consumer,Northeast,Connecticut,Home & Kitchen,Decor,Wall Art Canvas,61.35,2,15,18.41,14.53,104.29,41.79,20.71,In-Store,Gift Card,2,0
ORD-01434,2024-05-17,2024-05-18,1,CUST-2670,Consumer,Northeast,Pennsylvania,Office Supplies,Stationery,Sharpie Marker Set,17.39,5,5,4.35,7.03,82.6,11.49,25.15,Online,PayPal,4,0
ORD-01435,2023-07-24,2023-07-27,3,CUST-1865,Consumer,West,Washington,Office Supplies,Stationery,Sharpie Marker Set,16.44,3,5,2.47,13.36,46.85,11.89,11.18,In-Store,Gift Card,4,0
ORD-01436,2024-06-22,2024-06-23,1,CUST-1703,Consumer,West,Arizona,Office Supplies,Organizers,Bankers Box Set,24.16,1,25,6.04,17.85,18.12,13.52,4.6,In-Store,Apple Pay,4,0
ORD-01437,2023-04-28,2023-05-05,7,CUST-3463,Corporate,Southeast,Georgia,Sports & Outdoors,Fitness Equipment,Bowflex Dumbbells,350.93,1,10,35.09,0.0,315.84,211.8,104.04,Online,Credit Card,2,1
ORD-01438,2024-01-01,2024-01-06,5,CUST-1892,Small Business,West,Oregon,Office Supplies,Printers,Epson EcoTank,208.07,1,10,20.81,16.94,187.26,148.58,38.68,In-Store,Debit Card,3,0
ORD-01439,2024-09-10,2024-09-11,1,CUST-1735,Small Business,Midwest,Ohio,Home & Kitchen,Cookware,Lodge Cast Iron Skillet,30.99,1,0,0.0,16.14,30.99,21.39,9.6,In-Store,PayPal,5,0
ORD-01440,2023-04-19,2023-04-21,2,CUST-1891,Corporate,West,Washington,Clothing,Accessories,Ray-Ban Aviators,155.72,1,5,7.79,6.94,147.93,104.28,43.65,In-Store,PayPal,3,0
ORD-01441,2023-02-23,2023-03-01,6,CUST-2136,Small Business,Midwest,Illinois,Sports & Outdoors,Team Sports,Adidas Soccer Ball,25.68,2,10,5.14,13.56,46.22,17.32,11.58,Online,Gift Card,3,0
ORD-01442,2023-02-02,2023-02-03,1,CUST-2927,Consumer,Midwest,Wisconsin,Office Supplies,Paper Products,Moleskine Notebook,15.4,1,5,0.77,20.2,14.63,9.05,5.58,Online,Credit Card,5,0
ORD-01443,2023-07-16,2023-07-18,2,CUST-1385,Corporate,Southwest,Nevada,Electronics,Headphones,Bose QC45,272.33,1,5,13.62,0.0,258.71,165.78,92.93,Online,Debit Card,4,0
ORD-01444,2024-12-05,2024-12-10,5,CUST-2108,Corporate,West,Washington,Electronics,Headphones,Bose QC45,272.56,4,0,0.0,6.87,1090.24,166.95,422.44,Online,PayPal,2,1
ORD-01445,2023-06-09,2023-06-10,1,CUST-2706,Corporate,Midwest,Illinois,Clothing,Footwear,Nike Air Max 90,123.59,3,15,55.62,12.01,315.15,82.83,66.66,Online,Apple Pay,5,1
ORD-01446,2023-10-08,2023-10-11,3,CUST-1228,Corporate,Northeast,Massachusetts,Home & Kitchen,Furniture,Wayfair Sofa,501.95,1,0,0.0,14.34,501.95,347.02,154.93,Online,PayPal,5,1
ORD-01447,2024-06-04,2024-06-06,2,CUST-1990,Corporate,Southwest,New Mexico,Sports & Outdoors,Fitness Equipment,Resistance Band Set,23.81,4,15,14.29,17.32,80.95,14.05,24.75,In-Store,Debit Card,3,1
ORD-01448,2024-05-06,2024-05-10,4,CUST-1785,Consumer,Southeast,Virginia,Sports & Outdoors,Team Sports,Rawlings Baseball Glove,48.36,4,5,9.67,9.62,183.77,28.22,70.89,Online,Credit Card,4,0
ORD-01449,2024-09-15,2024-09-21,6,CUST-3206,Consumer,Midwest,Wisconsin,Clothing,Footwear,Nike Air Max 90,125.42,1,10,12.54,8.54,112.88,69.04,43.84,Online,Debit Card,4,0
ORD-01450,2024-09-11,2024-09-12,1,CUST-2020,Corporate,Northeast,New Jersey,Home & Kitchen,Appliances,Keurig K-Slim,112.6,1,20,22.52,10.08,90.08,70.52,19.56,In-Store,PayPal,5,0
ORD-01451,2024-07-29,2024-08-05,7,CUST-2528,Small Business,Northeast,Massachusetts,Clothing,Activewear,Puma Track Pants,48.51,1,5,2.43,0.0,46.08,34.65,11.43,Online,Gift Card,3,0
ORD-01452,2024-09-15,2024-09-16,1,CUST-3250,Consumer,Northeast,Connecticut,Electronics,Smartphones,Google Pixel 7a,414.93,1,20,82.99,11.44,331.94,263.23,68.71,Mobile App,PayPal,3,0
ORD-01453,2024-06-19,2024-06-25,6,CUST-2843,Consumer,Northeast,New York,Office Supplies,Organizers,AmazonBasics File Cabinet,94.04,1,10,9.4,10.69,84.64,55.71,28.93,In-Store,Apple Pay,3,0
ORD-01454,2024-08-26,2024-09-02,7,CUST-1336,Consumer,Midwest,Wisconsin,Home & Kitchen,Decor,Pottery Barn Throw Pillow,50.99,1,0,0.0,0.0,50.99,36.77,14.22,Mobile App,Credit Card,1,0
ORD-01455,2023-03-24,2023-03-27,3,CUST-1081,Consumer,Northeast,New Jersey,Office Supplies,Printers,Epson EcoTank,196.72,4,5,39.34,13.63,747.54,127.1,239.14,Online,Gift Card,4,0
ORD-01456,2024-12-03,2024-12-07,4,CUST-2372,Consumer,Southeast,North Carolina,Home & Kitchen,Storage,Sterilite Cart,40.77,2,0,0.0,22.74,81.54,30.33,20.88,In-Store,PayPal,3,0
ORD-01457,2024-02-23,2024-02-27,4,CUST-2825,Small Business,Southeast,Tennessee,Clothing,Accessories,Fossil Watch,132.74,1,0,0.0,20.9,132.74,96.93,35.81,Online,Gift Card,4,0
ORD-01458,2023-05-08,2023-05-14,6,CUST-2684,Consumer,Southeast,Florida,Clothing,Footwear,Nike Air Max 90,126.62,5,10,63.31,14.8,569.79,77.84,180.59,Online,PayPal,3,0
ORD-01459,2023-09-13,2023-09-14,1,CUST-3249,Consumer,Midwest,Michigan,Office Supplies,Paper Products,Moleskine Notebook,14.32,1,10,1.43,12.01,12.89,8.98,3.91,In-Store,Credit Card,5,0
ORD-01460,2024-08-14,2024-08-20,6,CUST-1885,Consumer,Southeast,North Carolina,Electronics,Monitors,ASUS ProArt 27,436.13,1,15,65.42,23.12,370.71,283.81,86.9,In-Store,Apple Pay,4,0
ORD-01461,2024-02-01,2024-02-08,7,CUST-1616,Corporate,Southeast,Georgia,Electronics,Smartphones,Google Pixel 7a,407.19,1,0,0.0,13.05,407.19,241.16,166.03,In-Store,Debit Card,2,0
ORD-01462,2023-07-20,2023-07-23,3,CUST-2693,Consumer,Northeast,Connecticut,Sports & Outdoors,Fitness Equipment,Peloton Bike Mat,57.28,2,10,11.46,22.71,103.1,41.62,19.86,Online,Apple Pay,5,0
ORD-01463,2023-05-20,2023-05-24,4,CUST-1980,Consumer,Southeast,Virginia,Sports & Outdoors,Team Sports,Adidas Soccer Ball,25.99,2,5,2.6,14.76,49.38,17.18,15.02,Online,PayPal,4,0
ORD-01464,2023-10-20,2023-10-27,7,CUST-1102,Consumer,West,Oregon,Clothing,Activewear,Puma Track Pants,49.79,3,5,7.47,5.54,141.9,29.91,52.17,Mobile App,Apple Pay,3,0
ORD-01465,2023-09-29,2023-10-02,3,CUST-1190,Corporate,West,California,Sports & Outdoors,Running,Garmin Forerunner 55,198.89,1,0,0.0,0.0,198.89,117.33,81.56,Mobile App,Debit Card,2,0
ORD-01466,2024-08-07,2024-08-14,7,CUST-1820,Corporate,West,California,Sports & Outdoors,Cycling,Bell Helmet,48.7,1,5,2.44,9.87,46.26,29.61,16.65,Online,PayPal,2,1
ORD-01467,2024-11-24,2024-11-26,2,CUST-3457,Corporate,Southeast,Florida,Electronics,Laptops,HP Pavilion x360,634.44,1,15,95.17,0.0,539.27,358.93,180.34,Mobile App,PayPal,5,0
ORD-01468,2024-12-06,2024-12-09,3,CUST-1380,Consumer,Midwest,Wisconsin,Sports & Outdoors,Cycling,Schwinn Hybrid Bike,363.53,1,0,0.0,13.95,363.53,236.47,127.06,Online,PayPal,4,0
ORD-01469,2024-06-06,2024-06-13,7,CUST-2655,Small Business,Midwest,Indiana,Office Supplies,Stationery,Staedtler Pencil Set,10.22,1,10,1.02,22.16,9.2,6.46,2.74,Online,Gift Card,1,0
ORD-01470,2023-12-18,2023-12-20,2,CUST-1991,Small Business,Midwest,Illinois,Office Supplies,Organizers,Bankers Box Set,24.32,1,0,0.0,16.48,24.32,14.5,9.82,In-Store,Credit Card,3,0
ORD-01471,2024-09-30,2024-10-03,3,CUST-2858,Consumer,Midwest,Ohio,Clothing,Men's Apparel,Nike Dri-FIT Tee,36.3,1,0,0.0,11.16,36.3,23.83,12.47,In-Store,Gift Card,4,0
ORD-01472,2024-05-27,2024-06-02,6,CUST-1924,Consumer,Southeast,North Carolina,Sports & Outdoors,Cycling,Bell Helmet,49.13,3,0,0.0,0.0,147.39,29.6,58.59,Mobile App,Debit Card,4,0
ORD-01473,2024-01-01,2024-01-03,2,CUST-2531,Consumer,Southwest,Utah,Sports & Outdoors,Running,Garmin Forerunner 55,199.57,4,15,119.74,0.0,678.54,113.58,224.22,Mobile App,Debit Card,3,0
ORD-01474,2023-07-20,2023-07-21,1,CUST-1237,Corporate,Northeast,Connecticut,Home & Kitchen,Storage,Container Store Bins,26.08,1,25,6.52,8.35,19.56,18.39,1.17,In-Store,PayPal,5,0
ORD-01475,2024-08-14,2024-08-18,4,CUST-1397,Corporate,Midwest,Illinois,Clothing,Activewear,Puma Track Pants,51.69,1,15,7.75,0.0,43.94,38.49,5.45,Online,Debit Card,4,0
ORD-01476,2024-08-24,2024-08-27,3,CUST-1708,Consumer,Northeast,Massachusetts,Office Supplies,Desks & Chairs,FlexiSpot Standing Desk,388.82,4,15,233.29,6.29,1321.99,291.05,157.79,Mobile App,Debit Card,4,1
ORD-01477,2023-11-16,2023-11-18,2,CUST-1356,Consumer,Northeast,Massachusetts,Home & Kitchen,Storage,ClosetMaid Organizer,71.83,2,0,0.0,23.46,143.66,40.25,63.16,Online,Apple Pay,5,0
ORD-01478,2023-10-30,2023-10-31,1,CUST-1360,Corporate,West,California,Clothing,Women's Apparel,Adidas Yoga Pants,54.23,1,10,5.42,11.4,48.81,39.03,9.78,Online,PayPal,3,0
ORD-01479,2024-11-18,2024-11-20,2,CUST-1752,Consumer,Southwest,Utah,Sports & Outdoors,Cycling,Garmin Edge 530,294.38,2,10,58.88,19.15,529.88,188.79,152.3,In-Store,PayPal,4,0
ORD-01480,2024-09-03,2024-09-10,7,CUST-2558,Consumer,Midwest,Ohio,Sports & Outdoors,Team Sports,Rawlings Baseball Glove,49.57,1,0,0.0,23.34,49.57,34.05,15.52,Online,Credit Card,5,0
ORD-01481,2024-12-07,2024-12-09,2,CUST-1698,Consumer,Northeast,Massachusetts,Clothing,Women's Apparel,North Face Fleece,96.23,1,15,14.43,15.06,81.8,63.23,18.57,Online,Apple Pay,4,0
ORD-01482,2024-10-27,2024-10-28,1,CUST-2440,Corporate,West,Arizona,Office Supplies,Stationery,Pilot G2 Pen Pack,12.69,1,0,0.0,6.72,12.69,8.43,4.26,Online,Debit Card,4,0
ORD-01483,2024-05-19,2024-05-22,3,CUST-2896,Corporate,Northeast,New Jersey,Office Supplies,Stationery,Pilot G2 Pen Pack,12.38,2,0,0.0,23.25,24.76,9.19,6.38,In-Store,Debit Card,3,0
ORD-01484,2023-05-06,2023-05-12,6,CUST-1179,Small Business,Northeast,Pennsylvania,Electronics,Tablets,Samsung Galaxy Tab S6,314.97,1,10,31.5,23.5,283.47,215.87,67.6,Online,Gift Card,2,1
ORD-01485,2023-10-22,2023-10-28,6,CUST-1341,Small Business,Midwest,Ohio,Clothing,Footwear,Nike Air Max 90,127.4,1,5,6.37,21.08,121.03,82.23,38.8,Mobile App,Credit Card,4,0
ORD-01486,2024-10-11,2024-10-14,3,CUST-3090,Consumer,Midwest,Wisconsin,Office Supplies,Printers,Brother Inkjet,145.55,1,10,14.55,17.53,131.0,82.78,48.22,Online,Gift Card,4,0
ORD-01487,2024-03-29,2024-03-30,1,CUST-1361,Consumer,West,Colorado,Home & Kitchen,Decor,Wall Art Canvas,60.73,5,25,75.91,18.17,227.74,36.29,46.29,Online,Debit Card,5,0
ORD-01488,2023-04-11,2023-04-18,7,CUST-2050,Consumer,West,Washington,Office Supplies,Stationery,Pilot G2 Pen Pack,13.11,4,5,2.62,22.63,49.82,8.96,13.98,In-Store,Gift Card,1,0
ORD-01489,2024-06-17,2024-06-24,7,CUST-3410,Consumer,Midwest,Michigan,Clothing,Activewear,Under Armour Shorts,39.22,5,10,19.61,10.18,176.49,26.19,45.54,In-Store,PayPal,2,0
ORD-01490,2024-01-03,2024-01-10,7,CUST-2695,Small Business,Southwest,Nevada,Sports & Outdoors,Camping Gear,REI Sleeping Bag,184.11,1,10,18.41,14.86,165.7,105.9,59.8,In-Store,Gift Card,3,0
ORD-01491,2023-12-06,2023-12-11,5,CUST-2529,Corporate,Midwest,Wisconsin,Clothing,Footwear,New Balance 574,87.16,4,5,17.43,8.28,331.21,63.38,77.69,Mobile App,Credit Card,3,0
ORD-01492,2023-08-03,2023-08-08,5,CUST-2101,Small Business,Northeast,Massachusetts,Office Supplies,Printers,Brother Inkjet,156.62,2,0,0.0,17.77,313.24,99.37,114.5,Online,PayPal,2,0
ORD-01493,2023-10-15,2023-10-22,7,CUST-3001,Corporate,Midwest,Wisconsin,Sports & Outdoors,Cycling,Schwinn Hybrid Bike,339.51,1,5,16.98,11.88,322.53,250.4,72.13,In-Store,Debit Card,5,0
ORD-01494,2023-10-09,2023-10-13,4,CUST-2738,Corporate,Midwest,Indiana,Home & Kitchen,Furniture,West Elm Desk,366.47,1,10,36.65,23.56,329.82,229.83,99.99,Online,Credit Card,5,0
ORD-01495,2023-09-21,2023-09-25,4,CUST-1204,Corporate,Southeast,North Carolina,Office Supplies,Stationery,Sharpie Marker Set,16.75,3,0,0.0,7.22,50.25,11.36,16.17,Online,Debit Card,5,0
ORD-01496,2024-08-02,2024-08-06,4,CUST-1880,Consumer,Southwest,Oklahoma,Office Supplies,Paper Products,HP Printer Paper 5-Ream,29.07,3,5,4.36,11.54,82.85,16.21,34.22,In-Store,PayPal,2,0
ORD-01497,2023-11-09,2023-11-16,7,CUST-1805,Consumer,Midwest,Indiana,Sports & Outdoors,Running,Nathan Hydration Vest,71.85,1,10,7.18,24.09,64.67,45.78,18.89,In-Store,Credit Card,2,1
ORD-01498,2023-11-04,2023-11-07,3,CUST-2609,Consumer,Northeast,Pennsylvania,Clothing,Accessories,Coach Wallet,80.21,1,15,12.03,7.08,68.18,50.54,17.64,Online,Credit Card,3,0
ORD-01499,2023-02-11,2023-02-14,3,CUST-3454,Consumer,Midwest,Indiana,Sports & Outdoors,Cycling,Garmin Edge 530,306.01,3,5,45.9,0.0,872.13,198.65,276.18,In-Store,PayPal,4,0
ORD-01500,2024-12-08,2024-12-09,1,CUST-1890,Small Business,Midwest,Michigan,Sports & Outdoors,Running,Nathan Hydration Vest,72.11,2,10,14.42,0.0,129.8,44.92,39.96,Mobile App,PayPal,5,0
ORD-01501,2024-07-24,2024-07-29,5,CUST-1010,Consumer,Northeast,New York,Sports & Outdoors,Running,Garmin Forerunner 55,191.78,3,5,28.77,10.19,546.57,111.57,211.86,Online,Gift Card,2,1
ORD-01502,2024-04-01,2024-04-05,4,CUST-1393,Consumer,Midwest,Illinois,Sports & Outdoors,Cycling,Schwinn Hybrid Bike,356.88,2,20,142.75,6.28,571.01,263.25,44.51,Online,Gift Card,4,0
ORD-01503,2023-11-11,2023-11-17,6,CUST-2307,Consumer,Northeast,New Jersey,Electronics,Headphones,AirPods Pro 2,256.47,2,0,0.0,17.87,512.94,180.04,152.86,In-Store,Apple Pay,3,0
ORD-01504,2024-08-19,2024-08-26,7,CUST-3308,Consumer,Southwest,Nevada,Electronics,Tablets,Samsung Galaxy Tab S6,334.9,1,10,33.49,11.11,301.41,231.64,69.77,Online,Apple Pay,1,1
ORD-01505,2023-06-28,2023-07-01,3,CUST-1504,Corporate,Southwest,Texas,Office Supplies,Printers,Epson EcoTank,198.09,3,0,0.0,22.29,594.27,146.57,154.56,Online,Apple Pay,2,0
ORD-01506,2023-12-08,2023-12-11,3,CUST-1914,Consumer,Southeast,Georgia,Home & Kitchen,Storage,ClosetMaid Organizer,72.75,1,0,0.0,7.66,72.75,43.83,28.92,Mobile App,Gift Card,3,0
ORD-01507,2023-12-17,2023-12-24,7,CUST-3384,Consumer,Southwest,Nevada,Home & Kitchen,Furniture,Wayfair Sofa,493.69,2,20,197.48,8.02,789.9,292.66,204.58,Online,PayPal,2,0
ORD-01508,2023-12-19,2023-12-25,6,CUST-2236,Corporate,Midwest,Indiana,Home & Kitchen,Storage,Container Store Bins,24.13,2,5,2.41,23.17,45.85,17.6,10.65,In-Store,Apple Pay,2,0
ORD-01509,2024-03-30,2024-04-05,6,CUST-2005,Corporate,Northeast,New York,Sports & Outdoors,Fitness Equipment,Peloton Bike Mat,62.84,1,10,6.28,0.0,56.56,42.53,14.03,Mobile App,Apple Pay,4,0
ORD-01510,2023-10-25,2023-10-26,1,CUST-1318,Consumer,Northeast,Pennsylvania,Home & Kitchen,Storage,ClosetMaid Organizer,68.01,5,5,17.0,20.32,323.05,50.18,72.15,Online,Gift Card,5,0
ORD-01511,2024-04-16,2024-04-21,5,CUST-2629,Corporate,Southeast,Florida,Electronics,Laptops,HP Pavilion x360,627.47,2,20,250.99,5.66,1003.95,444.32,115.31,Online,Gift Card,2,1
ORD-01512,2024-12-21,2024-12-23,2,CUST-2458,Consumer,West,Oregon,Office Supplies,Paper Products,Moleskine Notebook,15.12,2,15,4.54,12.05,25.7,9.66,6.38,Mobile App,Debit Card,4,0
ORD-01513,2024-12-21,2024-12-28,7,CUST-2269,Consumer,Southeast,Virginia,Electronics,Headphones,Sony WH-1000XM5,293.09,1,5,14.65,21.01,278.44,166.2,112.24,Online,Credit Card,1,0
ORD-01514,2023-06-18,2023-06-22,4,CUST-1045,Small Business,Southeast,North Carolina,Office Supplies,Paper Products,Post-it Notes Bulk,19.44,1,10,1.94,16.35,17.5,12.56,4.94,Mobile App,PayPal,4,0
ORD-01515,2024-11-11,2024-11-17,6,CUST-1279,Small Business,Southeast,Georgia,Home & Kitchen,Decor,Yankee Candle Set,36.12,2,0,0.0,11.84,72.24,23.58,25.08,Online,Apple Pay,4,0
ORD-01516,2023-05-25,2023-05-28,3,CUST-1443,Consumer,Southwest,Utah,Sports & Outdoors,Running,Nathan Hydration Vest,71.2,1,15,10.68,8.31,60.52,52.79,7.73,In-Store,Debit Card,5,0
ORD-01517,2024-08-22,2024-08-28,6,CUST-2298,Consumer,Southeast,Tennessee,Office Supplies,Paper Products,Post-it Notes Bulk,19.78,3,15,8.9,24.27,50.44,13.88,8.8,In-Store,PayPal,4,0
ORD-01518,2023-10-14,2023-10-18,4,CUST-1844,Consumer,Southeast,Florida,Electronics,Monitors,LG 27-inch 4K,355.79,3,10,106.74,6.7,960.63,250.09,210.36,Mobile App,Credit Card,4,0
ORD-01519,2024-07-19,2024-07-26,7,CUST-1679,Small Business,West,Arizona,Electronics,Monitors,LG 27-inch 4K,347.5,1,25,86.88,0.0,260.62,212.04,48.58,Mobile App,Credit Card,2,1
ORD-01520,2023-01-29,2023-01-31,2,CUST-2617,Consumer,Southwest,Oklahoma,Office Supplies,Paper Products,HP Printer Paper 5-Ream,28.67,1,0,0.0,8.37,28.67,16.33,12.34,Mobile App,Credit Card,4,0
ORD-01521,2023-10-26,2023-10-30,4,CUST-1269,Corporate,Southeast,Virginia,Electronics,Monitors,LG 27-inch 4K,349.4,5,10,174.7,20.5,1572.3,199.75,573.55,Online,Credit Card,4,0
ORD-01522,2024-10-13,2024-10-17,4,CUST-2585,Consumer,Southeast,Florida,Sports & Outdoors,Camping Gear,Coleman Tent 4P,130.2,1,5,6.51,7.05,123.69,86.22,37.47,Mobile App,Debit Card,5,0
ORD-01523,2023-11-01,2023-11-03,2,CUST-3312,Consumer,West,Oregon,Office Supplies,Stationery,Sharpie Marker Set,16.28,1,10,1.63,18.68,14.65,9.07,5.58,In-Store,PayPal,5,0
ORD-01524,2024-12-27,2024-12-28,1,CUST-3231,Consumer,Midwest,Ohio,Home & Kitchen,Appliances,Keurig K-Slim,112.25,3,25,84.19,7.46,252.56,75.12,27.2,In-Store,Gift Card,3,0
ORD-01525,2023-05-26,2023-06-01,6,CUST-1713,Small Business,Midwest,Indiana,Electronics,Headphones,AirPods Pro 2,260.55,1,25,65.14,23.02,195.41,146.79,48.62,Online,Debit Card,3,0
ORD-01526,2023-04-26,2023-05-03,7,CUST-1338,Corporate,Southeast,Florida,Office Supplies,Organizers,AmazonBasics File Cabinet,85.58,1,0,0.0,9.63,85.58,61.87,23.71,Mobile App,Gift Card,4,0
ORD-01527,2023-01-05,2023-01-06,1,CUST-1362,Consumer,Southeast,Virginia,Clothing,Footwear,Nike Air Max 90,126.79,1,0,0.0,19.11,126.79,84.29,42.5,Online,Credit Card,3,0
ORD-01528,2023-06-04,2023-06-06,2,CUST-3019,Corporate,Southwest,New Mexico,Clothing,Men's Apparel,Columbia Jacket,91.2,1,5,4.56,5.23,86.64,63.05,23.59,Online,Gift Card,4,0
ORD-01529,2023-03-25,2023-03-28,3,CUST-2037,Corporate,West,California,Clothing,Men's Apparel,Nike Dri-FIT Tee,33.44,1,5,1.67,0.0,31.77,22.23,9.54,Mobile App,Credit Card,3,1
ORD-01530,2024-07-07,2024-07-11,4,CUST-3404,Corporate,West,Arizona,Office Supplies,Printers,HP LaserJet Pro,292.76,1,5,14.64,21.64,278.12,205.29,72.83,In-Store,Credit Card,1,0
ORD-01531,2024-04-10,2024-04-14,4,CUST-2393,Corporate,Midwest,Ohio,Electronics,Headphones,Sony WH-1000XM5,292.92,1,0,0.0,19.44,292.92,207.46,85.46,Online,Apple Pay,5,0
ORD-01532,2023-04-30,2023-05-01,1,CUST-2185,Small Business,West,Oregon,Office Supplies,Printers,Epson EcoTank,204.01,3,10,61.2,9.33,550.83,152.32,93.87,In-Store,Apple Pay,3,0
ORD-01533,2023-06-16,2023-06-17,1,CUST-2482,Small Business,Southeast,Virginia,Office Supplies,Organizers,AmazonBasics File Cabinet,88.18,3,10,26.45,7.09,238.09,56.92,67.33,In-Store,Apple Pay,4,0
ORD-01534,2023-10-24,2023-10-29,5,CUST-3493,Small Business,Midwest,Michigan,Sports & Outdoors,Cycling,Bell Helmet,49.77,1,10,4.98,9.19,44.79,29.03,15.76,Online,Credit Card,4,0
ORD-01535,2024-06-03,2024-06-09,6,CUST-3244,Consumer,Northeast,Connecticut,Office Supplies,Printers,Epson EcoTank,197.57,1,15,29.64,23.43,167.93,131.98,35.95,In-Store,Debit Card,3,0
ORD-01536,2024-05-02,2024-05-04,2,CUST-2818,Consumer,Northeast,Connecticut,Sports & Outdoors,Running,Garmin Forerunner 55,205.13,2,5,20.51,21.5,389.75,121.24,147.27,Online,Gift Card,3,0
ORD-01537,2023-03-13,2023-03-17,4,CUST-1788,Small Business,Midwest,Illinois,Electronics,Headphones,Sony WH-1000XM5,301.61,5,0,0.0,20.85,1508.05,191.19,552.1,In-Store,Debit Card,3,0
ORD-01538,2024-12-01,2024-12-08,7,CUST-1928,Small Business,Northeast,New Jersey,Clothing,Activewear,Reebok Sports Bra,34.57,4,0,0.0,22.78,138.28,24.46,40.44,Mobile App,Gift Card,5,0
ORD-01539,2024-11-27,2024-11-30,3,CUST-2039,Corporate,Southeast,North Carolina,Clothing,Women's Apparel,Lululemon Tank,66.8,1,20,13.36,7.72,53.44,38.62,14.82,Online,Credit Card,1,0
ORD-01540,2024-06-27,2024-07-04,7,CUST-1586,Consumer,Southwest,Utah,Home & Kitchen,Cookware,All-Clad Pan Set,243.63,1,20,48.73,20.06,194.9,139.67,55.23,In-Store,Debit Card,2,1
ORD-01541,2024-06-26,2024-07-01,5,CUST-3229,Small Business,West,Oregon,Clothing,Accessories,Fossil Watch,125.21,3,0,0.0,0.0,375.63,77.21,144.0,Mobile App,Gift Card,3,1
ORD-01542,2024-02-11,2024-02-12,1,CUST-1855,Corporate,Northeast,New Jersey,Electronics,Smartphones,Google Pixel 7a,384.88,2,0,0.0,5.67,769.76,280.02,209.72,In-Store,PayPal,4,1
ORD-01543,2024-08-29,2024-08-30,1,CUST-1711,Consumer,West,Washington,Office Supplies,Stationery,Staedtler Pencil Set,10.41,2,5,1.04,20.94,19.78,6.81,6.16,Online,PayPal,4,0
ORD-01544,2024-08-13,2024-08-17,4,CUST-2386,Consumer,West,Colorado,Office Supplies,Stationery,Sharpie Marker Set,16.54,1,5,0.83,15.12,15.71,11.61,4.1,Online,Credit Card,3,0
ORD-01545,2024-12-02,2024-12-05,3,CUST-2662,Corporate,Southwest,New Mexico,Clothing,Men's Apparel,Levi's 501 Jeans,58.78,2,5,5.88,0.0,111.68,43.46,24.76,In-Store,Credit Card,2,1
ORD-01546,2024-03-01,2024-03-03,2,CUST-2197,Consumer,Northeast,Connecticut,Home & Kitchen,Furniture,IKEA Kallax Shelf,91.61,1,5,4.58,21.49,87.03,58.58,28.45,Mobile App,Apple Pay,4,0
ORD-01547,2024-07-09,2024-07-14,5,CUST-2374,Consumer,Southwest,New Mexico,Clothing,Men's Apparel,Columbia Jacket,89.93,5,5,22.48,9.31,427.17,65.69,98.72,In-Store,Credit Card,4,0
ORD-01548,2024-04-01,2024-04-05,4,CUST-2979,Consumer,Southwest,New Mexico,Clothing,Women's Apparel,Lululemon Tank,69.11,1,0,0.0,17.41,69.11,42.74,26.37,Online,Credit Card,4,0
ORD-01549,2024-11-16,2024-11-22,6,CUST-1809,Corporate,Midwest,Michigan,Electronics,Monitors,LG 27-inch 4K,337.91,1,15,50.69,9.76,287.22,234.77,52.45,Online,Credit Card,4,0
ORD-01550,2024-05-03,2024-05-07,4,CUST-1079,Corporate,Midwest,Wisconsin,Clothing,Activewear,Under Armour Shorts,40.52,1,25,10.13,7.49,30.39,25.3,5.09,Mobile App,Apple Pay,2,1
ORD-01551,2024-04-22,2024-04-24,2,CUST-2230,Consumer,Southeast,Virginia,Home & Kitchen,Furniture,Wayfair Sofa,515.52,4,0,0.0,8.16,2062.08,368.77,587.0,Online,Gift Card,3,0
ORD-01552,2024-10-30,2024-11-02,3,CUST-3029,Small Business,Midwest,Indiana,Sports & Outdoors,Camping Gear,REI Sleeping Bag,179.63,1,15,26.94,8.82,152.69,130.48,22.21,Online,PayPal,4,0
ORD-01553,2023-06-18,2023-06-24,6,CUST-2106,Consumer,Midwest,Indiana,Home & Kitchen,Decor,Pottery Barn Throw Pillow,51.04,1,5,2.55,22.32,48.49,31.21,17.28,Online,Gift Card,1,1
ORD-01554,2024-06-30,2024-07-03,3,CUST-1522,Consumer,Midwest,Michigan,Clothing,Footwear,Adidas Ultraboost,171.9,2,5,17.19,0.0,326.61,95.6,135.41,Online,PayPal,4,0
ORD-01555,2023-10-22,2023-10-27,5,CUST-1240,Corporate,West,Colorado,Sports & Outdoors,Camping Gear,Coleman Tent 4P,135.49,1,10,13.55,9.61,121.94,80.5,41.44,Mobile App,PayPal,5,0
ORD-01556,2023-04-13,2023-04-16,3,CUST-1047,Small Business,Midwest,Ohio,Sports & Outdoors,Camping Gear,Coleman Tent 4P,129.47,4,0,0.0,23.22,517.88,92.43,148.16,In-Store,Apple Pay,4,0
ORD-01557,2024-10-11,2024-10-13,2,CUST-2971,Corporate,Northeast,Pennsylvania,Clothing,Activewear,Under Armour Shorts,40.1,1,0,0.0,11.11,40.1,27.97,12.13,In-Store,PayPal,4,0
ORD-01558,2024-05-03,2024-05-10,7,CUST-3305,Consumer,West,California,Home & Kitchen,Appliances,Dyson V15 Vacuum,645.52,1,0,0.0,14.29,645.52,472.88,172.64,Online,Credit Card,4,0
ORD-01559,2023-01-17,2023-01-24,7,CUST-2163,Consumer,Midwest,Illinois,Sports & Outdoors,Cycling,Bell Helmet,50.71,1,15,7.61,14.77,43.1,30.94,12.16,In-Store,PayPal,3,0
ORD-01560,2023-06-30,2023-07-07,7,CUST-3353,Corporate,Midwest,Illinois,Sports & Outdoors,Team Sports,Adidas Soccer Ball,25.61,2,10,5.12,12.26,46.1,17.85,10.4,Online,Gift Card,2,1
ORD-01561,2024-02-14,2024-02-19,5,CUST-3092,Consumer,Midwest,Michigan,Home & Kitchen,Appliances,Dyson V15 Vacuum,629.4,3,10,188.82,15.26,1699.38,470.96,286.5,In-Store,Debit Card,2,1
ORD-01562,2023-04-11,2023-04-13,2,CUST-2038,Consumer,Southwest,New Mexico,Electronics,Headphones,Sony WH-1000XM5,311.93,1,0,0.0,0.0,311.93,213.93,98.0,Online,Debit Card,3,0
ORD-01563,2023-01-23,2023-01-24,1,CUST-2497,Small Business,Midwest,Wisconsin,Home & Kitchen,Appliances,Dyson V15 Vacuum,633.2,3,0,0.0,6.44,1899.6,392.18,723.06,Online,PayPal,2,0
ORD-01564,2024-01-01,2024-01-04,3,CUST-2520,Consumer,Southeast,Virginia,Electronics,Monitors,Dell 24-inch FHD,195.46,2,10,39.09,18.73,351.83,113.46,124.91,Mobile App,Credit Card,2,1
ORD-01565,2024-01-17,2024-01-24,7,CUST-1914,Small Business,West,Washington,Home & Kitchen,Appliances,Dyson V15 Vacuum,649.1,3,0,0.0,21.88,1947.3,424.11,674.97,Mobile App,PayPal,5,0
ORD-01566,2024-12-06,2024-12-10,4,CUST-2137,Consumer,Southwest,Texas,Office Supplies,Stationery,Pilot G2 Pen Pack,13.32,1,5,0.67,22.87,12.65,8.28,4.37,Online,Gift Card,4,0
ORD-01567,2024-02-24,2024-02-28,4,CUST-2280,Consumer,Northeast,Connecticut,Electronics,Headphones,Sony WH-1000XM5,305.08,3,0,0.0,23.96,915.24,200.53,313.65,Online,Credit Card,4,0
ORD-01568,2023-02-12,2023-02-13,1,CUST-1172,Corporate,Southeast,Florida,Home & Kitchen,Storage,Sterilite Cart,39.42,2,5,3.94,14.2,74.9,26.82,21.26,Online,Apple Pay,1,1
ORD-01569,2024-08-30,2024-09-04,5,CUST-2600,Corporate,Northeast,New York,Electronics,Tablets,Samsung Galaxy Tab S6,337.67,2,15,101.3,15.26,574.04,226.23,121.58,In-Store,Debit Card,1,1
ORD-01570,2024-11-03,2024-11-07,4,CUST-2563,Consumer,Southwest,Utah,Office Supplies,Desks & Chairs,Herman Miller Aeron,1304.63,5,5,326.16,18.69,6196.99,809.47,2149.64,Mobile App,PayPal,4,0
ORD-01571,2023-12-09,2023-12-15,6,CUST-2876,Corporate,West,Arizona,Clothing,Accessories,Fossil Watch,129.72,1,0,0.0,21.47,129.72,75.4,54.32,In-Store,PayPal,3,0
ORD-01572,2023-08-04,2023-08-09,5,CUST-2520,Small Business,Southeast,North Carolina,Electronics,Headphones,Bose QC45,287.86,1,10,28.79,20.36,259.07,213.56,45.51,Online,Gift Card,3,1
ORD-01573,2023-04-16,2023-04-20,4,CUST-3298,Consumer,Midwest,Michigan,Home & Kitchen,Storage,Sterilite Cart,38.31,1,5,1.92,5.7,36.39,24.04,12.35,Online,Apple Pay,4,0
ORD-01574,2023-12-12,2023-12-14,2,CUST-1858,Consumer,Southwest,Texas,Sports & Outdoors,Cycling,Bell Helmet,50.53,1,5,2.53,24.93,48.0,31.48,16.52,Mobile App,Credit Card,5,0
ORD-01575,2024-08-25,2024-08-31,6,CUST-3028,Corporate,Southwest,Texas,Electronics,Smartphones,iPhone SE,426.92,2,25,213.46,20.4,640.38,299.56,41.26,In-Store,Credit Card,3,0
ORD-01576,2024-12-05,2024-12-11,6,CUST-2401,Small Business,Northeast,New Jersey,Sports & Outdoors,Fitness Equipment,Peloton Bike Mat,57.91,1,5,2.9,0.0,55.01,41.72,13.29,Online,PayPal,2,0
ORD-01577,2023-10-30,2023-11-01,2,CUST-1054,Consumer,Midwest,Illinois,Office Supplies,Desks & Chairs,FlexiSpot Standing Desk,393.02,2,20,157.21,17.61,628.83,260.81,107.21,In-Store,PayPal,4,0
ORD-01578,2023-07-27,2023-07-30,3,CUST-2138,Consumer,West,Oregon,Clothing,Activewear,Under Armour Shorts,38.11,3,0,0.0,8.14,114.33,21.57,49.62,In-Store,Credit Card,4,1
ORD-01579,2023-04-19,2023-04-20,1,CUST-2655,Corporate,Southeast,Tennessee,Office Supplies,Stationery,Sharpie Marker Set,16.8,5,5,4.2,8.88,79.8,10.96,25.0,In-Store,Debit Card,2,0
ORD-01580,2023-02-27,2023-02-28,1,CUST-2074,Consumer,Northeast,New Jersey,Clothing,Men's Apparel,Levi's 501 Jeans,57.22,1,25,14.3,22.05,42.92,35.85,7.07,Online,PayPal,5,0
ORD-01581,2023-04-15,2023-04-17,2,CUST-2990,Consumer,Southwest,New Mexico,Office Supplies,Desks & Chairs,Herman Miller Aeron,1240.64,1,5,62.03,0.0,1178.61,816.9,361.71,Online,Gift Card,4,0
ORD-01582,2024-10-12,2024-10-19,7,CUST-3274,Consumer,Midwest,Wisconsin,Office Supplies,Stationery,Pilot G2 Pen Pack,12.96,1,0,0.0,21.2,12.96,8.71,4.25,Mobile App,Debit Card,1,1
ORD-01583,2023-06-02,2023-06-03,1,CUST-2559,Small Business,Northeast,Massachusetts,Sports & Outdoors,Camping Gear,REI Sleeping Bag,175.21,1,15,26.28,9.52,148.93,99.06,49.87,Mobile App,Gift Card,3,0
ORD-01584,2024-10-08,2024-10-12,4,CUST-1417,Corporate,Midwest,Illinois,Home & Kitchen,Furniture,West Elm Desk,346.8,3,10,104.04,0.0,936.36,217.32,284.4,Mobile App,Gift Card,4,0
ORD-01585,2024-08-17,2024-08-23,6,CUST-1285,Consumer,West,Arizona,Clothing,Footwear,Adidas Ultraboost,173.56,5,10,86.78,16.19,781.02,106.0,251.02,Mobile App,Credit Card,2,0
ORD-01586,2024-06-12,2024-06-16,4,CUST-2479,Corporate,Northeast,Massachusetts,Electronics,Tablets,iPad 10th Gen,431.36,4,0,0.0,17.71,1725.44,297.97,533.56,Mobile App,PayPal,3,0
ORD-01587,2024-02-29,2024-03-02,2,CUST-2289,Corporate,Northeast,Pennsylvania,Electronics,Headphones,AirPods Pro 2,250.07,1,10,25.01,0.0,225.06,163.87,61.19,Online,PayPal,5,0
ORD-01588,2024-04-30,2024-05-07,7,CUST-3151,Consumer,Northeast,New Jersey,Sports & Outdoors,Cycling,Garmin Edge 530,308.71,5,10,154.35,9.44,1389.2,197.88,399.8,Mobile App,PayPal,3,0
ORD-01589,2024-04-05,2024-04-12,7,CUST-2747,Small Business,Northeast,New Jersey,Clothing,Activewear,Under Armour Shorts,41.87,2,5,4.19,0.0,79.55,28.18,23.19,In-Store,Credit Card,1,0
ORD-01590,2024-04-06,2024-04-07,1,CUST-1678,Corporate,Southeast,Florida,Office Supplies,Desks & Chairs,Herman Miller Aeron,1266.38,1,20,253.28,0.0,1013.1,870.12,142.98,Mobile App,PayPal,4,0
ORD-01591,2023-11-26,2023-12-02,6,CUST-1049,Corporate,Northeast,Pennsylvania,Electronics,Laptops,HP Pavilion x360,623.69,1,25,155.92,12.56,467.77,417.8,49.97,In-Store,Gift Card,2,0
ORD-01592,2024-10-27,2024-11-02,6,CUST-1151,Corporate,Northeast,New York,Electronics,Laptops,HP Pavilion x360,603.01,3,0,0.0,22.22,1809.03,390.3,638.13,In-Store,PayPal,3,0
ORD-01593,2024-03-30,2024-03-31,1,CUST-2833,Consumer,Midwest,Illinois,Electronics,Headphones,Sony WH-1000XM5,309.95,2,15,92.98,5.46,526.92,232.01,62.9,Online,PayPal,4,0
ORD-01594,2023-10-14,2023-10-15,1,CUST-1005,Corporate,Northeast,New Jersey,Office Supplies,Printers,Epson EcoTank,204.02,2,5,20.4,9.57,387.64,126.18,135.28,In-Store,Debit Card,4,0
ORD-01595,2023-02-26,2023-03-04,6,CUST-1886,Corporate,Southeast,Tennessee,Office Supplies,Paper Products,Post-it Notes Bulk,19.42,2,25,9.71,0.0,29.13,12.18,4.77,In-Store,Apple Pay,2,1
ORD-01596,2024-08-04,2024-08-07,3,CUST-1628,Consumer,West,Colorado,Clothing,Footwear,New Balance 574,93.85,1,10,9.38,16.19,84.47,55.3,29.17,Mobile App,PayPal,5,0
ORD-01597,2024-05-05,2024-05-06,1,CUST-2763,Consumer,Midwest,Indiana,Office Supplies,Stationery,Staedtler Pencil Set,10.48,1,10,1.05,9.01,9.43,7.77,1.66,Mobile App,Gift Card,4,0
ORD-01598,2023-01-07,2023-01-09,2,CUST-2519,Consumer,Southeast,Tennessee,Electronics,Headphones,Sony WH-1000XM5,288.75,3,5,43.31,0.0,822.94,209.68,193.9,Online,Gift Card,4,0
ORD-01599,2023-09-27,2023-09-30,3,CUST-1541,Small Business,Southeast,Virginia,Clothing,Activewear,Reebok Sports Bra,33.6,2,5,3.36,17.91,63.84,20.47,22.9,In-Store,Debit Card,4,0
ORD-01600,2024-05-01,2024-05-02,1,CUST-1196,Corporate,West,California,Office Supplies,Stationery,Sharpie Marker Set,16.4,5,10,8.2,22.03,73.8,10.08,23.4,Online,Debit Card,4,0
ORD-01601,2024-11-13,2024-11-20,7,CUST-1192,Corporate,Southwest,Texas,Electronics,Laptops,HP Pavilion x360,651.79,1,5,32.59,20.75,619.2,418.41,200.79,In-Store,Credit Card,1,0
ORD-01602,2024-11-19,2024-11-25,6,CUST-1893,Small Business,Midwest,Ohio,Office Supplies,Printers,Epson EcoTank,202.48,5,15,151.86,22.78,860.54,142.31,148.99,Mobile App,Apple Pay,1,1
ORD-01603,2023-03-17,2023-03-20,3,CUST-1294,Corporate,Northeast,Pennsylvania,Office Supplies,Desks & Chairs,Herman Miller Aeron,1295.6,2,20,518.24,13.24,2072.96,875.33,322.3,Mobile App,Credit Card,4,0
ORD-01604,2024-06-27,2024-07-01,4,CUST-2693,Corporate,Midwest,Ohio,Electronics,Headphones,Sony WH-1000XM5,314.51,3,5,47.18,0.0,896.35,224.68,222.31,Online,Debit Card,5,0
ORD-01605,2023-09-26,2023-09-29,3,CUST-3341,Consumer,West,Colorado,Office Supplies,Paper Products,Post-it Notes Bulk,20.24,2,0,0.0,14.24,40.48,13.52,13.44,Online,Debit Card,5,0
ORD-01606,2023-08-22,2023-08-26,4,CUST-3325,Consumer,Midwest,Michigan,Clothing,Activewear,Under Armour Shorts,39.6,4,10,15.84,0.0,142.56,25.38,41.04,Mobile App,Gift Card,3,0
ORD-01607,2023-11-25,2023-12-01,6,CUST-1475,Corporate,Northeast,New Jersey,Home & Kitchen,Appliances,Dyson V15 Vacuum,637.07,1,0,0.0,9.96,637.07,416.67,220.4,In-Store,Gift Card,3,0
ORD-01608,2023-03-18,2023-03-21,3,CUST-1683,Consumer,Southeast,Georgia,Clothing,Men's Apparel,Nike Dri-FIT Tee,35.06,1,10,3.51,6.69,31.55,21.53,10.02,Online,Credit Card,5,0
ORD-01609,2024-05-08,2024-05-12,4,CUST-1597,Consumer,Midwest,Wisconsin,Electronics,Smartphones,iPhone SE,409.17,2,10,81.83,24.06,736.51,284.76,166.99,Online,Apple Pay,3,0
ORD-01610,2023-07-14,2023-07-16,2,CUST-3002,Small Business,Southeast,North Carolina,Electronics,Monitors,LG 27-inch 4K,355.52,1,0,0.0,14.36,355.52,237.45,118.07,In-Store,Gift Card,3,0
ORD-01611,2024-08-15,2024-08-19,4,CUST-2743,Small Business,Southeast,North Carolina,Electronics,Monitors,ASUS ProArt 27,427.9,3,0,0.0,0.0,1283.7,293.73,402.51,In-Store,Apple Pay,1,1
ORD-01612,2023-06-01,2023-06-08,7,CUST-3081,Consumer,Southwest,Nevada,Sports & Outdoors,Running,Brooks Ghost 15,140.77,1,5,7.04,9.15,133.73,97.98,35.75,Online,Apple Pay,5,0
ORD-01613,2024-12-17,2024-12-21,4,CUST-1940,Corporate,Southwest,Oklahoma,Office Supplies,Paper Products,Moleskine Notebook,15.5,1,25,3.88,0.0,11.62,9.06,2.56,In-Store,Debit Card,2,1
ORD-01614,2024-03-13,2024-03-15,2,CUST-3007,Consumer,Southwest,Oklahoma,Office Supplies,Printers,HP LaserJet Pro,285.19,1,5,14.26,16.0,270.93,192.06,78.87,In-Store,Credit Card,4,0
ORD-01615,2024-09-19,2024-09-22,3,CUST-2048,Consumer,West,Washington,Sports & Outdoors,Cycling,Schwinn Hybrid Bike,343.94,1,10,34.39,5.38,309.55,212.01,97.54,Mobile App,Credit Card,4,0
ORD-01616,2024-12-28,2025-01-03,6,CUST-2124,Consumer,Southeast,Georgia,Clothing,Men's Apparel,Levi's 501 Jeans,59.7,1,0,0.0,8.06,59.7,34.38,25.32,In-Store,Debit Card,3,0
ORD-01617,2023-07-22,2023-07-27,5,CUST-2746,Consumer,Southwest,Oklahoma,Clothing,Activewear,Under Armour Shorts,38.56,5,15,28.92,0.0,163.88,28.59,20.93,Online,Apple Pay,2,0
ORD-01618,2024-09-18,2024-09-22,4,CUST-3238,Consumer,Southeast,Tennessee,Sports & Outdoors,Cycling,Schwinn Hybrid Bike,341.39,1,15,51.21,23.85,290.18,206.78,83.4,Online,Gift Card,4,0
ORD-01619,2023-10-22,2023-10-28,6,CUST-1074,Consumer,Southeast,North Carolina,Office Supplies,Desks & Chairs,Autonomous SmartDesk,449.53,1,10,44.95,13.25,404.58,274.15,130.43,Online,Debit Card,2,0
ORD-01620,2024-10-31,2024-11-03,3,CUST-3263,Consumer,Midwest,Indiana,Office Supplies,Organizers,Pendaflex Folders,15.4,1,10,1.54,19.16,13.86,8.85,5.01,Online,Debit Card,2,1
ORD-01621,2023-02-19,2023-02-25,6,CUST-1812,Consumer,Southeast,Tennessee,Clothing,Accessories,Coach Wallet,78.79,1,0,0.0,0.0,78.79,47.61,31.18,Mobile App,Apple Pay,2,0
ORD-01622,2024-09-02,2024-09-08,6,CUST-3177,Corporate,Southeast,Florida,Electronics,Laptops,HP Pavilion x360,618.61,3,15,278.37,14.25,1577.46,425.09,302.19,In-Store,Apple Pay,1,0
ORD-01623,2024-08-24,2024-08-31,7,CUST-3495,Consumer,Northeast,New Jersey,Electronics,Tablets,Samsung Galaxy Tab S6,339.81,3,5,50.97,14.41,968.46,187.37,406.35,In-Store,PayPal,4,0
ORD-01624,2023-08-14,2023-08-18,4,CUST-3426,Small Business,Southeast,North Carolina,Home & Kitchen,Cookware,All-Clad Pan Set,255.9,3,0,0.0,11.41,767.7,158.79,291.33,In-Store,Credit Card,2,0
ORD-01625,2024-07-15,2024-07-19,4,CUST-1159,Corporate,Northeast,Pennsylvania,Home & Kitchen,Decor,Yankee Candle Set,34.12,5,5,8.53,6.75,162.07,24.0,42.07,Online,PayPal,5,0
ORD-01626,2023-04-22,2023-04-27,5,CUST-3114,Consumer,West,Washington,Clothing,Men's Apparel,Levi's 501 Jeans,60.56,1,10,6.06,0.0,54.5,37.86,16.64,Online,Credit Card,1,0
ORD-01627,2024-08-23,2024-08-29,6,CUST-2344,Small Business,Midwest,Ohio,Electronics,Headphones,AirPods Pro 2,240.41,1,0,0.0,17.08,240.41,144.07,96.34,In-Store,Gift Card,1,0
ORD-01628,2024-12-13,2024-12-19,6,CUST-1429,Small Business,Northeast,New Jersey,Clothing,Activewear,Reebok Sports Bra,35.06,1,5,1.75,15.26,33.31,21.76,11.55,In-Store,Gift Card,3,0
ORD-01629,2024-07-13,2024-07-14,1,CUST-2217,Consumer,West,Oregon,Clothing,Activewear,Puma Track Pants,51.05,1,0,0.0,0.0,51.05,37.23,13.82,In-Store,PayPal,4,1
ORD-01630,2023-10-11,2023-10-15,4,CUST-2851,Small Business,Southeast,North Carolina,Home & Kitchen,Cookware,Lodge Cast Iron Skillet,29.7,3,0,0.0,13.51,89.1,21.71,23.97,In-Store,PayPal,4,0
ORD-01631,2023-12-30,2024-01-05,6,CUST-3344,Corporate,Northeast,Connecticut,Electronics,Tablets,iPad 10th Gen,450.68,1,10,45.07,24.09,405.61,330.88,74.73,In-Store,Credit Card,3,0
ORD-01632,2024-03-15,2024-03-20,5,CUST-1862,Small Business,Southeast,North Carolina,Sports & Outdoors,Team Sports,Wilson Basketball,29.74,4,5,5.95,12.56,113.01,22.22,24.13,Online,PayPal,3,0
ORD-01633,2023-02-28,2023-03-01,1,CUST-1808,Corporate,Southwest,Texas,Sports & Outdoors,Running,Garmin Forerunner 55,202.73,1,20,40.55,17.83,162.18,119.34,42.84,In-Store,Apple Pay,5,0
ORD-01634,2024-12-29,2024-12-31,2,CUST-2608,Small Business,Southeast,Georgia,Clothing,Accessories,Coach Wallet,83.62,2,0,0.0,19.55,167.24,51.56,64.12,Online,Debit Card,5,0
ORD-01635,2023-11-19,2023-11-21,2,CUST-2350,Consumer,Southeast,North Carolina,Home & Kitchen,Furniture,Wayfair Sofa,504.7,2,0,0.0,0.0,1009.4,283.0,443.4,Online,Credit Card,3,0
ORD-01636,2023-02-04,2023-02-08,4,CUST-2476,Consumer,Midwest,Michigan,Home & Kitchen,Cookware,Cuisinart Knife Set,76.33,2,25,38.16,0.0,114.5,56.97,0.56,Online,Debit Card,4,0
ORD-01637,2024-07-31,2024-08-06,6,CUST-1630,Corporate,Northeast,Connecticut,Sports & Outdoors,Fitness Equipment,Bowflex Dumbbells,364.94,1,10,36.49,7.94,328.45,244.3,84.15,In-Store,Apple Pay,2,0
ORD-01638,2023-06-22,2023-06-25,3,CUST-2670,Corporate,West,Arizona,Clothing,Men's Apparel,Nike Dri-FIT Tee,35.19,1,0,0.0,23.73,35.19,21.84,13.35,Online,PayPal,4,0
ORD-01639,2023-08-06,2023-08-08,2,CUST-2076,Small Business,West,Colorado,Electronics,Headphones,AirPods Pro 2,257.54,1,5,12.88,9.63,244.66,157.7,86.96,In-Store,Debit Card,4,0
ORD-01640,2024-11-25,2024-11-30,5,CUST-2381,Small Business,Northeast,Massachusetts,Clothing,Women's Apparel,Lululemon Tank,71.28,2,10,14.26,13.47,128.3,51.11,26.08,Online,Debit Card,1,0
ORD-01641,2024-11-23,2024-11-24,1,CUST-2872,Corporate,Northeast,Massachusetts,Electronics,Headphones,Bose QC45,291.68,4,5,58.34,7.15,1108.38,164.34,451.02,Online,Debit Card,3,0
ORD-01642,2024-03-22,2024-03-28,6,CUST-3496,Small Business,Midwest,Ohio,Electronics,Headphones,Sony WH-1000XM5,290.8,2,10,58.16,9.61,523.44,173.76,175.92,In-Store,Gift Card,2,1
ORD-01643,2023-05-31,2023-06-02,2,CUST-1221,Corporate,Northeast,Pennsylvania,Clothing,Men's Apparel,Nike Dri-FIT Tee,34.7,1,0,0.0,7.51,34.7,25.09,9.61,In-Store,Apple Pay,4,0
ORD-01644,2023-11-20,2023-11-26,6,CUST-1685,Corporate,Midwest,Indiana,Office Supplies,Organizers,AmazonBasics File Cabinet,93.89,3,20,56.33,8.17,225.34,52.81,66.91,In-Store,Credit Card,5,1
ORD-01645,2024-03-07,2024-03-11,4,CUST-2086,Corporate,Southwest,Utah,Electronics,Tablets,Samsung Galaxy Tab S6,330.1,1,5,16.5,10.41,313.6,202.95,110.65,Online,Credit Card,4,0
ORD-01646,2024-03-26,2024-03-29,3,CUST-2917,Consumer,Northeast,Pennsylvania,Home & Kitchen,Appliances,Keurig K-Slim,109.61,1,5,5.48,23.11,104.13,65.78,38.35,Online,Gift Card,3,0
ORD-01647,2024-04-14,2024-04-18,4,CUST-2642,Corporate,West,California,Sports & Outdoors,Fitness Equipment,Bowflex Dumbbells,353.72,4,5,70.74,11.12,1344.14,262.0,296.14,In-Store,Debit Card,4,1
ORD-01648,2024-12-04,2024-12-07,3,CUST-1304,Corporate,West,Colorado,Home & Kitchen,Furniture,Wayfair Sofa,518.27,1,0,0.0,13.47,518.27,292.77,225.5,Online,Gift Card,4,0
ORD-01649,2024-12-07,2024-12-09,2,CUST-2528,Small Business,Midwest,Indiana,Home & Kitchen,Decor,Wall Art Canvas,57.86,3,10,17.36,7.45,156.22,38.57,40.51,Mobile App,Debit Card,5,0
ORD-01650,2024-11-19,2024-11-23,4,CUST-2639,Corporate,Northeast,Connecticut,Electronics,Laptops,Lenovo ThinkPad E15,754.22,2,25,377.11,0.0,1131.33,454.3,222.73,Online,Apple Pay,1,0
ORD-01651,2024-05-12,2024-05-14,2,CUST-2553,Small Business,West,California,Home & Kitchen,Appliances,Instant Pot Duo 7-in-1,92.01,1,10,9.2,6.15,82.81,51.61,31.2,Online,Gift Card,4,0
ORD-01652,2024-04-08,2024-04-14,6,CUST-1723,Corporate,West,Oregon,Sports & Outdoors,Fitness Equipment,Resistance Band Set,23.97,1,25,5.99,5.0,17.98,17.62,0.36,In-Store,Apple Pay,3,0
ORD-01653,2023-01-13,2023-01-14,1,CUST-3470,Corporate,Southeast,Georgia,Home & Kitchen,Cookware,All-Clad Pan Set,260.75,1,10,26.07,8.5,234.68,155.39,79.29,Online,Gift Card,5,0
ORD-01654,2024-04-29,2024-05-01,2,CUST-1678,Consumer,Northeast,Connecticut,Home & Kitchen,Appliances,Dyson V15 Vacuum,666.14,1,10,66.61,21.62,599.53,426.5,173.03,Online,Gift Card,5,0
ORD-01655,2023-02-27,2023-02-28,1,CUST-1941,Small Business,Southeast,Virginia,Home & Kitchen,Furniture,Wayfair Sofa,489.58,3,0,0.0,22.01,1468.74,361.42,384.48,Mobile App,Debit Card,4,0
ORD-01656,2024-03-30,2024-04-02,3,CUST-2487,Corporate,West,Colorado,Office Supplies,Organizers,AmazonBasics File Cabinet,91.57,1,0,0.0,21.74,91.57,57.26,34.31,Online,Apple Pay,3,0
ORD-01657,2024-06-17,2024-06-22,5,CUST-2087,Consumer,Southeast,Virginia,Office Supplies,Organizers,Bankers Box Set,23.83,1,10,2.38,20.93,21.45,13.38,8.07,Online,Credit Card,3,0
ORD-01658,2023-12-05,2023-12-06,1,CUST-1290,Small Business,Midwest,Wisconsin,Sports & Outdoors,Camping Gear,Coleman Tent 4P,127.62,1,15,19.14,7.18,108.48,95.05,13.43,Online,Gift Card,4,0
ORD-01659,2024-07-01,2024-07-04,3,CUST-2859,Consumer,Northeast,Connecticut,Office Supplies,Organizers,Pendaflex Folders,15.13,2,10,3.03,0.0,27.23,10.8,5.63,Mobile App,Gift Card,4,0
ORD-01660,2024-12-12,2024-12-14,2,CUST-3352,Small Business,Northeast,Massachusetts,Electronics,Laptops,Dell Inspiron 15,537.05,1,15,80.56,14.9,456.49,332.56,123.93,Online,PayPal,5,0
ORD-01661,2024-06-13,2024-06-18,5,CUST-2866,Consumer,West,Colorado,Office Supplies,Desks & Chairs,FlexiSpot Standing Desk,393.44,2,25,196.72,18.65,590.16,279.69,30.78,In-Store,PayPal,2,0
ORD-01662,2023-04-17,2023-04-20,3,CUST-2752,Corporate,Southeast,Tennessee,Home & Kitchen,Decor,Pottery Barn Throw Pillow,49.78,1,5,2.49,21.16,47.29,32.35,14.94,Mobile App,Debit Card,4,0
ORD-01663,2024-09-26,2024-09-30,4,CUST-3500,Small Business,Southwest,Utah,Office Supplies,Stationery,Staedtler Pencil Set,10.43,5,5,2.61,15.24,49.54,6.43,17.39,Mobile App,Debit Card,3,0
ORD-01664,2023-05-20,2023-05-26,6,CUST-1627,Consumer,West,Arizona,Clothing,Accessories,Ray-Ban Aviators,158.95,2,25,79.47,24.81,238.43,109.53,19.37,In-Store,Debit Card,3,0
ORD-01665,2023-10-13,2023-10-14,1,CUST-1254,Consumer,West,Arizona,Home & Kitchen,Cookware,Cuisinart Knife Set,82.3,2,5,8.23,0.0,156.37,51.02,54.33,Mobile App,Apple Pay,2,0
ORD-01666,2024-04-21,2024-04-27,6,CUST-1721,Corporate,Northeast,Connecticut,Home & Kitchen,Storage,ClosetMaid Organizer,73.26,2,15,21.98,0.0,124.54,41.79,40.96,Online,PayPal,2,0
ORD-01667,2024-10-28,2024-10-29,1,CUST-3013,Consumer,West,Colorado,Electronics,Monitors,Dell 24-inch FHD,195.96,2,0,0.0,8.75,391.92,141.96,108.0,Mobile App,Credit Card,3,0
ORD-01668,2024-07-11,2024-07-14,3,CUST-2214,Consumer,West,Arizona,Sports & Outdoors,Team Sports,Wilson Basketball,29.45,4,5,5.89,22.23,111.91,21.39,26.35,In-Store,PayPal,4,0
ORD-01669,2023-03-23,2023-03-27,4,CUST-2597,Consumer,Midwest,Illinois,Clothing,Activewear,Reebok Sports Bra,33.51,2,0,0.0,19.09,67.02,19.58,27.86,Online,PayPal,5,0
ORD-01670,2024-08-26,2024-08-27,1,CUST-1686,Consumer,Southwest,Utah,Office Supplies,Printers,HP LaserJet Pro,314.8,2,20,125.92,13.97,503.68,226.07,51.54,Online,Credit Card,5,0
ORD-01671,2024-09-23,2024-09-26,3,CUST-3218,Consumer,Midwest,Indiana,Electronics,Smartphones,Samsung Galaxy A54,339.77,2,20,135.91,13.72,543.63,216.27,111.09,Online,Apple Pay,4,0
ORD-01672,2024-12-20,2024-12-24,4,CUST-1029,Small Business,Southeast,Virginia,Clothing,Activewear,Puma Track Pants,51.1,2,25,25.55,23.25,76.65,29.63,17.39,In-Store,Apple Pay,5,1
ORD-01673,2024-02-21,2024-02-25,4,CUST-2855,Small Business,Northeast,Massachusetts,Clothing,Women's Apparel,Lululemon Tank,70.52,2,0,0.0,19.07,141.04,49.46,42.12,Online,Debit Card,3,0
ORD-01674,2024-05-26,2024-05-28,2,CUST-2835,Consumer,Midwest,Illinois,Electronics,Tablets,Samsung Galaxy Tab S6,336.78,1,5,16.84,0.0,319.94,216.87,103.07,Mobile App,Debit Card,3,0
ORD-01675,2023-01-24,2023-01-30,6,CUST-1158,Small Business,Southeast,Georgia,Home & Kitchen,Furniture,West Elm Desk,344.31,5,0,0.0,19.52,1721.55,251.91,462.0,In-Store,Apple Pay,4,1
ORD-01676,2023-10-28,2023-11-04,7,CUST-2406,Consumer,Northeast,Connecticut,Sports & Outdoors,Team Sports,Rawlings Baseball Glove,51.43,3,0,0.0,10.7,154.29,32.62,56.43,In-Store,Apple Pay,4,1
ORD-01677,2024-01-25,2024-01-27,2,CUST-2442,Consumer,Midwest,Michigan,Home & Kitchen,Storage,Sterilite Cart,40.67,4,0,0.0,8.74,162.68,26.43,56.96,In-Store,Debit Card,3,0
ORD-01678,2024-07-01,2024-07-06,5,CUST-2689,Consumer,Southeast,Virginia,Electronics,Laptops,Lenovo ThinkPad E15,730.43,3,20,438.26,16.64,1753.03,491.57,278.32,In-Store,Debit Card,3,0
ORD-01679,2023-01-25,2023-01-31,6,CUST-2539,Corporate,Midwest,Wisconsin,Home & Kitchen,Appliances,Instant Pot Duo 7-in-1,85.92,1,20,17.18,15.22,68.74,62.02,6.72,Online,Gift Card,3,0
ORD-01680,2023-05-28,2023-06-02,5,CUST-2147,Small Business,Midwest,Ohio,Home & Kitchen,Decor,Wall Art Canvas,62.32,2,0,0.0,0.0,124.64,43.94,36.76,In-Store,PayPal,4,0
ORD-01681,2023-07-22,2023-07-25,3,CUST-2211,Corporate,Southeast,Virginia,Electronics,Smartphones,Google Pixel 7a,400.45,2,5,40.05,23.51,760.85,257.15,246.55,In-Store,PayPal,4,0
ORD-01682,2023-12-28,2023-12-30,2,CUST-2172,Corporate,Southeast,North Carolina,Office Supplies,Organizers,AmazonBasics File Cabinet,88.57,5,0,0.0,17.57,442.85,64.6,119.85,In-Store,Apple Pay,2,0
ORD-01683,2023-03-18,2023-03-22,4,CUST-2615,Corporate,Midwest,Wisconsin,Home & Kitchen,Appliances,Dyson V15 Vacuum,660.57,1,10,66.06,6.22,594.51,411.8,182.71,Mobile App,Gift Card,3,0
ORD-01684,2024-10-27,2024-10-29,2,CUST-2073,Corporate,Southeast,Florida,Office Supplies,Paper Products,HP Printer Paper 5-Ream,29.96,1,20,5.99,6.19,23.97,20.74,3.23,Online,Debit Card,5,0
ORD-01685,2024-04-19,2024-04-20,1,CUST-1708,Corporate,Northeast,Massachusetts,Office Supplies,Paper Products,Post-it Notes Bulk,20.45,5,0,0.0,19.46,102.25,14.04,32.05,Mobile App,PayPal,5,0
ORD-01686,2024-08-19,2024-08-24,5,CUST-1250,Consumer,Northeast,Connecticut,Clothing,Footwear,New Balance 574,90.67,3,15,40.8,6.76,231.21,51.51,76.68,Mobile App,Debit Card,2,0
ORD-01687,2024-12-25,2024-12-30,5,CUST-1955,Consumer,Southwest,Nevada,Office Supplies,Printers,HP LaserJet Pro,292.09,1,20,58.42,5.15,233.67,169.64,64.03,Mobile App,Credit Card,2,1
ORD-01688,2023-09-26,2023-09-30,4,CUST-1477,Consumer,West,Oregon,Sports & Outdoors,Fitness Equipment,Bowflex Dumbbells,354.31,1,15,53.15,13.54,301.16,243.9,57.26,Online,PayPal,5,0
ORD-01689,2023-06-04,2023-06-09,5,CUST-1287,Corporate,Northeast,New Jersey,Office Supplies,Desks & Chairs,FlexiSpot Standing Desk,398.76,2,5,39.88,22.18,757.64,222.46,312.72,Online,Gift Card,1,0
ORD-01690,2024-08-15,2024-08-16,1,CUST-1847,Consumer,Southeast,Virginia,Home & Kitchen,Cookware,Lodge Cast Iron Skillet,28.81,1,15,4.32,15.25,24.49,19.16,5.33,In-Store,Apple Pay,5,0
ORD-01691,2023-04-07,2023-04-11,4,CUST-1377,Small Business,Southeast,Georgia,Clothing,Accessories,Coach Wallet,78.39,1,0,0.0,24.8,78.39,57.63,20.76,Online,Debit Card,4,0
ORD-01692,2024-09-25,2024-09-27,2,CUST-3019,Corporate,Northeast,Massachusetts,Sports & Outdoors,Cycling,Schwinn Hybrid Bike,336.41,1,15,50.46,5.45,285.95,233.62,52.33,Online,Gift Card,4,0
ORD-01693,2023-03-20,2023-03-26,6,CUST-2615,Consumer,Northeast,Massachusetts,Sports & Outdoors,Running,Garmin Forerunner 55,199.07,1,10,19.91,19.14,179.16,139.39,39.77,In-Store,Apple Pay,4,0
ORD-01694,2023-01-27,2023-02-03,7,CUST-3348,Small Business,West,Colorado,Office Supplies,Desks & Chairs,Autonomous SmartDesk,460.99,2,15,138.3,22.77,783.68,324.46,134.76,Online,Credit Card,5,0
ORD-01695,2024-09-18,2024-09-25,7,CUST-2015,Consumer,Southeast,Georgia,Electronics,Headphones,AirPods Pro 2,246.12,3,0,0.0,16.93,738.36,165.27,242.55,Mobile App,Gift Card,2,1
ORD-01696,2023-08-12,2023-08-13,1,CUST-2221,Consumer,West,California,Electronics,Headphones,Sony WH-1000XM5,309.55,2,0,0.0,22.32,619.1,218.63,181.84,Online,Apple Pay,3,0
ORD-01697,2023-08-09,2023-08-11,2,CUST-1582,Consumer,West,Colorado,Home & Kitchen,Storage,ClosetMaid Organizer,70.28,1,20,14.06,22.5,56.22,46.05,10.17,Online,Credit Card,5,0
ORD-01698,2024-06-21,2024-06-26,5,CUST-2273,Small Business,West,Oregon,Office Supplies,Paper Products,Moleskine Notebook,15.35,1,20,3.07,7.24,12.28,9.54,2.74,Mobile App,Apple Pay,4,1
ORD-01699,2024-06-15,2024-06-17,2,CUST-2684,Consumer,West,Washington,Sports & Outdoors,Running,Nathan Hydration Vest,71.46,2,0,0.0,21.81,142.92,42.1,58.72,Online,Credit Card,1,1
ORD-01700,2023-09-19,2023-09-21,2,CUST-2363,Consumer,Southeast,Tennessee,Home & Kitchen,Decor,Yankee Candle Set,34.75,4,0,0.0,6.96,139.0,22.45,49.2,In-Store,Credit Card,4,0
ORD-01701,2023-12-20,2023-12-27,7,CUST-2553,Consumer,Midwest,Indiana,Sports & Outdoors,Fitness Equipment,Bowflex Dumbbells,332.66,1,5,16.63,10.38,316.03,189.84,126.19,Online,Gift Card,1,0
ORD-01702,2023-03-12,2023-03-17,5,CUST-2104,Consumer,Northeast,Massachusetts,Sports & Outdoors,Fitness Equipment,Bowflex Dumbbells,362.58,1,20,72.52,0.0,290.06,263.05,27.01,In-Store,Credit Card,4,0
ORD-01703,2024-01-24,2024-01-26,2,CUST-2116,Consumer,Southwest,Oklahoma,Clothing,Accessories,Coach Wallet,82.01,5,5,20.5,24.41,389.55,60.28,88.15,In-Store,PayPal,5,0
ORD-01704,2024-10-09,2024-10-10,1,CUST-1903,Small Business,West,Oregon,Home & Kitchen,Storage,ClosetMaid Organizer,66.69,2,15,20.01,0.0,113.37,39.76,33.85,Online,Debit Card,4,0
ORD-01705,2024-06-19,2024-06-21,2,CUST-1226,Corporate,Southeast,Tennessee,Sports & Outdoors,Cycling,Garmin Edge 530,310.71,1,0,0.0,22.44,310.71,230.91,79.8,Online,Gift Card,3,0
ORD-01706,2024-08-17,2024-08-18,1,CUST-1078,Consumer,Southeast,Virginia,Electronics,Monitors,LG 27-inch 4K,353.65,1,15,53.05,23.13,300.6,200.52,100.08,In-Store,Apple Pay,5,0
ORD-01707,2023-09-04,2023-09-08,4,CUST-2373,Consumer,Northeast,Massachusetts,Home & Kitchen,Storage,ClosetMaid Organizer,69.81,1,10,6.98,0.0,62.83,44.87,17.96,Online,Gift Card,3,0
ORD-01708,2024-12-27,2025-01-03,7,CUST-2404,Small Business,West,Arizona,Home & Kitchen,Cookware,Cuisinart Knife Set,80.6,2,5,8.06,24.61,153.14,49.06,55.02,In-Store,PayPal,4,0
ORD-01709,2023-06-22,2023-06-25,3,CUST-1754,Corporate,Midwest,Illinois,Electronics,Headphones,Bose QC45,286.11,4,20,228.89,9.08,915.55,161.19,270.79,In-Store,PayPal,4,0
ORD-01710,2023-08-28,2023-09-03,6,CUST-1423,Small Business,Southeast,Florida,Sports & Outdoors,Camping Gear,REI Sleeping Bag,176.0,1,0,0.0,19.36,176.0,122.58,53.42,Mobile App,Credit Card,1,0
ORD-01711,2023-05-09,2023-05-14,5,CUST-2004,Consumer,West,Arizona,Home & Kitchen,Cookware,Cuisinart Knife Set,81.9,1,0,0.0,24.97,81.9,45.72,36.18,Online,PayPal,2,1
ORD-01712,2023-11-17,2023-11-22,5,CUST-2121,Consumer,West,Arizona,Clothing,Women's Apparel,Lululemon Tank,67.81,1,5,3.39,14.83,64.42,42.17,22.25,Online,Debit Card,3,0
ORD-01713,2024-10-14,2024-10-18,4,CUST-1008,Corporate,Southeast,Virginia,Electronics,Laptops,HP Pavilion x360,644.4,2,0,0.0,22.3,1288.8,481.32,326.16,Mobile App,Gift Card,5,0
ORD-01714,2024-05-14,2024-05-19,5,CUST-1706,Consumer,West,California,Electronics,Headphones,Sony WH-1000XM5,292.72,1,20,58.54,24.35,234.18,183.35,50.83,Mobile App,Gift Card,3,0
ORD-01715,2023-11-06,2023-11-12,6,CUST-1602,Consumer,Southeast,Tennessee,Office Supplies,Printers,Epson EcoTank,204.42,1,5,10.22,18.48,194.2,132.17,62.03,In-Store,Apple Pay,3,0
ORD-01716,2023-12-15,2023-12-20,5,CUST-1079,Consumer,Southeast,Florida,Clothing,Men's Apparel,Columbia Jacket,85.77,2,10,17.15,13.11,154.39,63.79,26.81,Mobile App,Apple Pay,3,0
ORD-01717,2023-06-01,2023-06-07,6,CUST-2934,Small Business,Midwest,Michigan,Clothing,Activewear,Under Armour Shorts,39.43,3,10,11.83,20.15,106.46,22.18,39.92,In-Store,Credit Card,4,0
ORD-01718,2023-01-10,2023-01-16,6,CUST-1143,Consumer,West,Arizona,Electronics,Headphones,Sony WH-1000XM5,308.29,3,5,46.24,19.65,878.63,202.1,272.33,In-Store,Gift Card,2,0
ORD-01719,2024-08-07,2024-08-14,7,CUST-2944,Corporate,Southwest,Utah,Clothing,Footwear,New Balance 574,91.75,1,0,0.0,15.81,91.75,58.45,33.3,Online,Gift Card,3,0
ORD-01720,2023-10-21,2023-10-26,5,CUST-2952,Consumer,Midwest,Michigan,Home & Kitchen,Decor,Yankee Candle Set,34.62,1,5,1.73,0.0,32.89,23.73,9.16,In-Store,Apple Pay,5,0
ORD-01721,2024-08-14,2024-08-16,2,CUST-2414,Consumer,Southeast,Florida,Clothing,Footwear,Adidas Ultraboost,172.09,3,15,77.44,17.22,438.83,109.71,109.7,Online,Apple Pay,5,0
ORD-01722,2023-06-25,2023-06-28,3,CUST-3109,Consumer,Southwest,Oklahoma,Sports & Outdoors,Camping Gear,Coleman Tent 4P,133.36,1,20,26.67,20.5,106.69,100.0,6.69,Mobile App,Apple Pay,3,0
ORD-01723,2023-12-18,2023-12-19,1,CUST-2671,Corporate,Northeast,Connecticut,Sports & Outdoors,Running,Garmin Forerunner 55,201.15,1,0,0.0,16.86,201.15,130.03,71.12,Online,Debit Card,3,0
ORD-01724,2024-09-06,2024-09-13,7,CUST-1897,Consumer,Southwest,New Mexico,Clothing,Accessories,Fossil Watch,125.17,1,25,31.29,12.99,93.88,82.18,11.7,Mobile App,Apple Pay,1,1
ORD-01725,2024-05-24,2024-05-25,1,CUST-1139,Corporate,Midwest,Ohio,Home & Kitchen,Storage,Container Store Bins,24.31,1,0,0.0,18.97,24.31,15.66,8.65,Online,PayPal,2,0
ORD-01726,2023-07-29,2023-07-31,2,CUST-3242,Consumer,West,California,Home & Kitchen,Appliances,Instant Pot Duo 7-in-1,91.64,1,15,13.75,21.2,77.89,61.99,15.9,In-Store,Credit Card,4,0
ORD-01727,2024-10-02,2024-10-03,1,CUST-2581,Consumer,Southwest,Oklahoma,Sports & Outdoors,Camping Gear,Yeti Cooler,255.26,1,5,12.76,18.73,242.5,172.37,70.13,In-Store,Apple Pay,4,0
ORD-01728,2023-10-30,2023-11-04,5,CUST-2844,Consumer,Southeast,North Carolina,Home & Kitchen,Cookware,All-Clad Pan Set,246.68,3,0,0.0,9.44,740.04,168.52,234.48,In-Store,Credit Card,2,1
ORD-01729,2023-07-22,2023-07-29,7,CUST-3121,Consumer,Midwest,Wisconsin,Sports & Outdoors,Team Sports,Rawlings Baseball Glove,51.12,1,0,0.0,9.26,51.12,29.47,21.65,In-Store,Apple Pay,3,0
ORD-01730,2023-08-11,2023-08-18,7,CUST-3146,Consumer,Midwest,Illinois,Home & Kitchen,Furniture,IKEA Kallax Shelf,88.86,1,10,8.89,24.27,79.97,59.21,20.76,Online,Credit Card,1,0
ORD-01731,2024-02-19,2024-02-24,5,CUST-1003,Consumer,Midwest,Illinois,Sports & Outdoors,Running,Brooks Ghost 15,139.58,5,5,34.9,16.53,663.0,101.08,157.6,Online,Gift Card,2,1
ORD-01732,2023-08-25,2023-08-29,4,CUST-2379,Corporate,Midwest,Ohio,Home & Kitchen,Appliances,Keurig K-Slim,108.07,1,0,0.0,23.14,108.07,71.67,36.4,Online,Apple Pay,3,0
ORD-01733,2024-09-02,2024-09-03,1,CUST-1372,Consumer,Southeast,Georgia,Office Supplies,Organizers,AmazonBasics File Cabinet,89.22,1,10,8.92,12.35,80.3,56.84,23.46,In-Store,Debit Card,3,0
ORD-01734,2023-01-17,2023-01-19,2,CUST-3068,Small Business,Midwest,Indiana,Clothing,Accessories,Coach Wallet,83.77,1,10,8.38,20.88,75.39,51.95,23.44,In-Store,Debit Card,5,0
ORD-01735,2024-04-07,2024-04-12,5,CUST-1631,Corporate,Northeast,New Jersey,Office Supplies,Desks & Chairs,Herman Miller Aeron,1247.48,2,0,0.0,11.04,2494.96,717.01,1060.94,Online,Credit Card,4,0
ORD-01736,2024-02-28,2024-03-03,4,CUST-3030,Corporate,Southeast,Virginia,Office Supplies,Organizers,Pendaflex Folders,15.01,2,10,3.0,10.58,27.02,10.1,6.82,Mobile App,Gift Card,4,0
ORD-01737,2023-04-10,2023-04-15,5,CUST-1957,Consumer,Southwest,Oklahoma,Home & Kitchen,Storage,Container Store Bins,24.97,1,5,1.25,13.7,23.72,14.97,8.75,Mobile App,Apple Pay,4,0
ORD-01738,2024-07-06,2024-07-11,5,CUST-3430,Corporate,Southeast,Tennessee,Electronics,Tablets,iPad 10th Gen,457.15,2,10,91.43,24.74,822.87,287.0,248.87,Online,PayPal,4,0
ORD-01739,2024-06-25,2024-06-27,2,CUST-3095,Consumer,Southwest,Utah,Office Supplies,Paper Products,Post-it Notes Bulk,19.7,1,15,2.96,11.37,16.74,13.22,3.52,In-Store,PayPal,3,0
ORD-01740,2024-08-07,2024-08-12,5,CUST-1131,Consumer,Midwest,Indiana,Home & Kitchen,Decor,Wall Art Canvas,62.57,5,0,0.0,12.16,312.85,38.14,122.15,Online,Credit Card,2,0
ORD-01741,2023-08-29,2023-09-01,3,CUST-2882,Consumer,Midwest,Illinois,Electronics,Monitors,ASUS ProArt 27,421.83,1,0,0.0,5.0,421.83,284.47,137.36,In-Store,Apple Pay,4,0
ORD-01742,2024-03-16,2024-03-23,7,CUST-3059,Corporate,West,Arizona,Electronics,Laptops,HP Pavilion x360,649.68,1,0,0.0,19.53,649.68,363.08,286.6,In-Store,PayPal,3,0
ORD-01743,2024-12-29,2025-01-03,5,CUST-3111,Corporate,Northeast,Massachusetts,Electronics,Laptops,HP Pavilion x360,612.45,1,5,30.62,0.0,581.83,363.39,218.44,Online,Apple Pay,1,1
ORD-01744,2023-11-18,2023-11-19,1,CUST-3219,Consumer,Northeast,New York,Clothing,Activewear,Puma Track Pants,51.44,3,5,7.72,22.68,146.6,28.41,61.37,Online,PayPal,5,0
ORD-01745,2023-04-05,2023-04-09,4,CUST-3357,Corporate,Southwest,Utah,Electronics,Headphones,Bose QC45,282.73,4,15,169.64,7.31,961.28,189.86,201.84,In-Store,Credit Card,5,0
ORD-01746,2023-04-08,2023-04-09,1,CUST-1835,Corporate,Midwest,Wisconsin,Clothing,Activewear,Puma Track Pants,49.66,2,0,0.0,0.0,99.32,33.87,31.58,In-Store,Gift Card,5,0
ORD-01747,2024-12-25,2025-01-01,7,CUST-1552,Corporate,West,Arizona,Home & Kitchen,Furniture,Wayfair Sofa,505.0,4,10,202.0,9.39,1818.0,286.21,673.16,Online,PayPal,3,0
ORD-01748,2023-02-13,2023-02-17,4,CUST-1742,Consumer,Midwest,Michigan,Electronics,Laptops,Dell Inspiron 15,573.95,1,10,57.4,16.1,516.55,369.76,146.79,Online,Gift Card,1,0
ORD-01749,2024-02-29,2024-03-01,1,CUST-3220,Consumer,West,Washington,Electronics,Smartphones,Samsung Galaxy A54,361.55,5,10,180.78,14.8,1626.97,267.05,291.72,Online,Apple Pay,3,0
ORD-01750,2023-03-25,2023-03-29,4,CUST-1471,Small Business,Southwest,New Mexico,Clothing,Activewear,Reebok Sports Bra,33.88,4,0,0.0,15.15,135.52,21.05,51.32,In-Store,Credit Card,4,0
ORD-01751,2023-10-19,2023-10-20,1,CUST-3242,Corporate,West,Oregon,Office Supplies,Stationery,Staedtler Pencil Set,10.1,2,5,1.01,0.0,19.19,7.26,4.67,Mobile App,Credit Card,4,0
ORD-01752,2023-02-19,2023-02-23,4,CUST-2667,Corporate,Southwest,Oklahoma,Electronics,Tablets,iPad 10th Gen,429.69,1,0,0.0,15.37,429.69,254.99,174.7,Mobile App,Gift Card,5,0
ORD-01753,2023-02-13,2023-02-16,3,CUST-2361,Consumer,West,California,Office Supplies,Stationery,Pilot G2 Pen Pack,13.06,1,15,1.96,11.5,11.1,7.8,3.3,In-Store,Apple Pay,1,1
ORD-01754,2024-05-28,2024-06-02,5,CUST-2249,Consumer,Northeast,New Jersey,Sports & Outdoors,Cycling,Bell Helmet,48.59,1,10,4.86,21.65,43.73,32.73,11.0,In-Store,Debit Card,3,0
ORD-01755,2023-05-27,2023-06-02,6,CUST-1350,Corporate,Midwest,Illinois,Home & Kitchen,Storage,ClosetMaid Organizer,71.04,1,15,10.66,21.95,60.38,51.97,8.41,Mobile App,Apple Pay,3,0
ORD-01756,2024-09-06,2024-09-09,3,CUST-1551,Consumer,West,Washington,Electronics,Laptops,HP Pavilion x360,629.7,4,25,629.7,7.46,1889.1,412.38,239.58,In-Store,Gift Card,3,0
ORD-01757,2024-12-03,2024-12-06,3,CUST-2691,Consumer,Midwest,Indiana,Sports & Outdoors,Fitness Equipment,Bowflex Dumbbells,359.4,3,5,53.91,20.35,1024.29,236.5,314.79,In-Store,Apple Pay,5,0
ORD-01758,2024-05-09,2024-05-10,1,CUST-1604,Small Business,Midwest,Illinois,Sports & Outdoors,Cycling,Bell Helmet,49.95,1,5,2.5,0.0,47.45,34.3,13.15,Mobile App,Apple Pay,5,0
ORD-01759,2023-11-27,2023-12-02,5,CUST-1231,Consumer,Northeast,New Jersey,Home & Kitchen,Appliances,Keurig K-Slim,104.86,3,5,15.73,15.44,298.85,68.6,93.05,Online,Credit Card,3,0
ORD-01760,2023-12-14,2023-12-19,5,CUST-1519,Corporate,Northeast,Pennsylvania,Clothing,Footwear,Nike Air Max 90,125.04,3,0,0.0,5.32,375.12,75.58,148.38,Mobile App,PayPal,3,0
ORD-01761,2024-12-29,2024-12-30,1,CUST-1911,Consumer,Midwest,Ohio,Office Supplies,Printers,Brother Inkjet,144.13,4,0,0.0,17.8,576.52,102.75,165.52,Online,Gift Card,5,0
ORD-01762,2023-09-29,2023-09-30,1,CUST-3117,Corporate,West,Washington,Sports & Outdoors,Running,Nathan Hydration Vest,72.61,3,0,0.0,0.0,217.83,40.59,96.06,Online,Debit Card,2,0
ORD-01763,2023-03-24,2023-03-31,7,CUST-2420,Corporate,Midwest,Illinois,Electronics,Monitors,Dell 24-inch FHD,209.46,1,0,0.0,20.44,209.46,129.61,79.85,Mobile App,PayPal,2,1
ORD-01764,2023-05-11,2023-05-14,3,CUST-2908,Consumer,Southeast,North Carolina,Office Supplies,Organizers,Pendaflex Folders,15.73,1,10,1.57,0.0,14.16,11.24,2.92,Online,PayPal,3,0
ORD-01765,2024-06-23,2024-06-27,4,CUST-2551,Small Business,Midwest,Ohio,Office Supplies,Desks & Chairs,Herman Miller Aeron,1278.72,1,0,0.0,8.72,1278.72,762.22,516.5,Online,Apple Pay,3,0
ORD-01766,2024-12-26,2025-01-01,6,CUST-2474,Consumer,Northeast,Massachusetts,Sports & Outdoors,Cycling,Bell Helmet,49.72,2,15,14.92,0.0,84.52,34.54,15.44,In-Store,Debit Card,4,0
ORD-01767,2024-09-10,2024-09-17,7,CUST-2172,Consumer,Northeast,Pennsylvania,Clothing,Accessories,Ray-Ban Aviators,159.68,1,10,15.97,6.63,143.71,97.26,46.45,Mobile App,Credit Card,1,0
ORD-01768,2023-12-31,2024-01-04,4,CUST-2133,Consumer,West,Arizona,Sports & Outdoors,Cycling,Bell Helmet,52.15,2,0,0.0,17.24,104.3,30.91,42.48,Online,PayPal,3,0
ORD-01769,2024-08-17,2024-08-20,3,CUST-2457,Corporate,Southwest,New Mexico,Office Supplies,Stationery,Staedtler Pencil Set,10.24,1,0,0.0,11.04,10.24,7.16,3.08,Online,PayPal,4,0
ORD-01770,2024-07-18,2024-07-20,2,CUST-2869,Corporate,West,California,Office Supplies,Organizers,Pendaflex Folders,15.01,1,20,3.0,23.6,12.01,8.42,3.59,Online,Debit Card,5,0
ORD-01771,2024-03-23,2024-03-25,2,CUST-2798,Corporate,Southwest,New Mexico,Office Supplies,Paper Products,Post-it Notes Bulk,19.08,4,10,7.63,8.19,68.69,14.0,12.69,Online,PayPal,5,0
ORD-01772,2023-01-15,2023-01-19,4,CUST-2683,Small Business,Southeast,Georgia,Electronics,Tablets,Amazon Fire HD 10,156.04,4,10,62.42,14.26,561.74,92.64,191.18,In-Store,PayPal,1,0
ORD-01773,2023-12-28,2024-01-02,5,CUST-3200,Corporate,Northeast,Connecticut,Sports & Outdoors,Camping Gear,Coleman Tent 4P,125.5,3,5,18.82,18.74,357.68,90.75,85.43,Online,Debit Card,4,0
ORD-01774,2023-06-18,2023-06-21,3,CUST-1680,Consumer,Southeast,North Carolina,Sports & Outdoors,Camping Gear,Yeti Cooler,252.46,1,15,37.87,0.0,214.59,148.83,65.76,In-Store,Gift Card,5,0
ORD-01775,2024-11-09,2024-11-12,3,CUST-1460,Corporate,Southwest,Nevada,Sports & Outdoors,Fitness Equipment,Peloton Bike Mat,57.56,2,25,28.78,10.28,86.34,33.99,18.36,In-Store,Gift Card,5,0
ORD-01776,2024-06-17,2024-06-18,1,CUST-1923,Corporate,Midwest,Indiana,Home & Kitchen,Furniture,IKEA Kallax Shelf,85.75,5,0,0.0,16.14,428.75,53.83,159.6,In-Store,PayPal,4,0
ORD-01777,2024-01-21,2024-01-27,6,CUST-3046,Corporate,Northeast,Massachusetts,Electronics,Laptops,Lenovo ThinkPad E15,738.71,1,0,0.0,16.04,738.71,459.69,279.02,In-Store,PayPal,2,1
ORD-01778,2024-08-10,2024-08-14,4,CUST-1294,Consumer,West,California,Clothing,Accessories,Ray-Ban Aviators,161.21,4,5,32.24,13.54,612.6,94.38,235.08,In-Store,Debit Card,3,0
ORD-01779,2023-08-02,2023-08-07,5,CUST-1533,Corporate,West,Oregon,Electronics,Headphones,AirPods Pro 2,246.14,5,0,0.0,5.46,1230.7,173.5,363.2,In-Store,Debit Card,3,0
ORD-01780,2023-07-16,2023-07-19,3,CUST-2028,Consumer,Northeast,Massachusetts,Electronics,Headphones,AirPods Pro 2,238.32,1,15,35.75,7.12,202.57,134.65,67.92,In-Store,PayPal,3,0
ORD-01781,2024-05-26,2024-05-30,4,CUST-1075,Small Business,Midwest,Illinois,Home & Kitchen,Storage,Sterilite Cart,40.89,1,0,0.0,0.0,40.89,30.26,10.63,Mobile App,PayPal,5,0
ORD-01782,2023-11-16,2023-11-21,5,CUST-3392,Corporate,Southwest,Utah,Office Supplies,Desks & Chairs,Herman Miller Aeron,1303.93,5,5,325.98,17.25,6193.67,957.64,1405.47,Online,Apple Pay,3,1
ORD-01783,2024-11-22,2024-11-26,4,CUST-2491,Small Business,Northeast,New Jersey,Clothing,Accessories,Ray-Ban Aviators,154.77,1,0,0.0,16.34,154.77,96.39,58.38,Mobile App,PayPal,4,0
ORD-01784,2024-01-06,2024-01-07,1,CUST-2694,Consumer,Southwest,Nevada,Office Supplies,Paper Products,HP Printer Paper 5-Ream,28.51,3,5,4.28,18.55,81.25,16.34,32.23,Mobile App,Apple Pay,3,0
ORD-01785,2023-01-05,2023-01-06,1,CUST-3051,Corporate,West,Arizona,Sports & Outdoors,Team Sports,Adidas Soccer Ball,25.08,1,10,2.51,20.08,22.57,17.01,5.56,Mobile App,Gift Card,5,0
ORD-01786,2024-01-23,2024-01-25,2,CUST-2436,Consumer,Southwest,Nevada,Office Supplies,Printers,HP LaserJet Pro,314.78,4,20,251.82,14.91,1007.3,198.99,211.34,Online,Apple Pay,5,0
ORD-01787,2024-08-31,2024-09-06,6,CUST-2309,Consumer,Southeast,North Carolina,Home & Kitchen,Storage,ClosetMaid Organizer,70.82,2,5,7.08,24.44,134.56,50.56,33.44,Online,Debit Card,2,0
ORD-01788,2024-10-25,2024-10-31,6,CUST-1110,Consumer,Northeast,New Jersey,Home & Kitchen,Furniture,Wayfair Sofa,505.02,1,5,25.25,18.57,479.77,278.32,201.45,In-Store,Debit Card,3,0
ORD-01789,2023-08-31,2023-09-03,3,CUST-2667,Corporate,Southeast,North Carolina,Home & Kitchen,Storage,Container Store Bins,23.76,3,5,3.56,19.58,67.72,14.16,25.24,Mobile App,Debit Card,4,0
ORD-01790,2024-09-07,2024-09-13,6,CUST-1187,Consumer,Southeast,Tennessee,Electronics,Tablets,iPad 10th Gen,429.98,1,5,21.5,12.02,408.48,305.54,102.94,Mobile App,PayPal,4,0
ORD-01791,2023-05-25,2023-05-29,4,CUST-2014,Small Business,Southeast,Tennessee,Clothing,Activewear,Puma Track Pants,48.5,2,5,4.85,10.61,92.15,29.5,33.15,Online,Apple Pay,5,0
ORD-01792,2023-08-12,2023-08-19,7,CUST-3003,Corporate,West,Washington,Sports & Outdoors,Camping Gear,REI Sleeping Bag,177.03,2,0,0.0,0.0,354.06,102.56,148.94,In-Store,Credit Card,1,0
ORD-01793,2024-03-22,2024-03-26,4,CUST-1357,Consumer,Northeast,Massachusetts,Electronics,Monitors,Dell 24-inch FHD,200.34,1,0,0.0,16.31,200.34,133.9,66.44,Online,Debit Card,5,0
ORD-01794,2023-09-27,2023-10-04,7,CUST-2914,Corporate,Northeast,Pennsylvania,Sports & Outdoors,Cycling,Bell Helmet,50.44,2,5,5.04,0.0,95.84,36.37,23.1,Mobile App,Debit Card,3,0
ORD-01795,2023-01-30,2023-01-31,1,CUST-1388,Corporate,West,Arizona,Sports & Outdoors,Cycling,Bell Helmet,47.92,3,0,0.0,18.59,143.76,34.47,40.35,Mobile App,Debit Card,5,0
ORD-01796,2023-08-12,2023-08-18,6,CUST-2826,Small Business,Midwest,Ohio,Clothing,Accessories,Fossil Watch,131.14,1,10,13.11,7.04,118.03,97.45,20.58,Mobile App,Debit Card,3,0
ORD-01797,2023-01-10,2023-01-11,1,CUST-3203,Consumer,Southeast,Tennessee,Electronics,Headphones,Bose QC45,288.46,1,0,0.0,7.37,288.46,181.99,106.47,Mobile App,Apple Pay,1,0
ORD-01798,2024-11-28,2024-12-04,6,CUST-2962,Corporate,Southeast,North Carolina,Office Supplies,Paper Products,HP Printer Paper 5-Ream,30.8,1,5,1.54,22.31,29.26,19.79,9.47,Online,PayPal,4,0
ORD-01799,2023-07-09,2023-07-12,3,CUST-3058,Small Business,Midwest,Wisconsin,Electronics,Smartphones,Samsung Galaxy A54,361.16,3,10,108.35,12.79,975.13,216.32,326.17,Online,Apple Pay,4,0
ORD-01800,2023-10-01,2023-10-03,2,CUST-2401,Consumer,Southwest,Oklahoma,Electronics,Monitors,ASUS ProArt 27,451.34,2,20,180.54,0.0,722.14,301.28,119.58,Mobile App,PayPal,4,0
ORD-01801,2023-06-08,2023-06-13,5,CUST-1676,Consumer,Southeast,Tennessee,Electronics,Laptops,Lenovo ThinkPad E15,780.9,1,0,0.0,0.0,780.9,435.39,345.51,In-Store,Debit Card,2,1
ORD-01802,2023-09-09,2023-09-16,7,CUST-3495,Corporate,Southeast,Virginia,Home & Kitchen,Cookware,Lodge Cast Iron Skillet,30.28,5,0,0.0,10.49,151.4,20.25,50.15,Mobile App,Apple Pay,2,0
ORD-01803,2024-01-01,2024-01-07,6,CUST-3164,Small Business,Northeast,Massachusetts,Home & Kitchen,Furniture,IKEA Kallax Shelf,91.47,1,0,0.0,20.15,91.47,60.04,31.43,Mobile App,Debit Card,4,0
ORD-01804,2023-05-08,2023-05-12,4,CUST-3152,Consumer,West,California,Office Supplies,Paper Products,HP Printer Paper 5-Ream,30.08,4,0,0.0,15.31,120.32,20.81,37.08,Mobile App,Apple Pay,5,0
ORD-01805,2023-06-03,2023-06-09,6,CUST-1538,Consumer,Northeast,Pennsylvania,Home & Kitchen,Appliances,Dyson V15 Vacuum,622.99,3,5,93.45,0.0,1775.52,362.18,688.98,Online,Debit Card,3,0
ORD-01806,2024-08-23,2024-08-29,6,CUST-3355,Small Business,Southeast,Florida,Office Supplies,Printers,HP LaserJet Pro,299.0,3,5,44.85,15.51,852.15,189.49,283.68,Online,Gift Card,1,0
ORD-01807,2024-03-09,2024-03-15,6,CUST-2332,Consumer,West,Arizona,Home & Kitchen,Cookware,Cuisinart Knife Set,76.82,2,5,7.68,0.0,145.96,54.53,36.9,Mobile App,PayPal,3,0
ORD-01808,2023-02-01,2023-02-04,3,CUST-3092,Consumer,Midwest,Ohio,Home & Kitchen,Cookware,Cuisinart Knife Set,83.33,2,0,0.0,13.25,166.66,46.28,74.1,Online,Debit Card,3,0
ORD-01809,2023-03-21,2023-03-24,3,CUST-1516,Small Business,West,Arizona,Clothing,Women's Apparel,Lululemon Tank,67.64,1,0,0.0,23.67,67.64,48.52,19.12,Online,PayPal,3,0
ORD-01810,2023-08-11,2023-08-14,3,CUST-2891,Consumer,Midwest,Ohio,Home & Kitchen,Storage,Container Store Bins,23.84,1,5,1.19,22.47,22.65,15.46,7.19,In-Store,PayPal,4,0
ORD-01811,2023-09-29,2023-10-02,3,CUST-2765,Consumer,Southwest,Texas,Sports & Outdoors,Running,Brooks Ghost 15,144.02,1,10,14.4,8.07,129.62,98.19,31.43,In-Store,Credit Card,5,0
ORD-01812,2024-04-02,2024-04-04,2,CUST-1827,Small Business,Northeast,New York,Sports & Outdoors,Cycling,Schwinn Hybrid Bike,366.99,3,20,220.19,12.94,880.78,237.87,167.17,Mobile App,PayPal,5,0
ORD-01813,2023-10-10,2023-10-17,7,CUST-3286,Consumer,Northeast,New York,Electronics,Tablets,Samsung Galaxy Tab S6,321.43,5,0,0.0,24.26,1607.15,195.42,630.05,Online,Debit Card,5,0
ORD-01814,2024-11-10,2024-11-15,5,CUST-2350,Consumer,Southeast,Virginia,Sports & Outdoors,Running,Nathan Hydration Vest,70.78,1,15,10.62,21.06,60.16,49.67,10.49,Online,Credit Card,2,0
ORD-01815,2024-11-27,2024-11-29,2,CUST-3120,Corporate,Southeast,Georgia,Electronics,Monitors,Dell 24-inch FHD,201.11,2,0,0.0,17.31,402.22,146.29,109.64,Mobile App,Apple Pay,1,1
ORD-01816,2024-06-02,2024-06-09,7,CUST-1972,Consumer,Midwest,Illinois,Electronics,Laptops,HP Pavilion x360,610.9,1,15,91.64,0.0,519.26,345.56,173.7,Online,Apple Pay,2,0
ORD-01817,2024-12-25,2024-12-27,2,CUST-3163,Small Business,Midwest,Ohio,Sports & Outdoors,Team Sports,Wilson Basketball,30.5,1,0,0.0,13.94,30.5,18.22,12.28,Mobile App,Credit Card,4,0
ORD-01818,2023-11-01,2023-11-06,5,CUST-2781,Consumer,Southwest,Utah,Electronics,Headphones,AirPods Pro 2,259.54,1,0,0.0,19.77,259.54,188.46,71.08,Online,Credit Card,2,0
ORD-01819,2023-10-27,2023-10-31,4,CUST-2340,Consumer,Southeast,Georgia,Sports & Outdoors,Cycling,Bell Helmet,50.73,3,0,0.0,8.32,152.19,29.87,62.58,In-Store,Debit Card,4,0
ORD-01820,2024-06-14,2024-06-17,3,CUST-1376,Corporate,Northeast,Massachusetts,Sports & Outdoors,Running,Garmin Forerunner 55,196.21,1,10,19.62,11.11,176.59,128.58,48.01,Online,Gift Card,4,0
ORD-01821,2023-12-01,2023-12-06,5,CUST-2599,Corporate,Southeast,North Carolina,Clothing,Women's Apparel,North Face Fleece,101.26,1,20,20.25,5.21,81.01,71.74,9.27,Mobile App,PayPal,4,0
ORD-01822,2024-03-04,2024-03-10,6,CUST-1214,Corporate,Midwest,Wisconsin,Electronics,Laptops,Lenovo ThinkPad E15,722.92,5,0,0.0,0.0,3614.6,510.6,1061.6,Mobile App,Debit Card,2,0
ORD-01823,2023-08-20,2023-08-26,6,CUST-2087,Corporate,Southeast,Georgia,Sports & Outdoors,Team Sports,Adidas Soccer Ball,25.52,1,5,1.28,23.39,24.24,15.08,9.16,Mobile App,PayPal,3,0
ORD-01824,2023-12-04,2023-12-10,6,CUST-2620,Small Business,Southeast,North Carolina,Sports & Outdoors,Running,Nathan Hydration Vest,73.36,3,20,44.02,12.7,176.06,52.46,18.68,Online,PayPal,1,1
ORD-01825,2024-10-14,2024-10-18,4,CUST-2037,Small Business,West,Colorado,Home & Kitchen,Cookware,All-Clad Pan Set,260.38,1,25,65.09,0.0,195.29,151.83,43.46,Online,PayPal,3,0
ORD-01826,2023-07-01,2023-07-04,3,CUST-1088,Corporate,Northeast,Pennsylvania,Clothing,Men's Apparel,Columbia Jacket,89.59,2,5,8.96,6.0,170.22,51.06,68.1,Online,Gift Card,5,0
ORD-01827,2023-12-15,2023-12-21,6,CUST-1838,Small Business,Midwest,Ohio,Clothing,Footwear,New Balance 574,91.12,1,5,4.56,21.65,86.56,68.14,18.42,In-Store,Apple Pay,4,0
ORD-01828,2023-07-10,2023-07-15,5,CUST-1333,Corporate,West,Arizona,Electronics,Tablets,iPad 10th Gen,427.56,1,5,21.38,21.0,406.18,238.63,167.55,Mobile App,Apple Pay,1,0
ORD-01829,2024-06-25,2024-06-27,2,CUST-1882,Corporate,Northeast,Connecticut,Home & Kitchen,Storage,ClosetMaid Organizer,68.83,1,10,6.88,0.0,61.95,39.68,22.27,Online,Credit Card,5,0
ORD-01830,2023-11-21,2023-11-22,1,CUST-1445,Consumer,Midwest,Ohio,Electronics,Tablets,iPad 10th Gen,467.85,2,5,46.78,0.0,888.92,324.65,239.62,Online,Debit Card,5,1
ORD-01831,2024-02-16,2024-02-18,2,CUST-2694,Consumer,Midwest,Indiana,Home & Kitchen,Cookware,Lodge Cast Iron Skillet,31.48,3,0,0.0,5.86,94.44,18.82,37.98,Online,PayPal,3,0
ORD-01832,2024-03-11,2024-03-13,2,CUST-1221,Consumer,Southeast,Virginia,Electronics,Smartphones,Samsung Galaxy A54,346.97,1,0,0.0,13.36,346.97,215.52,131.45,Online,PayPal,2,0
ORD-01833,2024-11-21,2024-11-27,6,CUST-2893,Corporate,Midwest,Indiana,Electronics,Smartphones,iPhone SE,408.82,2,0,0.0,21.9,817.64,303.36,210.92,Mobile App,Credit Card,3,0
ORD-01834,2023-03-19,2023-03-26,7,CUST-1068,Corporate,West,Washington,Electronics,Monitors,LG 27-inch 4K,356.58,3,5,53.49,9.81,1016.25,210.57,384.54,Mobile App,Debit Card,4,0
ORD-01835,2024-10-06,2024-10-10,4,CUST-1605,Consumer,West,Oregon,Office Supplies,Printers,Epson EcoTank,191.63,2,0,0.0,21.34,383.26,138.76,105.74,In-Store,Credit Card,4,0
ORD-01836,2023-10-05,2023-10-06,1,CUST-3066,Small Business,Northeast,Pennsylvania,Sports & Outdoors,Team Sports,Adidas Soccer Ball,25.59,2,10,5.12,0.0,46.06,17.01,12.04,Online,Credit Card,4,0
ORD-01837,2023-02-03,2023-02-05,2,CUST-1216,Consumer,West,California,Electronics,Monitors,LG 27-inch 4K,345.27,1,5,17.26,9.05,328.01,207.01,121.0,Online,PayPal,4,0
ORD-01838,2023-01-03,2023-01-10,7,CUST-1753,Small Business,Midwest,Wisconsin,Home & Kitchen,Furniture,Wayfair Sofa,497.53,3,0,0.0,7.92,1492.59,318.32,537.63,In-Store,PayPal,3,0
ORD-01839,2023-12-16,2023-12-21,5,CUST-3475,Corporate,West,Washington,Office Supplies,Paper Products,HP Printer Paper 5-Ream,30.19,4,10,12.08,21.8,108.68,19.45,30.88,Online,Apple Pay,2,0
ORD-01840,2023-04-07,2023-04-08,1,CUST-1301,Corporate,Southeast,Georgia,Office Supplies,Paper Products,HP Printer Paper 5-Ream,28.66,3,0,0.0,21.5,85.98,17.75,32.73,Mobile App,Gift Card,3,0
ORD-01841,2024-05-14,2024-05-21,7,CUST-2368,Small Business,Midwest,Indiana,Home & Kitchen,Decor,Pottery Barn Throw Pillow,48.78,2,10,9.76,19.07,87.8,29.76,28.28,In-Store,PayPal,4,1
ORD-01842,2024-08-07,2024-08-14,7,CUST-1746,Corporate,Northeast,Pennsylvania,Sports & Outdoors,Fitness Equipment,Resistance Band Set,24.7,1,20,4.94,12.83,19.76,15.41,4.35,Online,PayPal,3,0
ORD-01843,2024-04-05,2024-04-10,5,CUST-3483,Small Business,Northeast,New Jersey,Sports & Outdoors,Fitness Equipment,Bowflex Dumbbells,355.51,5,15,266.63,6.29,1510.92,251.53,253.27,Online,Credit Card,4,0
ORD-01844,2023-08-14,2023-08-16,2,CUST-2411,Consumer,Southeast,Florida,Office Supplies,Desks & Chairs,FlexiSpot Standing Desk,391.94,1,10,39.19,5.97,352.75,220.84,131.91,Mobile App,Apple Pay,5,0
ORD-01845,2024-11-15,2024-11-16,1,CUST-1115,Consumer,Midwest,Indiana,Sports & Outdoors,Running,Brooks Ghost 15,139.49,1,10,13.95,22.61,125.54,96.18,29.36,Online,Gift Card,5,0
ORD-01846,2024-05-17,2024-05-24,7,CUST-3330,Small Business,Southeast,North Carolina,Office Supplies,Printers,Brother Inkjet,144.17,2,10,28.83,5.73,259.51,96.39,66.73,Mobile App,Debit Card,2,0
ORD-01847,2024-11-09,2024-11-14,5,CUST-1462,Consumer,Southeast,Tennessee,Office Supplies,Paper Products,Post-it Notes Bulk,19.2,1,5,0.96,21.2,18.24,12.35,5.89,Online,PayPal,3,0
ORD-01848,2024-05-16,2024-05-19,3,CUST-3370,Consumer,West,Oregon,Office Supplies,Stationery,Sharpie Marker Set,16.78,1,10,1.68,18.32,15.1,12.53,2.57,In-Store,Gift Card,3,0
ORD-01849,2024-08-27,2024-09-02,6,CUST-3397,Consumer,Southeast,Florida,Clothing,Footwear,Nike Air Max 90,131.44,3,15,59.15,10.07,335.17,73.91,113.44,In-Store,Apple Pay,1,0
ORD-01850,2024-08-12,2024-08-18,6,CUST-1728,Consumer,Northeast,Pennsylvania,Clothing,Men's Apparel,Levi's 501 Jeans,60.32,2,0,0.0,0.0,120.64,39.89,40.86,Online,Apple Pay,2,0
ORD-01851,2024-03-09,2024-03-11,2,CUST-1500,Consumer,West,California,Clothing,Activewear,Reebok Sports Bra,34.96,1,5,1.75,0.0,33.21,22.58,10.63,In-Store,Gift Card,3,0
ORD-01852,2024-04-07,2024-04-09,2,CUST-1227,Consumer,Northeast,New Jersey,Clothing,Women's Apparel,North Face Fleece,99.59,1,5,4.98,5.15,94.61,63.37,31.24,In-Store,Apple Pay,3,0
ORD-01853,2023-11-20,2023-11-22,2,CUST-3406,Consumer,Southeast,Virginia,Sports & Outdoors,Team Sports,Wilson Basketball,31.23,1,0,0.0,17.8,31.23,21.36,9.87,Online,Credit Card,2,0
ORD-01854,2023-05-25,2023-05-31,6,CUST-3194,Consumer,Southwest,Nevada,Clothing,Men's Apparel,Columbia Jacket,92.57,1,0,0.0,12.45,92.57,57.96,34.61,Online,Gift Card,2,0
ORD-01855,2024-01-22,2024-01-25,3,CUST-3428,Consumer,Southwest,Nevada,Electronics,Monitors,ASUS ProArt 27,433.11,1,0,0.0,16.57,433.11,261.8,171.31,Online,Credit Card,1,0
ORD-01856,2024-04-30,2024-05-06,6,CUST-1637,Corporate,Northeast,New Jersey,Home & Kitchen,Cookware,All-Clad Pan Set,237.53,1,20,47.51,15.09,190.02,171.06,18.96,In-Store,Gift Card,3,0
ORD-01857,2024-10-04,2024-10-10,6,CUST-1378,Small Business,Midwest,Michigan,Sports & Outdoors,Cycling,Schwinn Hybrid Bike,363.56,2,15,109.07,0.0,618.05,205.6,206.85,In-Store,PayPal,3,0
ORD-01858,2024-02-26,2024-02-27,1,CUST-1694,Consumer,Southeast,Georgia,Sports & Outdoors,Camping Gear,Yeti Cooler,245.57,3,0,0.0,23.23,736.71,155.51,270.18,Mobile App,PayPal,5,0
ORD-01859,2023-05-28,2023-05-29,1,CUST-1203,Corporate,Midwest,Wisconsin,Home & Kitchen,Furniture,Wayfair Sofa,497.23,3,0,0.0,12.69,1491.69,339.75,472.44,Mobile App,PayPal,5,0
ORD-01860,2024-11-08,2024-11-11,3,CUST-1437,Corporate,Northeast,New Jersey,Office Supplies,Organizers,Bankers Box Set,25.67,1,10,2.57,7.66,23.1,14.67,8.43,In-Store,Debit Card,1,0
ORD-01861,2024-05-14,2024-05-17,3,CUST-1050,Consumer,Southeast,Florida,Sports & Outdoors,Team Sports,Wilson Basketball,29.25,4,0,0.0,24.08,117.0,20.94,33.24,Online,Debit Card,4,0
ORD-01862,2023-05-24,2023-05-30,6,CUST-2245,Consumer,Midwest,Wisconsin,Electronics,Tablets,Samsung Galaxy Tab S6,331.7,2,20,132.68,18.33,530.72,211.57,107.58,In-Store,Credit Card,4,0
ORD-01863,2024-08-29,2024-09-01,3,CUST-2482,Consumer,Northeast,New York,Office Supplies,Desks & Chairs,FlexiSpot Standing Desk,367.07,2,10,73.41,15.07,660.73,244.68,171.37,Online,Credit Card,3,0
ORD-01864,2024-12-11,2024-12-13,2,CUST-1211,Consumer,Southwest,Utah,Clothing,Activewear,Under Armour Shorts,39.28,1,0,0.0,0.0,39.28,21.65,17.63,Mobile App,Apple Pay,3,0
ORD-01865,2024-09-26,2024-10-02,6,CUST-2872,Consumer,Southwest,Oklahoma,Home & Kitchen,Decor,Wall Art Canvas,60.11,5,5,15.03,15.87,285.52,37.91,95.97,In-Store,Gift Card,1,1
ORD-01866,2024-11-15,2024-11-16,1,CUST-2288,Consumer,Midwest,Illinois,Sports & Outdoors,Cycling,Bell Helmet,52.47,2,10,10.49,7.98,94.45,39.0,16.45,In-Store,Credit Card,3,0
ORD-01867,2023-05-21,2023-05-23,2,CUST-2952,Corporate,Northeast,Pennsylvania,Sports & Outdoors,Team Sports,Wilson Basketball,29.04,4,0,0.0,5.24,116.16,17.43,46.44,Online,PayPal,3,0
ORD-01868,2023-03-25,2023-04-01,7,CUST-1810,Consumer,Midwest,Ohio,Electronics,Smartphones,iPhone SE,441.07,1,15,66.16,13.47,374.91,264.92,109.99,Online,Apple Pay,1,1
ORD-01869,2024-10-29,2024-11-04,6,CUST-2838,Small Business,Southwest,Utah,Office Supplies,Stationery,Staedtler Pencil Set,10.2,2,20,4.08,24.42,16.32,7.47,1.38,Mobile App,Apple Pay,4,0
ORD-01870,2024-10-27,2024-11-02,6,CUST-1592,Corporate,Southeast,North Carolina,Electronics,Laptops,Dell Inspiron 15,571.03,3,10,171.31,0.0,1541.78,356.37,472.67,In-Store,Gift Card,4,0
ORD-01871,2023-10-18,2023-10-24,6,CUST-1958,Consumer,West,Washington,Home & Kitchen,Cookware,Lodge Cast Iron Skillet,28.68,1,0,0.0,15.63,28.68,20.05,8.63,Online,Apple Pay,4,1
ORD-01872,2024-08-17,2024-08-19,2,CUST-1087,Corporate,Midwest,Ohio,Clothing,Activewear,Reebok Sports Bra,36.02,1,10,3.6,12.62,32.42,23.49,8.93,Mobile App,Apple Pay,5,0
ORD-01873,2024-05-04,2024-05-09,5,CUST-3429,Consumer,Southwest,Texas,Home & Kitchen,Appliances,Dyson V15 Vacuum,676.91,3,5,101.54,15.41,1929.19,476.99,498.22,Online,Credit Card,4,0
ORD-01874,2023-07-11,2023-07-12,1,CUST-2218,Consumer,Midwest,Ohio,Home & Kitchen,Appliances,Keurig K-Slim,108.3,2,10,21.66,24.92,194.94,77.22,40.5,In-Store,Gift Card,5,0
ORD-01875,2024-08-02,2024-08-03,1,CUST-2053,Small Business,Southeast,Tennessee,Office Supplies,Organizers,AmazonBasics File Cabinet,88.89,1,0,0.0,7.49,88.89,56.29,32.6,Online,PayPal,5,0
ORD-01876,2024-07-19,2024-07-20,1,CUST-1852,Corporate,Northeast,Pennsylvania,Home & Kitchen,Appliances,Instant Pot Duo 7-in-1,88.52,4,10,35.41,8.77,318.67,52.16,110.03,In-Store,PayPal,4,0
ORD-01877,2024-11-06,2024-11-10,4,CUST-1124,Corporate,Northeast,New York,Electronics,Monitors,Dell 24-inch FHD,203.44,1,0,0.0,13.57,203.44,151.66,51.78,Mobile App,Credit Card,5,0
ORD-01878,2023-09-15,2023-09-22,7,CUST-1706,Consumer,Northeast,New Jersey,Sports & Outdoors,Camping Gear,Coleman Tent 4P,134.75,1,0,0.0,21.19,134.75,87.23,47.52,Mobile App,Debit Card,4,0
ORD-01879,2023-08-10,2023-08-17,7,CUST-2311,Small Business,Midwest,Wisconsin,Electronics,Smartphones,Google Pixel 7a,411.69,1,0,0.0,19.5,411.69,269.77,141.92,Online,PayPal,3,0
ORD-01880,2023-05-23,2023-05-24,1,CUST-1066,Corporate,Southwest,Texas,Electronics,Smartphones,iPhone SE,426.68,2,20,170.67,21.32,682.69,299.31,84.07,Online,Debit Card,4,1
ORD-01881,2024-07-01,2024-07-03,2,CUST-2710,Corporate,Midwest,Ohio,Clothing,Men's Apparel,Nike Dri-FIT Tee,36.64,2,0,0.0,5.52,73.28,26.66,19.96,Mobile App,Gift Card,5,0
ORD-01882,2023-11-01,2023-11-03,2,CUST-3182,Small Business,Southeast,Florida,Electronics,Laptops,Dell Inspiron 15,526.66,1,0,0.0,13.94,526.66,316.29,210.37,In-Store,Credit Card,4,0
ORD-01883,2024-04-01,2024-04-02,1,CUST-2256,Corporate,Midwest,Ohio,Clothing,Men's Apparel,Nike Dri-FIT Tee,36.26,2,10,7.25,7.56,65.27,26.14,12.99,Online,Apple Pay,4,0
ORD-01884,2023-11-09,2023-11-10,1,CUST-2934,Consumer,Northeast,Pennsylvania,Electronics,Laptops,Dell Inspiron 15,526.1,1,5,26.3,0.0,499.8,355.54,144.26,Online,Apple Pay,4,0
ORD-01885,2023-05-31,2023-06-04,4,CUST-3290,Consumer,West,Washington,Clothing,Activewear,Puma Track Pants,50.95,1,15,7.64,0.0,43.31,29.35,13.96,Mobile App,Gift Card,5,0
ORD-01886,2024-08-19,2024-08-20,1,CUST-1914,Consumer,Midwest,Wisconsin,Sports & Outdoors,Running,Garmin Forerunner 55,197.41,1,5,9.87,14.28,187.54,111.09,76.45,Online,Gift Card,2,1
ORD-01887,2024-09-21,2024-09-25,4,CUST-1914,Corporate,Southeast,Georgia,Electronics,Tablets,Amazon Fire HD 10,147.91,1,0,0.0,19.78,147.91,98.71,49.2,Mobile App,Credit Card,4,0
ORD-01888,2023-10-15,2023-10-18,3,CUST-3329,Corporate,Northeast,Massachusetts,Electronics,Headphones,Bose QC45,286.37,2,15,85.91,20.9,486.83,159.8,167.23,Mobile App,Gift Card,3,0
ORD-01889,2023-04-19,2023-04-21,2,CUST-2681,Consumer,West,Arizona,Home & Kitchen,Appliances,Dyson V15 Vacuum,641.0,1,0,0.0,8.81,641.0,388.31,252.69,In-Store,Gift Card,3,0
ORD-01890,2023-08-22,2023-08-28,6,CUST-2378,Consumer,Midwest,Indiana,Sports & Outdoors,Fitness Equipment,Bowflex Dumbbells,366.21,5,10,183.1,14.16,1647.95,206.89,613.5,Online,PayPal,2,1
ORD-01891,2023-08-13,2023-08-18,5,CUST-1554,Corporate,Midwest,Michigan,Home & Kitchen,Furniture,Wayfair Sofa,510.4,3,20,306.24,18.96,1224.96,349.88,175.32,Mobile App,Gift Card,5,0
ORD-01892,2023-04-19,2023-04-20,1,CUST-2503,Corporate,West,California,Electronics,Headphones,Sony WH-1000XM5,293.31,2,0,0.0,14.88,586.62,206.43,173.76,Mobile App,PayPal,4,0
ORD-01893,2024-11-15,2024-11-17,2,CUST-3038,Consumer,West,Oregon,Electronics,Laptops,Lenovo ThinkPad E15,743.15,5,10,371.57,24.01,3344.18,420.89,1239.73,Mobile App,PayPal,4,0
ORD-01894,2023-03-02,2023-03-04,2,CUST-1918,Consumer,West,Arizona,Office Supplies,Stationery,Sharpie Marker Set,17.8,1,15,2.67,5.27,15.13,11.58,3.55,Online,Credit Card,5,0
ORD-01895,2023-01-30,2023-02-06,7,CUST-1932,Consumer,Southeast,Georgia,Home & Kitchen,Decor,Wall Art Canvas,62.94,1,5,3.15,10.12,59.79,45.63,14.16,Mobile App,Debit Card,3,0
ORD-01896,2024-06-09,2024-06-12,3,CUST-1784,Consumer,Southwest,Nevada,Sports & Outdoors,Team Sports,Rawlings Baseball Glove,50.44,3,5,7.57,16.46,143.75,29.18,56.21,In-Store,Gift Card,2,1
ORD-01897,2023-03-02,2023-03-09,7,CUST-1232,Consumer,Northeast,Connecticut,Home & Kitchen,Appliances,Instant Pot Duo 7-in-1,93.79,1,15,14.07,6.93,79.72,64.52,15.2,Online,Gift Card,1,1
ORD-01898,2023-01-23,2023-01-30,7,CUST-1634,Corporate,Northeast,New Jersey,Sports & Outdoors,Cycling,Schwinn Hybrid Bike,363.58,2,0,0.0,5.56,727.16,258.58,210.0,Mobile App,PayPal,2,0
ORD-01899,2023-07-30,2023-08-03,4,CUST-1135,Consumer,Northeast,Pennsylvania,Home & Kitchen,Furniture,West Elm Desk,364.7,1,10,36.47,0.0,328.23,202.56,125.67,Online,Apple Pay,4,0
ORD-01900,2024-01-05,2024-01-12,7,CUST-2738,Consumer,West,Washington,Electronics,Tablets,Samsung Galaxy Tab S6,339.37,1,15,50.91,9.88,288.46,216.36,72.1,Online,PayPal,3,0
ORD-01901,2023-05-03,2023-05-10,7,CUST-2297,Corporate,Northeast,Connecticut,Electronics,Tablets,Amazon Fire HD 10,151.66,3,10,45.5,0.0,409.48,91.61,134.65,In-Store,PayPal,2,0
ORD-01902,2024-07-02,2024-07-08,6,CUST-1942,Consumer,Southwest,Nevada,Office Supplies,Paper Products,Moleskine Notebook,15.04,2,5,1.5,21.33,28.58,9.08,10.42,Online,Debit Card,1,0
ORD-01903,2023-12-23,2023-12-28,5,CUST-2207,Corporate,West,Oregon,Clothing,Activewear,Reebok Sports Bra,36.06,1,0,0.0,19.31,36.06,22.11,13.95,Online,Apple Pay,4,0
ORD-01904,2023-05-15,2023-05-16,1,CUST-3093,Consumer,Southeast,North Carolina,Sports & Outdoors,Running,Garmin Forerunner 55,208.18,1,0,0.0,16.74,208.18,138.04,70.14,Online,Credit Card,1,0
ORD-01905,2023-05-19,2023-05-26,7,CUST-3387,Consumer,Southeast,Tennessee,Sports & Outdoors,Camping Gear,REI Sleeping Bag,177.56,2,5,17.76,9.55,337.36,105.04,127.28,Mobile App,PayPal,3,0
ORD-01906,2023-04-14,2023-04-15,1,CUST-1578,Consumer,Northeast,New York,Home & Kitchen,Furniture,Wayfair Sofa,515.48,1,5,25.77,13.69,489.71,320.03,169.68,Mobile App,Gift Card,5,0
ORD-01907,2024-10-09,2024-10-12,3,CUST-1946,Corporate,West,Colorado,Electronics,Headphones,Bose QC45,276.09,1,25,69.02,19.12,207.07,203.65,3.42,Online,Credit Card,3,0
ORD-01908,2024-11-27,2024-12-03,6,CUST-2696,Consumer,West,Oregon,Clothing,Activewear,Reebok Sports Bra,34.18,4,0,0.0,12.14,136.72,19.86,57.28,Mobile App,Apple Pay,3,0
ORD-01909,2023-09-26,2023-10-02,6,CUST-1588,Corporate,Southeast,North Carolina,Office Supplies,Printers,Epson EcoTank,204.65,2,15,61.4,19.49,347.9,148.41,51.08,Online,PayPal,3,0
ORD-01910,2024-03-25,2024-03-31,6,CUST-2108,Consumer,West,Arizona,Clothing,Women's Apparel,Adidas Yoga Pants,52.37,4,0,0.0,12.87,209.48,31.04,85.32,Mobile App,Credit Card,3,0
ORD-01911,2024-12-28,2024-12-29,1,CUST-1155,Small Business,Midwest,Illinois,Home & Kitchen,Decor,Yankee Candle Set,33.81,2,0,0.0,24.13,67.62,21.15,25.32,Online,Debit Card,4,0
ORD-01912,2024-05-03,2024-05-10,7,CUST-1860,Consumer,West,Oregon,Home & Kitchen,Storage,ClosetMaid Organizer,70.17,1,20,14.03,0.0,56.14,48.67,7.47,Mobile App,Apple Pay,4,0
ORD-01913,2023-11-22,2023-11-24,2,CUST-1005,Small Business,Northeast,New Jersey,Sports & Outdoors,Camping Gear,REI Sleeping Bag,180.35,3,10,54.1,19.91,486.95,106.98,166.01,Online,Credit Card,3,0
ORD-01914,2024-05-16,2024-05-22,6,CUST-2460,Small Business,Southeast,Georgia,Electronics,Tablets,iPad 10th Gen,470.41,4,10,188.16,22.53,1693.48,324.29,396.32,Mobile App,PayPal,2,0
ORD-01915,2024-05-02,2024-05-09,7,CUST-2913,Consumer,Northeast,New York,Home & Kitchen,Appliances,Instant Pot Duo 7-in-1,86.08,2,10,17.22,0.0,154.94,55.15,44.64,In-Store,Apple Pay,3,0
ORD-01916,2024-04-05,2024-04-06,1,CUST-3484,Corporate,West,Washington,Electronics,Smartphones,Google Pixel 7a,417.85,1,0,0.0,15.33,417.85,308.49,109.36,Mobile App,Apple Pay,4,1
ORD-01917,2024-10-16,2024-10-22,6,CUST-2143,Small Business,West,California,Office Supplies,Paper Products,Post-it Notes Bulk,20.2,2,0,0.0,16.21,40.4,13.02,14.36,In-Store,Credit Card,3,0
ORD-01918,2023-12-22,2023-12-27,5,CUST-1121,Small Business,Midwest,Michigan,Office Supplies,Stationery,Pilot G2 Pen Pack,13.4,1,0,0.0,22.86,13.4,9.54,3.86,In-Store,Credit Card,3,0
ORD-01919,2023-07-22,2023-07-23,1,CUST-2817,Corporate,Northeast,New York,Office Supplies,Organizers,Pendaflex Folders,14.25,1,5,0.71,14.29,13.54,9.56,3.98,Online,PayPal,2,0
ORD-01920,2024-06-09,2024-06-12,3,CUST-2792,Consumer,Midwest,Indiana,Sports & Outdoors,Cycling,Garmin Edge 530,295.21,2,5,29.52,5.09,560.9,194.32,172.26,In-Store,PayPal,1,1
ORD-01921,2023-06-30,2023-07-01,1,CUST-1925,Corporate,Southwest,Nevada,Sports & Outdoors,Team Sports,Adidas Soccer Ball,24.19,2,0,0.0,15.79,48.38,15.38,17.62,Online,Credit Card,3,1
ORD-01922,2024-10-28,2024-10-30,2,CUST-2546,Small Business,Midwest,Michigan,Electronics,Tablets,Samsung Galaxy Tab S6,326.23,1,5,16.31,17.09,309.92,222.65,87.27,Mobile App,Credit Card,4,0
ORD-01923,2024-04-04,2024-04-11,7,CUST-1223,Corporate,Northeast,New York,Sports & Outdoors,Team Sports,Rawlings Baseball Glove,49.59,2,20,19.84,23.71,79.34,32.34,14.66,Mobile App,Apple Pay,2,0
ORD-01924,2024-02-09,2024-02-12,3,CUST-1871,Consumer,Midwest,Indiana,Sports & Outdoors,Camping Gear,Yeti Cooler,248.68,1,0,0.0,15.75,248.68,148.52,100.16,Online,Credit Card,5,0
ORD-01925,2023-04-23,2023-04-26,3,CUST-2411,Consumer,Southeast,North Carolina,Home & Kitchen,Storage,Sterilite Cart,39.02,5,20,39.02,15.92,156.08,23.39,39.13,Online,Apple Pay,4,0
ORD-01926,2023-03-11,2023-03-18,7,CUST-2402,Small Business,West,Colorado,Home & Kitchen,Decor,Wall Art Canvas,61.17,1,5,3.06,21.66,58.11,40.86,17.25,Mobile App,Debit Card,3,0
ORD-01927,2024-05-23,2024-05-28,5,CUST-1743,Consumer,Northeast,Pennsylvania,Sports & Outdoors,Running,Brooks Ghost 15,136.48,5,0,0.0,14.15,682.4,75.8,303.4,Mobile App,Gift Card,1,0
ORD-01928,2023-12-15,2023-12-20,5,CUST-1299,Small Business,Southeast,Florida,Office Supplies,Organizers,Pendaflex Folders,14.74,3,20,8.84,13.14,35.38,9.55,6.73,Online,Credit Card,2,1
ORD-01929,2023-09-09,2023-09-16,7,CUST-3041,Corporate,West,Colorado,Home & Kitchen,Appliances,Instant Pot Duo 7-in-1,92.08,2,0,0.0,18.58,184.16,60.52,63.12,Online,Apple Pay,4,0
ORD-01930,2023-02-14,2023-02-15,1,CUST-2265,Corporate,Southeast,Florida,Sports & Outdoors,Cycling,Bell Helmet,48.69,1,0,0.0,0.0,48.69,35.27,13.42,Mobile App,Credit Card,4,0
ORD-01931,2023-10-18,2023-10-20,2,CUST-1025,Small Business,Northeast,Massachusetts,Sports & Outdoors,Fitness Equipment,Resistance Band Set,26.0,2,15,7.8,14.16,44.2,15.54,13.12,Mobile App,Apple Pay,5,0
ORD-01932,2023-11-29,2023-12-01,2,CUST-3475,Consumer,Southeast,Tennessee,Sports & Outdoors,Running,Brooks Ghost 15,140.54,2,0,0.0,0.0,281.08,91.34,98.4,In-Store,Debit Card,4,0
ORD-01933,2024-05-30,2024-06-06,7,CUST-2888,Corporate,Midwest,Ohio,Sports & Outdoors,Camping Gear,REI Sleeping Bag,172.47,1,10,17.25,9.37,155.22,100.41,54.81,In-Store,Debit Card,1,0
ORD-01934,2024-12-16,2024-12-17,1,CUST-2555,Small Business,Northeast,New Jersey,Electronics,Tablets,Amazon Fire HD 10,156.33,1,5,7.82,20.89,148.51,96.96,51.55,Online,PayPal,2,1
ORD-01935,2024-02-04,2024-02-08,4,CUST-2525,Consumer,Northeast,Pennsylvania,Sports & Outdoors,Team Sports,Rawlings Baseball Glove,51.95,3,10,15.59,11.19,140.26,32.75,42.01,In-Store,Apple Pay,5,0
ORD-01936,2024-04-30,2024-05-07,7,CUST-3011,Corporate,West,Colorado,Sports & Outdoors,Cycling,Bell Helmet,49.25,5,0,0.0,23.56,246.25,27.17,110.4,In-Store,PayPal,2,0
ORD-01937,2024-01-08,2024-01-11,3,CUST-2481,Consumer,Northeast,Massachusetts,Office Supplies,Organizers,Pendaflex Folders,15.08,1,0,0.0,0.0,15.08,9.76,5.32,Online,Debit Card,1,0
ORD-01938,2024-12-09,2024-12-16,7,CUST-1359,Consumer,Southwest,New Mexico,Office Supplies,Organizers,AmazonBasics File Cabinet,90.23,3,0,0.0,6.22,270.69,63.79,79.32,In-Store,Apple Pay,2,0
ORD-01939,2023-09-21,2023-09-22,1,CUST-2448,Consumer,Northeast,New Jersey,Electronics,Monitors,ASUS ProArt 27,447.09,1,10,44.71,0.0,402.38,267.52,134.86,Online,Gift Card,4,0
ORD-01940,2023-09-15,2023-09-18,3,CUST-3143,Corporate,Midwest,Michigan,Home & Kitchen,Storage,ClosetMaid Organizer,68.52,1,0,0.0,11.86,68.52,39.79,28.73,Online,PayPal,3,0
ORD-01941,2023-08-05,2023-08-09,4,CUST-3222,Consumer,Southeast,Virginia,Office Supplies,Organizers,Bankers Box Set,26.05,2,5,2.6,24.37,49.5,17.75,14.0,Mobile App,Debit Card,4,0
ORD-01942,2024-12-30,2024-12-31,1,CUST-2770,Corporate,Southeast,Tennessee,Sports & Outdoors,Cycling,Schwinn Hybrid Bike,337.42,1,5,16.87,5.91,320.55,249.32,71.23,In-Store,Credit Card,5,0
ORD-01943,2023-05-13,2023-05-18,5,CUST-3416,Consumer,Northeast,Connecticut,Office Supplies,Printers,Epson EcoTank,193.35,1,10,19.34,18.67,174.01,113.92,60.09,Online,PayPal,4,0
ORD-01944,2024-04-13,2024-04-14,1,CUST-1521,Consumer,Northeast,Connecticut,Office Supplies,Organizers,Bankers Box Set,24.07,1,20,4.81,14.88,19.26,17.99,1.27,In-Store,Gift Card,4,0
ORD-01945,2023-01-10,2023-01-13,3,CUST-2108,Corporate,Northeast,Connecticut,Clothing,Men's Apparel,Levi's 501 Jeans,59.18,1,15,8.88,0.0,50.3,33.44,16.86,Mobile App,Apple Pay,3,0
ORD-01946,2024-03-03,2024-03-04,1,CUST-3205,Consumer,West,Washington,Electronics,Laptops,HP Pavilion x360,638.32,1,5,31.92,18.55,606.4,381.18,225.22,In-Store,Debit Card,3,0
ORD-01947,2023-04-04,2023-04-07,3,CUST-2419,Consumer,Southwest,Texas,Clothing,Men's Apparel,Columbia Jacket,93.19,1,0,0.0,6.3,93.19,65.36,27.83,Mobile App,PayPal,4,0
ORD-01948,2023-02-20,2023-02-25,5,CUST-1828,Consumer,Southeast,North Carolina,Electronics,Monitors,LG 27-inch 4K,338.93,2,0,0.0,23.8,677.86,190.08,297.7,In-Store,Debit Card,2,0
ORD-01949,2023-03-30,2023-04-01,2,CUST-2053,Consumer,Northeast,Massachusetts,Electronics,Headphones,AirPods Pro 2,243.38,1,10,24.34,23.76,219.04,149.85,69.19,Mobile App,Debit Card,5,0
ORD-01950,2024-03-27,2024-03-31,4,CUST-2011,Consumer,Southeast,Virginia,Clothing,Accessories,Fossil Watch,127.66,1,0,0.0,0.0,127.66,84.44,43.22,Mobile App,Apple Pay,4,0
ORD-01951,2024-08-17,2024-08-18,1,CUST-2788,Consumer,Northeast,Massachusetts,Clothing,Activewear,Puma Track Pants,51.65,1,10,5.17,23.66,46.48,38.34,8.14,Online,Debit Card,5,0
ORD-01952,2023-06-11,2023-06-12,1,CUST-1458,Corporate,Southeast,Tennessee,Office Supplies,Printers,Epson EcoTank,198.92,1,0,0.0,21.63,198.92,116.92,82.0,Mobile App,Gift Card,5,0
ORD-01953,2024-12-06,2024-12-09,3,CUST-1726,Consumer,Northeast,Connecticut,Home & Kitchen,Storage,Container Store Bins,24.53,2,15,7.36,0.0,41.7,16.77,8.16,Mobile App,Credit Card,4,0
ORD-01954,2023-02-04,2023-02-07,3,CUST-2713,Consumer,West,Colorado,Home & Kitchen,Storage,Container Store Bins,25.83,1,10,2.58,9.3,23.25,15.19,8.06,Online,Debit Card,4,0
ORD-01955,2024-08-25,2024-08-27,2,CUST-2826,Consumer,Northeast,New Jersey,Clothing,Men's Apparel,Columbia Jacket,86.98,1,10,8.7,19.35,78.28,63.31,14.97,Online,Credit Card,5,0
ORD-01956,2024-07-12,2024-07-17,5,CUST-2401,Consumer,Southeast,Virginia,Electronics,Laptops,Lenovo ThinkPad E15,768.79,4,0,0.0,0.0,3075.16,456.36,1249.72,Online,Apple Pay,2,1
ORD-01957,2024-06-10,2024-06-14,4,CUST-1902,Consumer,West,Colorado,Sports & Outdoors,Running,Garmin Forerunner 55,198.25,1,5,9.91,11.17,188.34,128.05,60.29,In-Store,PayPal,5,0
ORD-01958,2023-07-08,2023-07-09,1,CUST-3108,Consumer,West,Colorado,Home & Kitchen,Decor,Wall Art Canvas,57.38,1,15,8.61,9.0,48.77,34.96,13.81,In-Store,PayPal,5,0
ORD-01959,2024-01-11,2024-01-12,1,CUST-2289,Small Business,Northeast,Connecticut,Sports & Outdoors,Team Sports,Rawlings Baseball Glove,50.32,1,10,5.03,20.77,45.29,36.87,8.42,Online,Debit Card,5,0
ORD-01960,2023-06-07,2023-06-13,6,CUST-1810,Consumer,Northeast,Connecticut,Home & Kitchen,Storage,ClosetMaid Organizer,70.44,2,0,0.0,11.51,140.88,41.33,58.22,Online,Gift Card,3,0
ORD-01961,2024-04-09,2024-04-16,7,CUST-3418,Corporate,Midwest,Ohio,Sports & Outdoors,Running,Garmin Forerunner 55,192.87,1,0,0.0,8.69,192.87,122.65,70.22,In-Store,Debit Card,4,0
ORD-01962,2024-07-26,2024-08-01,6,CUST-3281,Consumer,Northeast,New York,Office Supplies,Paper Products,Post-it Notes Bulk,20.77,2,0,0.0,8.31,41.54,14.21,13.12,Online,PayPal,3,0
ORD-01963,2023-09-24,2023-10-01,7,CUST-2795,Consumer,Northeast,Connecticut,Office Supplies,Printers,HP LaserJet Pro,299.03,2,20,119.61,18.12,478.45,220.32,37.81,In-Store,Gift Card,1,1
ORD-01964,2024-06-01,2024-06-06,5,CUST-2458,Consumer,Northeast,Pennsylvania,Sports & Outdoors,Running,Garmin Forerunner 55,201.23,1,0,0.0,5.09,201.23,128.04,73.19,In-Store,Apple Pay,3,0
ORD-01965,2023-01-17,2023-01-24,7,CUST-1650,Corporate,Midwest,Michigan,Office Supplies,Paper Products,Post-it Notes Bulk,20.13,3,5,3.02,16.3,57.37,14.26,14.59,Online,Debit Card,2,1
ORD-01966,2024-05-14,2024-05-21,7,CUST-2704,Consumer,Northeast,Pennsylvania,Sports & Outdoors,Team Sports,Rawlings Baseball Glove,52.29,2,0,0.0,8.53,104.58,36.37,31.84,In-Store,PayPal,4,1
ORD-01967,2024-02-12,2024-02-17,5,CUST-1693,Consumer,Northeast,Pennsylvania,Electronics,Tablets,Amazon Fire HD 10,150.69,2,5,15.07,12.91,286.31,112.42,61.47,Mobile App,Gift Card,3,1
ORD-01968,2023-10-06,2023-10-10,4,CUST-1192,Consumer,Southwest,Utah,Home & Kitchen,Furniture,IKEA Kallax Shelf,91.34,2,15,27.4,15.39,155.28,66.84,21.6,In-Store,Credit Card,3,0
ORD-01969,2024-07-28,2024-07-29,1,CUST-2014,Corporate,Southwest,New Mexico,Clothing,Men's Apparel,Columbia Jacket,89.05,1,0,0.0,13.41,89.05,62.18,26.87,Mobile App,Debit Card,4,0
ORD-01970,2024-10-08,2024-10-11,3,CUST-1622,Consumer,Southwest,Utah,Electronics,Laptops,Lenovo ThinkPad E15,772.47,3,0,0.0,15.01,2317.41,436.72,1007.25,Online,Debit Card,3,0
ORD-01971,2023-08-10,2023-08-12,2,CUST-2982,Consumer,Northeast,New Jersey,Clothing,Accessories,Coach Wallet,76.52,3,0,0.0,8.54,229.56,53.84,68.04,In-Store,Credit Card,4,0
ORD-01972,2023-07-11,2023-07-14,3,CUST-3383,Corporate,Northeast,New York,Clothing,Activewear,Puma Track Pants,52.23,2,20,20.89,14.71,83.57,29.75,24.07,Online,Credit Card,1,0
ORD-01973,2024-10-16,2024-10-18,2,CUST-2526,Consumer,Southwest,Texas,Sports & Outdoors,Running,Garmin Forerunner 55,206.41,3,20,123.85,11.17,495.38,120.72,133.22,Online,Gift Card,5,0
ORD-01974,2023-03-16,2023-03-18,2,CUST-1218,Corporate,Southeast,Virginia,Home & Kitchen,Decor,Wall Art Canvas,60.75,1,5,3.04,14.03,57.71,44.32,13.39,In-Store,Debit Card,5,0
ORD-01975,2023-02-17,2023-02-21,4,CUST-1879,Consumer,Midwest,Wisconsin,Electronics,Monitors,ASUS ProArt 27,432.91,1,10,43.29,8.34,389.62,247.97,141.65,In-Store,PayPal,5,0
ORD-01976,2023-07-02,2023-07-09,7,CUST-2188,Consumer,Northeast,New York,Office Supplies,Paper Products,HP Printer Paper 5-Ream,29.05,2,15,8.71,7.94,49.39,18.6,12.19,Online,Debit Card,1,0
ORD-01977,2023-06-19,2023-06-23,4,CUST-3448,Consumer,Midwest,Ohio,Clothing,Accessories,Fossil Watch,133.34,2,0,0.0,7.25,266.68,84.03,98.62,Mobile App,Gift Card,4,0
ORD-01978,2023-01-08,2023-01-09,1,CUST-2384,Consumer,Northeast,New York,Home & Kitchen,Appliances,Dyson V15 Vacuum,628.49,1,0,0.0,8.4,628.49,401.28,227.21,In-Store,Apple Pay,4,0
ORD-01979,2023-08-02,2023-08-05,3,CUST-3243,Consumer,Midwest,Illinois,Home & Kitchen,Furniture,Wayfair Sofa,501.09,3,0,0.0,0.0,1503.27,353.7,442.17,Online,PayPal,1,0
ORD-01980,2023-10-26,2023-10-27,1,CUST-2204,Corporate,Southeast,Virginia,Sports & Outdoors,Fitness Equipment,Bowflex Dumbbells,347.76,3,5,52.16,0.0,991.12,233.69,290.05,In-Store,Credit Card,4,0
ORD-01981,2023-02-11,2023-02-15,4,CUST-3241,Corporate,Southeast,Tennessee,Clothing,Footwear,Adidas Ultraboost,179.95,2,0,0.0,17.81,359.9,104.85,150.2,Online,Gift Card,3,0
ORD-01982,2023-08-30,2023-08-31,1,CUST-1263,Corporate,Northeast,Pennsylvania,Electronics,Laptops,Dell Inspiron 15,524.01,1,0,0.0,15.67,524.01,382.04,141.97,Mobile App,PayPal,1,0
ORD-01983,2023-03-09,2023-03-14,5,CUST-1366,Consumer,Midwest,Michigan,Sports & Outdoors,Fitness Equipment,Resistance Band Set,24.72,1,0,0.0,22.15,24.72,16.27,8.45,Online,Apple Pay,5,0
ORD-01984,2023-06-17,2023-06-19,2,CUST-1408,Corporate,Southwest,Oklahoma,Electronics,Headphones,Bose QC45,283.76,2,0,0.0,0.0,567.52,186.89,193.74,In-Store,Credit Card,4,0
ORD-01985,2023-10-08,2023-10-12,4,CUST-2842,Consumer,West,Oregon,Sports & Outdoors,Running,Nathan Hydration Vest,72.8,1,5,3.64,10.35,69.16,48.55,20.61,In-Store,Credit Card,4,0
ORD-01986,2024-03-08,2024-03-10,2,CUST-2321,Consumer,Southeast,Florida,Sports & Outdoors,Running,Brooks Ghost 15,135.87,1,0,0.0,11.99,135.87,74.84,61.03,Online,Debit Card,4,0
ORD-01987,2023-07-14,2023-07-17,3,CUST-1778,Consumer,West,California,Office Supplies,Printers,Epson EcoTank,200.63,2,10,40.13,20.67,361.13,131.38,98.37,In-Store,Apple Pay,5,0
ORD-01988,2023-08-09,2023-08-13,4,CUST-3186,Corporate,Midwest,Michigan,Sports & Outdoors,Fitness Equipment,Bowflex Dumbbells,363.79,2,0,0.0,13.01,727.58,244.64,238.3,Online,Gift Card,3,0
ORD-01989,2023-10-20,2023-10-22,2,CUST-1680,Corporate,Northeast,Connecticut,Clothing,Activewear,Reebok Sports Bra,34.62,1,10,3.46,0.0,31.16,23.73,7.43,In-Store,Gift Card,4,0
ORD-01990,2023-06-09,2023-06-13,4,CUST-1545,Consumer,Southeast,North Carolina,Clothing,Women's Apparel,Lululemon Tank,68.89,4,20,55.11,0.0,220.45,38.67,65.77,Online,Credit Card,2,1
ORD-01991,2023-04-05,2023-04-07,2,CUST-1480,Consumer,Southeast,Georgia,Home & Kitchen,Cookware,Lodge Cast Iron Skillet,29.69,5,5,7.42,13.38,141.03,21.08,35.63,Online,PayPal,3,0
ORD-01992,2024-10-30,2024-11-02,3,CUST-2225,Consumer,Southwest,New Mexico,Home & Kitchen,Cookware,Lodge Cast Iron Skillet,29.51,1,0,0.0,24.82,29.51,21.48,8.03,In-Store,Credit Card,4,0
ORD-01993,2023-07-03,2023-07-10,7,CUST-3402,Corporate,West,Oregon,Sports & Outdoors,Camping Gear,REI Sleeping Bag,173.9,1,5,8.7,13.15,165.2,99.51,65.69,In-Store,PayPal,3,0
ORD-01994,2024-09-02,2024-09-09,7,CUST-1488,Corporate,West,Colorado,Clothing,Footwear,Adidas Ultraboost,182.72,2,0,0.0,14.91,365.44,123.22,119.0,In-Store,PayPal,2,0
ORD-01995,2023-09-25,2023-09-29,4,CUST-1312,Corporate,Southeast,Florida,Office Supplies,Paper Products,Post-it Notes Bulk,20.82,1,10,2.08,0.0,18.74,15.19,3.55,Mobile App,PayPal,3,0
ORD-01996,2023-01-27,2023-01-31,4,CUST-2100,Consumer,West,California,Clothing,Footwear,Adidas Ultraboost,175.29,5,20,175.29,21.51,701.16,113.18,135.26,Mobile App,Credit Card,5,0
ORD-01997,2024-10-09,2024-10-12,3,CUST-3125,Small Business,Southeast,Virginia,Sports & Outdoors,Team Sports,Adidas Soccer Ball,25.76,1,0,0.0,19.99,25.76,17.23,8.53,In-Store,Debit Card,5,0
ORD-01998,2024-05-17,2024-05-19,2,CUST-2041,Consumer,Midwest,Illinois,Sports & Outdoors,Cycling,Schwinn Hybrid Bike,341.81,1,15,51.27,7.04,290.54,193.71,96.83,Online,Debit Card,3,0
ORD-01999,2023-02-23,2023-02-25,2,CUST-3244,Consumer,Northeast,Connecticut,Clothing,Activewear,Reebok Sports Bra,36.61,2,15,10.98,7.66,62.24,23.88,14.48,Online,Credit Card,4,0
ORD-02000,2023-10-30,2023-11-01,2,CUST-2104,Consumer,Northeast,New York,Sports & Outdoors,Team Sports,Adidas Soccer Ball,25.78,3,10,7.73,22.49,69.61,18.06,15.43,Online,Credit Card,4,0
ORD-02001,2023-05-20,2023-05-23,3,CUST-3456,Corporate,Northeast,New York,Sports & Outdoors,Camping Gear,Yeti Cooler,250.82,1,10,25.08,12.07,225.74,159.18,66.56,Online,PayPal,4,0
ORD-02002,2023-10-07,2023-10-10,3,CUST-3189,Consumer,Southeast,North Carolina,Sports & Outdoors,Running,Brooks Ghost 15,142.82,4,20,114.26,9.58,457.02,95.94,73.26,Online,Apple Pay,4,0
ORD-02003,2023-08-02,2023-08-03,1,CUST-2396,Corporate,Southeast,Virginia,Electronics,Headphones,AirPods Pro 2,246.71,2,0,0.0,18.44,493.42,146.47,200.48,Online,Debit Card,4,1
ORD-02004,2024-03-20,2024-03-25,5,CUST-2991,Consumer,West,Washington,Office Supplies,Printers,Epson EcoTank,209.27,2,10,41.85,0.0,376.69,132.91,110.87,Online,Apple Pay,5,0
ORD-02005,2023-12-01,2023-12-02,1,CUST-2201,Small Business,West,California,Electronics,Laptops,Lenovo ThinkPad E15,762.24,1,5,38.11,10.7,724.13,477.11,247.02,In-Store,Debit Card,5,0
ORD-02006,2023-03-04,2023-03-10,6,CUST-2484,Consumer,Midwest,Wisconsin,Clothing,Footwear,Adidas Ultraboost,185.41,1,0,0.0,14.05,185.41,125.74,59.67,Mobile App,Apple Pay,4,0
ORD-02007,2023-11-27,2023-12-02,5,CUST-3014,Consumer,Northeast,Pennsylvania,Office Supplies,Printers,Epson EcoTank,191.51,4,0,0.0,21.35,766.04,111.86,318.6,Mobile App,Gift Card,4,0
ORD-02008,2023-11-29,2023-12-04,5,CUST-1216,Consumer,West,Colorado,Office Supplies,Paper Products,Moleskine Notebook,15.51,1,10,1.55,9.17,13.96,9.86,4.1,Online,Gift Card,5,0
ORD-02009,2023-05-26,2023-05-28,2,CUST-3225,Consumer,Northeast,New Jersey,Office Supplies,Printers,Brother Inkjet,150.89,1,0,0.0,19.28,150.89,105.91,44.98,Online,PayPal,4,0
ORD-02010,2023-12-15,2023-12-19,4,CUST-2629,Consumer,Southwest,Utah,Sports & Outdoors,Running,Nathan Hydration Vest,68.48,1,0,0.0,0.0,68.48,38.63,29.85,In-Store,Credit Card,4,0
ORD-02011,2023-09-09,2023-09-12,3,CUST-1168,Small Business,Northeast,Connecticut,Electronics,Laptops,Lenovo ThinkPad E15,726.65,2,5,72.67,12.64,1380.63,420.57,539.49,Mobile App,Debit Card,4,0
ORD-02012,2023-10-21,2023-10-27,6,CUST-2023,Consumer,Northeast,Massachusetts,Electronics,Headphones,Sony WH-1000XM5,286.44,3,15,128.9,19.75,730.42,171.59,215.65,Online,PayPal,2,0
ORD-02013,2024-03-05,2024-03-11,6,CUST-2988,Small Business,Midwest,Indiana,Electronics,Smartphones,Google Pixel 7a,387.96,1,10,38.8,15.8,349.16,230.64,118.52,Online,Credit Card,3,0
ORD-02014,2024-02-28,2024-03-04,5,CUST-2024,Consumer,Southeast,Virginia,Sports & Outdoors,Running,Brooks Ghost 15,146.35,3,0,0.0,10.97,439.05,91.54,164.43,Mobile App,Gift Card,1,0
ORD-02015,2023-07-26,2023-08-01,6,CUST-1336,Consumer,Southeast,Florida,Electronics,Laptops,Dell Inspiron 15,539.82,1,0,0.0,15.74,539.82,319.08,220.74,Mobile App,Debit Card,2,1
ORD-02016,2023-07-30,2023-08-06,7,CUST-1505,Consumer,Southeast,Florida,Home & Kitchen,Storage,ClosetMaid Organizer,69.74,1,15,10.46,13.63,59.28,40.36,18.92,Mobile App,Apple Pay,2,0
ORD-02017,2023-11-01,2023-11-08,7,CUST-2340,Consumer,Midwest,Indiana,Clothing,Men's Apparel,Nike Dri-FIT Tee,34.1,5,10,17.05,14.05,153.45,25.5,25.95,Mobile App,Credit Card,2,0
ORD-02018,2024-05-04,2024-05-05,1,CUST-3291,Corporate,Southwest,Oklahoma,Clothing,Men's Apparel,Levi's 501 Jeans,62.74,1,15,9.41,14.23,53.33,40.87,12.46,Online,Gift Card,4,1
ORD-02019,2024-09-09,2024-09-15,6,CUST-2222,Consumer,Southwest,Utah,Office Supplies,Printers,Epson EcoTank,203.56,1,0,0.0,19.97,203.56,125.55,78.01,In-Store,Apple Pay,3,0
ORD-02020,2024-03-18,2024-03-25,7,CUST-1283,Consumer,Northeast,Pennsylvania,Clothing,Women's Apparel,North Face Fleece,104.67,1,0,0.0,24.56,104.67,61.12,43.55,In-Store,Gift Card,2,0
ORD-02021,2024-05-29,2024-06-05,7,CUST-3062,Consumer,Midwest,Indiana,Office Supplies,Printers,HP LaserJet Pro,296.26,1,10,29.63,17.31,266.63,218.57,48.06,Online,PayPal,5,0
ORD-02022,2024-12-15,2024-12-21,6,CUST-2996,Consumer,West,Oregon,Electronics,Headphones,AirPods Pro 2,253.37,4,0,0.0,13.46,1013.48,151.58,407.16,Online,Debit Card,3,0
ORD-02023,2024-08-24,2024-08-30,6,CUST-3056,Small Business,Midwest,Illinois,Sports & Outdoors,Cycling,Bell Helmet,49.93,1,15,7.49,15.05,42.44,30.34,12.1,Mobile App,Gift Card,4,0
ORD-02024,2023-12-13,2023-12-17,4,CUST-2235,Consumer,Southwest,Texas,Sports & Outdoors,Running,Nathan Hydration Vest,69.0,4,0,0.0,12.29,276.0,44.41,98.36,In-Store,Apple Pay,4,1
ORD-02025,2023-02-14,2023-02-18,4,CUST-1769,Small Business,Midwest,Indiana,Clothing,Accessories,Fossil Watch,130.88,1,0,0.0,0.0,130.88,81.68,49.2,Online,Debit Card,3,0
ORD-02026,2023-07-11,2023-07-15,4,CUST-2588,Consumer,Northeast,Pennsylvania,Electronics,Monitors,LG 27-inch 4K,334.85,1,10,33.48,17.81,301.37,192.78,108.59,Mobile App,PayPal,4,0
ORD-02027,2024-08-16,2024-08-18,2,CUST-3337,Consumer,Southeast,North Carolina,Office Supplies,Stationery,Staedtler Pencil Set,10.1,3,5,1.51,16.42,28.79,6.38,9.65,Online,Credit Card,3,0
ORD-02028,2023-07-07,2023-07-13,6,CUST-3337,Consumer,Northeast,Pennsylvania,Office Supplies,Desks & Chairs,Herman Miller Aeron,1357.36,1,0,0.0,16.72,1357.36,782.96,574.4,Mobile App,Apple Pay,2,0
ORD-02029,2024-05-29,2024-05-30,1,CUST-3008,Consumer,West,Washington,Sports & Outdoors,Fitness Equipment,Resistance Band Set,25.77,1,0,0.0,8.47,25.77,14.2,11.57,Online,Apple Pay,3,0
ORD-02030,2024-04-10,2024-04-16,6,CUST-1522,Small Business,Southeast,Tennessee,Home & Kitchen,Appliances,Dyson V15 Vacuum,617.61,2,15,185.28,0.0,1049.94,376.49,296.96,Online,Debit Card,3,0
ORD-02031,2023-11-12,2023-11-13,1,CUST-1013,Corporate,Northeast,Connecticut,Home & Kitchen,Decor,Pottery Barn Throw Pillow,50.91,2,0,0.0,13.25,101.82,30.33,41.16,In-Store,Debit Card,1,1
ORD-02032,2024-12-04,2024-12-10,6,CUST-1321,Corporate,West,Arizona,Home & Kitchen,Storage,Sterilite Cart,40.64,5,25,50.8,17.98,152.4,26.92,17.8,Mobile App,Credit Card,3,0
ORD-02033,2024-04-22,2024-04-24,2,CUST-3381,Corporate,Southeast,Tennessee,Electronics,Smartphones,Google Pixel 7a,389.13,1,5,19.46,11.06,369.67,264.68,104.99,In-Store,Debit Card,4,0
ORD-02034,2024-06-11,2024-06-18,7,CUST-1440,Consumer,Northeast,New York,Clothing,Women's Apparel,North Face Fleece,96.72,1,0,0.0,24.85,96.72,66.04,30.68,Online,PayPal,3,0
ORD-02035,2024-11-06,2024-11-13,7,CUST-2868,Corporate,West,Oregon,Clothing,Accessories,Coach Wallet,76.78,1,5,3.84,0.0,72.94,51.92,21.02,Mobile App,Credit Card,2,0
ORD-02036,2023-03-10,2023-03-16,6,CUST-1016,Consumer,Northeast,Connecticut,Home & Kitchen,Appliances,Keurig K-Slim,113.24,3,10,33.97,8.19,305.75,75.95,77.9,In-Store,Gift Card,3,0
ORD-02037,2024-12-31,2025-01-04,4,CUST-2584,Consumer,Northeast,Massachusetts,Sports & Outdoors,Running,Garmin Forerunner 55,194.91,1,10,19.49,12.03,175.42,135.5,39.92,Mobile App,Debit Card,5,0
ORD-02038,2023-04-22,2023-04-29,7,CUST-2967,Corporate,West,Oregon,Home & Kitchen,Storage,Sterilite Cart,41.82,3,20,25.09,10.26,100.37,27.71,17.24,Online,PayPal,4,0
ORD-02039,2024-02-24,2024-03-01,6,CUST-2816,Small Business,West,California,Clothing,Activewear,Reebok Sports Bra,34.43,3,0,0.0,23.3,103.29,24.29,30.42,Mobile App,PayPal,3,0
ORD-02040,2024-06-11,2024-06-17,6,CUST-1941,Consumer,Northeast,New Jersey,Office Supplies,Printers,Epson EcoTank,190.3,3,5,28.55,6.73,542.35,109.12,214.99,In-Store,Credit Card,3,0
ORD-02041,2024-02-24,2024-03-01,6,CUST-3366,Corporate,Northeast,Massachusetts,Sports & Outdoors,Team Sports,Wilson Basketball,28.49,5,5,7.12,23.05,135.33,16.47,52.98,In-Store,Gift Card,1,0
ORD-02042,2024-09-24,2024-09-28,4,CUST-1010,Consumer,Southeast,Virginia,Sports & Outdoors,Camping Gear,Yeti Cooler,253.66,1,0,0.0,15.06,253.66,150.85,102.81,Online,Apple Pay,4,0
ORD-02043,2023-12-22,2023-12-23,1,CUST-2399,Corporate,West,Colorado,Home & Kitchen,Appliances,Dyson V15 Vacuum,638.14,1,5,31.91,17.01,606.23,400.89,205.34,Online,Credit Card,4,0
ORD-02044,2023-10-05,2023-10-06,1,CUST-3415,Consumer,Southwest,Utah,Office Supplies,Stationery,Staedtler Pencil Set,9.54,5,10,4.77,13.57,42.93,5.92,13.33,Online,Debit Card,5,0
ORD-02045,2023-06-30,2023-07-03,3,CUST-3491,Consumer,Southeast,Virginia,Clothing,Footwear,Adidas Ultraboost,187.09,5,15,140.32,15.3,795.13,128.58,152.23,Online,PayPal,3,0
ORD-02046,2024-04-23,2024-04-26,3,CUST-2159,Consumer,West,California,Electronics,Laptops,Dell Inspiron 15,575.63,4,10,230.25,15.37,2072.27,423.11,379.83,Online,Debit Card,4,0
ORD-02047,2023-09-07,2023-09-12,5,CUST-2203,Consumer,West,Arizona,Clothing,Activewear,Reebok Sports Bra,34.21,5,10,17.11,11.35,153.94,20.26,52.64,Online,Debit Card,1,0
ORD-02048,2023-05-09,2023-05-16,7,CUST-3365,Consumer,Southwest,Utah,Home & Kitchen,Appliances,Keurig K-Slim,115.12,2,0,0.0,0.0,230.24,76.74,76.76,Online,Credit Card,3,0
ORD-02049,2023-10-17,2023-10-19,2,CUST-2762,Corporate,Northeast,New Jersey,Home & Kitchen,Storage,ClosetMaid Organizer,70.62,2,10,14.12,20.42,127.12,49.13,28.86,In-Store,Apple Pay,5,0
ORD-02050,2023-02-07,2023-02-08,1,CUST-2174,Corporate,Southwest,Nevada,Clothing,Activewear,Reebok Sports Bra,36.17,4,20,28.94,21.62,115.74,26.36,10.3,In-Store,Apple Pay,5,0
ORD-02051,2023-10-25,2023-11-01,7,CUST-1992,Consumer,Midwest,Ohio,Electronics,Monitors,LG 27-inch 4K,338.13,2,5,33.81,17.66,642.45,237.11,168.23,In-Store,Credit Card,2,1
ORD-02052,2024-06-06,2024-06-07,1,CUST-2662,Consumer,Northeast,New York,Sports & Outdoors,Fitness Equipment,Peloton Bike Mat,60.3,4,10,24.12,22.33,217.08,34.58,78.76,Mobile App,Credit Card,4,0
ORD-02053,2024-04-08,2024-04-12,4,CUST-1760,Consumer,Southeast,Tennessee,Clothing,Activewear,Reebok Sports Bra,36.3,2,15,10.89,24.39,61.71,20.39,20.93,Online,Credit Card,3,0
ORD-02054,2023-09-01,2023-09-06,5,CUST-2906,Small Business,Midwest,Illinois,Clothing,Accessories,Ray-Ban Aviators,159.7,1,5,7.99,10.32,151.71,106.83,44.88,In-Store,Apple Pay,2,1
ORD-02055,2023-03-07,2023-03-10,3,CUST-3122,Consumer,Northeast,Connecticut,Home & Kitchen,Storage,ClosetMaid Organizer,69.03,1,0,0.0,9.57,69.03,47.55,21.48,Mobile App,PayPal,5,0
ORD-02056,2024-06-28,2024-06-29,1,CUST-2022,Consumer,Northeast,Pennsylvania,Clothing,Accessories,Coach Wallet,83.73,3,10,25.12,12.3,226.07,57.89,52.4,Mobile App,Credit Card,4,0
ORD-02057,2023-08-26,2023-09-02,7,CUST-3064,Small Business,Midwest,Michigan,Electronics,Tablets,Samsung Galaxy Tab S6,329.81,1,10,32.98,18.21,296.83,183.84,112.99,Mobile App,Credit Card,5,0
ORD-02058,2023-08-03,2023-08-09,6,CUST-1846,Corporate,Southwest,Utah,Clothing,Footwear,Adidas Ultraboost,184.66,1,0,0.0,6.02,184.66,113.38,71.28,Online,PayPal,2,1
ORD-02059,2024-07-07,2024-07-10,3,CUST-1030,Small Business,Midwest,Ohio,Home & Kitchen,Storage,ClosetMaid Organizer,69.65,1,15,10.45,22.6,59.2,43.03,16.17,In-Store,Debit Card,4,0
ORD-02060,2024-10-17,2024-10-23,6,CUST-2027,Corporate,Northeast,New Jersey,Home & Kitchen,Appliances,Keurig K-Slim,110.27,1,0,0.0,19.3,110.27,75.46,34.81,In-Store,Gift Card,5,1
ORD-02061,2024-05-07,2024-05-14,7,CUST-1503,Consumer,Southeast,Georgia,Clothing,Accessories,Ray-Ban Aviators,162.41,1,10,16.24,13.87,146.17,98.39,47.78,In-Store,Credit Card,3,0
ORD-02062,2024-09-17,2024-09-24,7,CUST-1388,Consumer,Northeast,Massachusetts,Home & Kitchen,Furniture,West Elm Desk,357.05,5,20,357.05,5.01,1428.2,206.34,396.5,Mobile App,PayPal,2,0
ORD-02063,2024-05-28,2024-05-29,1,CUST-1831,Consumer,Southeast,North Carolina,Home & Kitchen,Cookware,Lodge Cast Iron Skillet,29.45,3,10,8.84,23.32,79.51,21.48,15.07,Online,Debit Card,4,0
ORD-02064,2023-06-12,2023-06-16,4,CUST-1570,Consumer,Midwest,Indiana,Sports & Outdoors,Camping Gear,Yeti Cooler,237.72,2,20,95.09,20.09,380.35,177.52,25.31,Online,Gift Card,4,0
ORD-02065,2023-04-05,2023-04-08,3,CUST-1716,Consumer,Northeast,Pennsylvania,Electronics,Monitors,Dell 24-inch FHD,208.13,1,5,10.41,17.49,197.72,127.53,70.19,Online,Gift Card,5,0
ORD-02066,2023-08-04,2023-08-06,2,CUST-2202,Consumer,Northeast,New Jersey,Home & Kitchen,Storage,ClosetMaid Organizer,71.05,1,10,7.11,22.49,63.94,43.19,20.75,Online,Debit Card,4,0
ORD-02067,2024-02-01,2024-02-06,5,CUST-1981,Consumer,Northeast,Connecticut,Clothing,Accessories,Ray-Ban Aviators,167.1,2,0,0.0,17.16,334.2,115.33,103.54,Mobile App,Apple Pay,2,0
ORD-02068,2023-09-18,2023-09-25,7,CUST-2188,Corporate,West,Washington,Electronics,Smartphones,Samsung Galaxy A54,335.92,1,25,83.98,13.62,251.94,212.44,39.5,Mobile App,PayPal,4,0
ORD-02069,2023-01-03,2023-01-04,1,CUST-2698,Corporate,Midwest,Michigan,Sports & Outdoors,Team Sports,Adidas Soccer Ball,24.62,1,20,4.92,0.0,19.7,17.3,2.4,In-Store,Credit Card,3,0
ORD-02070,2023-02-14,2023-02-19,5,CUST-2279,Corporate,West,California,Clothing,Accessories,Ray-Ban Aviators,162.18,1,10,16.22,11.7,145.96,103.54,42.42,Mobile App,Apple Pay,4,0
ORD-02071,2023-10-12,2023-10-14,2,CUST-2121,Consumer,Northeast,New York,Sports & Outdoors,Running,Nathan Hydration Vest,68.73,1,5,3.44,21.96,65.29,44.27,21.02,Mobile App,Credit Card,5,0
ORD-02072,2023-06-06,2023-06-07,1,CUST-1998,Corporate,Southwest,Utah,Office Supplies,Paper Products,Post-it Notes Bulk,20.66,1,0,0.0,17.83,20.66,13.27,7.39,In-Store,Gift Card,4,0
ORD-02073,2024-11-08,2024-11-15,7,CUST-1270,Consumer,Southwest,Texas,Sports & Outdoors,Running,Garmin Forerunner 55,194.67,1,5,9.73,7.43,184.94,115.73,69.21,Online,PayPal,2,1
ORD-02074,2023-06-24,2023-06-27,3,CUST-2450,Consumer,Midwest,Wisconsin,Clothing,Footwear,New Balance 574,92.54,1,0,0.0,15.97,92.54,60.29,32.25,Mobile App,Gift Card,4,1
ORD-02075,2023-05-23,2023-05-26,3,CUST-3458,Consumer,Northeast,Connecticut,Sports & Outdoors,Team Sports,Wilson Basketball,29.74,1,15,4.46,5.9,25.28,18.92,6.36,Mobile App,Debit Card,5,0
ORD-02076,2023-03-06,2023-03-09,3,CUST-2153,Corporate,Northeast,Massachusetts,Home & Kitchen,Appliances,Instant Pot Duo 7-in-1,92.24,1,25,23.06,8.36,69.18,57.47,11.71,In-Store,Debit Card,4,0
ORD-02077,2023-10-30,2023-11-05,6,CUST-1393,Consumer,Northeast,New Jersey,Sports & Outdoors,Running,Garmin Forerunner 55,201.83,1,10,20.18,20.14,181.65,117.24,64.41,In-Store,Credit Card,3,0
ORD-02078,2023-10-22,2023-10-28,6,CUST-3281,Consumer,Midwest,Ohio,Clothing,Activewear,Reebok Sports Bra,33.31,1,0,0.0,10.44,33.31,24.81,8.5,In-Store,Credit Card,2,0
ORD-02079,2023-05-09,2023-05-10,1,CUST-1040,Consumer,Southwest,Nevada,Sports & Outdoors,Camping Gear,Coleman Tent 4P,126.78,1,0,0.0,9.62,126.78,76.25,50.53,In-Store,Apple Pay,5,0
ORD-02080,2023-01-31,2023-02-04,4,CUST-1020,Consumer,Northeast,Pennsylvania,Home & Kitchen,Decor,Wall Art Canvas,58.65,2,5,5.87,18.47,111.43,43.38,24.67,Mobile App,PayPal,4,0
ORD-02081,2024-03-29,2024-03-31,2,CUST-1543,Corporate,Northeast,Connecticut,Sports & Outdoors,Fitness Equipment,Peloton Bike Mat,58.57,3,15,26.36,15.85,149.35,33.95,47.5,Online,Gift Card,5,0
ORD-02082,2024-06-30,2024-07-05,5,CUST-2763,Consumer,Midwest,Wisconsin,Home & Kitchen,Furniture,Wayfair Sofa,493.24,1,0,0.0,0.0,493.24,310.95,182.29,Mobile App,Apple Pay,2,1
ORD-02083,2024-03-04,2024-03-11,7,CUST-3497,Consumer,Midwest,Wisconsin,Electronics,Smartphones,Google Pixel 7a,396.01,2,5,39.6,7.98,752.42,259.25,233.92,In-Store,PayPal,2,0
ORD-02084,2024-06-11,2024-06-17,6,CUST-1770,Consumer,Northeast,Massachusetts,Clothing,Men's Apparel,Levi's 501 Jeans,59.14,5,15,44.35,0.0,251.35,39.62,53.25,Mobile App,Gift Card,3,1
ORD-02085,2023-07-05,2023-07-08,3,CUST-2841,Consumer,Midwest,Wisconsin,Sports & Outdoors,Camping Gear,Yeti Cooler,239.59,2,0,0.0,21.71,479.18,161.45,156.28,In-Store,Apple Pay,3,0
ORD-02086,2024-04-19,2024-04-26,7,CUST-1128,Consumer,Northeast,Massachusetts,Office Supplies,Desks & Chairs,FlexiSpot Standing Desk,363.57,5,5,90.89,12.78,1726.96,222.51,614.41,Online,Apple Pay,2,0
ORD-02087,2024-11-10,2024-11-11,1,CUST-3035,Corporate,West,California,Home & Kitchen,Decor,Pottery Barn Throw Pillow,52.01,4,5,10.4,0.0,197.64,36.19,52.88,In-Store,PayPal,5,0
ORD-02088,2023-11-18,2023-11-22,4,CUST-1413,Corporate,Midwest,Ohio,Electronics,Headphones,Bose QC45,291.13,4,15,174.68,14.12,989.84,189.4,232.24,Mobile App,Apple Pay,5,0
ORD-02089,2024-02-01,2024-02-06,5,CUST-2954,Consumer,Southeast,Virginia,Clothing,Women's Apparel,Lululemon Tank,65.41,1,15,9.81,13.78,55.6,39.43,16.17,Mobile App,Credit Card,5,0
ORD-02090,2024-12-11,2024-12-17,6,CUST-1105,Corporate,West,Arizona,Clothing,Activewear,Under Armour Shorts,40.24,1,5,2.01,12.33,38.23,27.29,10.94,Online,Gift Card,1,1
ORD-02091,2024-10-15,2024-10-19,4,CUST-1089,Corporate,Midwest,Illinois,Home & Kitchen,Storage,ClosetMaid Organizer,71.48,3,0,0.0,9.28,214.44,40.2,93.84,Online,PayPal,4,1
ORD-02092,2024-05-19,2024-05-20,1,CUST-1976,Consumer,West,Colorado,Office Supplies,Printers,Brother Inkjet,143.92,2,20,57.57,0.0,230.27,100.74,28.79,In-Store,Apple Pay,4,0
ORD-02093,2023-05-06,2023-05-11,5,CUST-2095,Small Business,Northeast,Connecticut,Home & Kitchen,Furniture,Wayfair Sofa,482.94,3,10,144.88,8.52,1303.94,305.33,387.95,In-Store,PayPal,2,1
ORD-02094,2023-09-22,2023-09-29,7,CUST-2500,Corporate,Southwest,Nevada,Office Supplies,Organizers,Bankers Box Set,25.73,4,5,5.15,18.78,97.77,17.46,27.93,Online,PayPal,5,0
ORD-02095,2024-06-04,2024-06-10,6,CUST-2882,Corporate,Southwest,Nevada,Office Supplies,Paper Products,Moleskine Notebook,14.33,1,0,0.0,16.73,14.33,9.89,4.44,Online,Gift Card,1,0
ORD-02096,2023-05-04,2023-05-06,2,CUST-2675,Small Business,Midwest,Ohio,Sports & Outdoors,Fitness Equipment,Resistance Band Set,24.3,1,0,0.0,0.0,24.3,13.46,10.84,Online,Credit Card,1,0
ORD-02097,2024-11-29,2024-11-30,1,CUST-2210,Consumer,Southeast,North Carolina,Clothing,Accessories,Ray-Ban Aviators,166.09,1,25,41.52,18.76,124.57,110.47,14.1,Online,PayPal,3,0
ORD-02098,2023-07-02,2023-07-08,6,CUST-1589,Consumer,Southwest,Nevada,Clothing,Activewear,Reebok Sports Bra,34.27,2,0,0.0,14.73,68.54,22.36,23.82,Online,Debit Card,4,0
ORD-02099,2023-12-23,2023-12-27,4,CUST-1183,Consumer,Southwest,Nevada,Clothing,Activewear,Under Armour Shorts,39.67,1,0,0.0,0.0,39.67,28.85,10.82,Online,Apple Pay,5,0
ORD-02100,2024-11-29,2024-11-30,1,CUST-1633,Small Business,Midwest,Indiana,Electronics,Tablets,Amazon Fire HD 10,152.44,3,5,22.87,9.74,434.45,89.48,166.01,In-Store,Apple Pay,3,0
ORD-02101,2024-11-19,2024-11-21,2,CUST-2371,Corporate,West,Colorado,Sports & Outdoors,Running,Garmin Forerunner 55,203.11,1,0,0.0,8.57,203.11,124.89,78.22,In-Store,Apple Pay,5,0
ORD-02102,2023-08-18,2023-08-21,3,CUST-3285,Consumer,West,Arizona,Sports & Outdoors,Fitness Equipment,Peloton Bike Mat,60.31,2,0,0.0,15.38,120.62,33.99,52.64,In-Store,Debit Card,3,0
ORD-02103,2024-10-31,2024-11-03,3,CUST-3302,Consumer,Midwest,Michigan,Home & Kitchen,Cookware,Cuisinart Knife Set,76.94,1,0,0.0,11.95,76.94,49.09,27.85,Mobile App,Debit Card,4,0
ORD-02104,2024-02-13,2024-02-18,5,CUST-2634,Consumer,Midwest,Michigan,Home & Kitchen,Furniture,IKEA Kallax Shelf,91.55,3,0,0.0,18.96,274.65,61.02,91.59,Online,PayPal,3,0
ORD-02105,2023-09-10,2023-09-17,7,CUST-3133,Corporate,Southeast,Florida,Electronics,Headphones,Bose QC45,267.75,1,10,26.77,24.02,240.98,151.94,89.04,Mobile App,PayPal,1,0
ORD-02106,2023-09-14,2023-09-20,6,CUST-2101,Small Business,Midwest,Ohio,Electronics,Smartphones,iPhone SE,445.83,3,0,0.0,17.92,1337.49,317.18,385.95,Online,Apple Pay,3,0
ORD-02107,2024-03-02,2024-03-04,2,CUST-1160,Corporate,West,Colorado,Home & Kitchen,Decor,Pottery Barn Throw Pillow,51.51,1,20,10.3,8.01,41.21,32.78,8.43,Online,PayPal,5,0
ORD-02108,2024-11-23,2024-11-30,7,CUST-2237,Corporate,Southwest,Texas,Electronics,Tablets,Amazon Fire HD 10,153.3,2,0,0.0,10.44,306.6,86.53,133.54,Mobile App,PayPal,2,1
ORD-02109,2024-07-21,2024-07-28,7,CUST-3080,Consumer,Midwest,Illinois,Clothing,Accessories,Coach Wallet,80.8,1,15,12.12,0.0,68.68,44.57,24.11,Online,Gift Card,3,0
ORD-02110,2023-02-12,2023-02-18,6,CUST-2769,Consumer,Midwest,Michigan,Electronics,Smartphones,Samsung Galaxy A54,344.39,1,15,51.66,7.24,292.73,191.71,101.02,Mobile App,Debit Card,2,1
ORD-02111,2024-08-28,2024-08-29,1,CUST-2728,Small Business,Midwest,Ohio,Electronics,Smartphones,Samsung Galaxy A54,352.38,1,10,35.24,24.21,317.14,223.27,93.87,Online,PayPal,5,1
ORD-02112,2023-09-22,2023-09-27,5,CUST-2314,Corporate,Northeast,New York,Clothing,Footwear,New Balance 574,92.49,2,0,0.0,10.34,184.98,51.82,81.34,Mobile App,PayPal,3,0
ORD-02113,2024-09-05,2024-09-11,6,CUST-3011,Corporate,Northeast,New Jersey,Sports & Outdoors,Fitness Equipment,Resistance Band Set,23.94,1,0,0.0,12.38,23.94,17.21,6.73,Online,Credit Card,4,0
ORD-02114,2024-06-08,2024-06-11,3,CUST-3308,Consumer,Midwest,Ohio,Electronics,Tablets,Amazon Fire HD 10,147.04,2,15,44.11,20.07,249.97,108.14,33.69,In-Store,PayPal,1,0
ORD-02115,2023-11-27,2023-11-30,3,CUST-3328,Consumer,Southwest,New Mexico,Clothing,Men's Apparel,Nike Dri-FIT Tee,36.37,5,25,45.46,14.77,136.39,27.12,0.79,Online,Credit Card,5,0
ORD-02116,2024-01-08,2024-01-10,2,CUST-2143,Small Business,West,Oregon,Sports & Outdoors,Cycling,Bell Helmet,51.22,2,0,0.0,8.99,102.44,35.22,32.0,Online,Gift Card,3,0
ORD-02117,2023-05-25,2023-05-29,4,CUST-2877,Consumer,Midwest,Indiana,Office Supplies,Organizers,AmazonBasics File Cabinet,86.62,2,20,34.65,12.65,138.59,50.62,37.35,In-Store,Gift Card,4,0
ORD-02118,2024-03-22,2024-03-27,5,CUST-2926,Corporate,West,Washington,Clothing,Accessories,Coach Wallet,79.75,1,15,11.96,15.64,67.79,47.54,20.25,In-Store,PayPal,5,0
ORD-02119,2024-07-28,2024-07-30,2,CUST-3340,Consumer,West,California,Clothing,Women's Apparel,North Face Fleece,99.96,1,15,14.99,0.0,84.97,68.53,16.44,In-Store,Credit Card,4,0
ORD-02120,2023-10-21,2023-10-23,2,CUST-2748,Consumer,Northeast,New Jersey,Home & Kitchen,Appliances,Keurig K-Slim,111.56,1,20,22.31,5.6,89.25,76.9,12.35,Online,Credit Card,5,0
ORD-02121,2024-04-24,2024-04-25,1,CUST-3086,Consumer,West,California,Sports & Outdoors,Running,Nathan Hydration Vest,69.78,1,10,6.98,0.0,62.8,47.39,15.41,In-Store,Credit Card,4,0
ORD-02122,2023-09-14,2023-09-17,3,CUST-1531,Consumer,Northeast,Connecticut,Office Supplies,Paper Products,Post-it Notes Bulk,20.08,1,0,0.0,17.41,20.08,12.93,7.15,In-Store,PayPal,2,0
ORD-02123,2023-05-18,2023-05-19,1,CUST-2154,Corporate,Northeast,Pennsylvania,Sports & Outdoors,Running,Garmin Forerunner 55,195.04,3,5,29.26,8.29,555.86,124.67,181.85,In-Store,PayPal,3,0
ORD-02124,2024-06-22,2024-06-29,7,CUST-2168,Corporate,Southeast,Florida,Clothing,Accessories,Ray-Ban Aviators,158.33,2,10,31.67,21.63,284.99,111.33,62.33,Online,Credit Card,4,0
ORD-02125,2024-04-18,2024-04-22,4,CUST-2394,Small Business,Southeast,Tennessee,Office Supplies,Paper Products,Post-it Notes Bulk,19.61,2,15,5.88,0.0,33.34,13.74,5.86,In-Store,Debit Card,4,0
ORD-02126,2023-09-05,2023-09-09,4,CUST-3129,Consumer,Northeast,New York,Clothing,Footwear,Adidas Ultraboost,183.82,1,15,27.57,24.0,156.25,126.99,29.26,In-Store,Apple Pay,4,0
ORD-02127,2024-08-06,2024-08-09,3,CUST-1708,Corporate,Midwest,Indiana,Clothing,Accessories,Coach Wallet,82.95,4,20,66.36,20.6,265.44,51.02,61.36,Mobile App,Credit Card,2,0
ORD-02128,2023-08-24,2023-08-31,7,CUST-3021,Small Business,Southwest,Oklahoma,Electronics,Laptops,Lenovo ThinkPad E15,749.05,1,0,0.0,8.92,749.05,475.28,273.77,In-Store,PayPal,2,1
ORD-02129,2024-11-26,2024-12-02,6,CUST-2618,Consumer,Northeast,Connecticut,Office Supplies,Paper Products,HP Printer Paper 5-Ream,30.42,1,10,3.04,0.0,27.38,16.87,10.51,Online,Apple Pay,3,0
ORD-02130,2023-07-06,2023-07-12,6,CUST-2086,Consumer,Southeast,North Carolina,Sports & Outdoors,Cycling,Garmin Edge 530,302.47,1,0,0.0,0.0,302.47,212.02,90.45,Online,Credit Card,3,0
ORD-02131,2024-10-08,2024-10-14,6,CUST-2218,Consumer,Southwest,Utah,Sports & Outdoors,Camping Gear,Yeti Cooler,258.93,1,0,0.0,24.51,258.93,189.01,69.92,In-Store,PayPal,4,0
ORD-02132,2024-06-12,2024-06-15,3,CUST-2528,Small Business,Northeast,New York,Home & Kitchen,Furniture,Wayfair Sofa,512.14,1,5,25.61,22.28,486.53,288.23,198.3,Online,PayPal,3,0
ORD-02133,2024-11-22,2024-11-23,1,CUST-3454,Consumer,Southeast,Virginia,Clothing,Footwear,New Balance 574,92.68,3,0,0.0,14.63,278.04,65.23,82.35,Online,PayPal,4,0
ORD-02134,2023-04-05,2023-04-11,6,CUST-2609,Corporate,Northeast,Connecticut,Sports & Outdoors,Fitness Equipment,Resistance Band Set,25.91,4,10,10.36,6.7,93.28,14.41,35.64,Mobile App,Apple Pay,4,1
ORD-02135,2024-12-25,2025-01-01,7,CUST-1206,Consumer,Midwest,Indiana,Home & Kitchen,Decor,Pottery Barn Throw Pillow,51.24,3,20,30.74,8.4,122.98,32.89,24.31,Online,Gift Card,3,0
ORD-02136,2023-08-12,2023-08-14,2,CUST-3044,Consumer,Northeast,New Jersey,Sports & Outdoors,Team Sports,Adidas Soccer Ball,24.55,2,20,9.82,12.59,39.28,15.69,7.9,Online,Gift Card,5,0
ORD-02137,2023-06-30,2023-07-06,6,CUST-1439,Consumer,Midwest,Ohio,Office Supplies,Printers,Brother Inkjet,153.38,3,0,0.0,6.43,460.14,107.34,138.12,Online,Gift Card,2,0
ORD-02138,2024-08-09,2024-08-16,7,CUST-1822,Small Business,Southeast,Virginia,Home & Kitchen,Decor,Wall Art Canvas,62.19,1,0,0.0,17.58,62.19,34.68,27.51,Online,Apple Pay,2,0
ORD-02139,2024-02-04,2024-02-10,6,CUST-1370,Consumer,Northeast,New York,Electronics,Tablets,Amazon Fire HD 10,149.17,1,0,0.0,24.19,149.17,95.84,53.33,Mobile App,PayPal,4,0
ORD-02140,2023-07-29,2023-08-04,6,CUST-2607,Corporate,West,Oregon,Clothing,Accessories,Coach Wallet,77.96,2,10,15.59,14.64,140.33,49.36,41.61,Mobile App,Gift Card,2,1
ORD-02141,2024-03-27,2024-04-01,5,CUST-1749,Corporate,Southeast,Florida,Home & Kitchen,Cookware,Cuisinart Knife Set,82.15,2,10,16.43,18.86,147.87,52.97,41.93,Online,Credit Card,2,1
ORD-02142,2024-05-04,2024-05-11,7,CUST-3194,Consumer,Northeast,New Jersey,Office Supplies,Paper Products,HP Printer Paper 5-Ream,29.13,3,15,13.11,8.89,74.28,16.77,23.97,Online,Credit Card,2,1
ORD-02143,2023-10-22,2023-10-23,1,CUST-2493,Consumer,Northeast,Connecticut,Sports & Outdoors,Fitness Equipment,Resistance Band Set,23.91,1,10,2.39,17.91,21.52,14.42,7.1,In-Store,Apple Pay,5,0
ORD-02144,2023-12-11,2023-12-12,1,CUST-1726,Consumer,Northeast,New Jersey,Home & Kitchen,Cookware,Lodge Cast Iron Skillet,29.96,2,0,0.0,13.73,59.92,16.63,26.66,Mobile App,Debit Card,4,0
ORD-02145,2024-09-14,2024-09-19,5,CUST-3043,Consumer,Southwest,New Mexico,Home & Kitchen,Appliances,Dyson V15 Vacuum,649.85,3,5,97.48,12.0,1852.07,406.1,633.77,In-Store,Debit Card,3,0
ORD-02146,2023-09-30,2023-10-05,5,CUST-3211,Corporate,Southeast,North Carolina,Home & Kitchen,Furniture,Wayfair Sofa,487.26,2,20,194.9,7.45,779.62,341.88,95.86,Mobile App,Credit Card,3,0
ORD-02147,2024-05-06,2024-05-07,1,CUST-2064,Corporate,Southeast,North Carolina,Home & Kitchen,Furniture,West Elm Desk,355.26,2,5,35.53,0.0,674.99,218.13,238.73,In-Store,Apple Pay,4,0
ORD-02148,2023-09-17,2023-09-23,6,CUST-2819,Corporate,Southeast,Florida,Office Supplies,Paper Products,Post-it Notes Bulk,20.09,2,15,6.03,12.67,34.15,12.76,8.63,Online,Debit Card,5,0
ORD-02149,2024-03-29,2024-03-31,2,CUST-2986,Corporate,Northeast,Massachusetts,Sports & Outdoors,Camping Gear,Coleman Tent 4P,134.68,5,10,67.34,18.84,606.06,78.28,214.66,In-Store,Credit Card,4,0
ORD-02150,2023-10-25,2023-10-28,3,CUST-3308,Corporate,Northeast,Connecticut,Clothing,Footwear,Adidas Ultraboost,173.07,1,25,43.27,17.66,129.8,105.22,24.58,In-Store,Credit Card,4,0
ORD-02151,2024-03-13,2024-03-16,3,CUST-1949,Corporate,Northeast,New York,Home & Kitchen,Cookware,All-Clad Pan Set,261.75,1,0,0.0,20.01,261.75,163.73,98.02,In-Store,Credit Card,4,0
ORD-02152,2024-02-03,2024-02-06,3,CUST-3192,Small Business,Southeast,Georgia,Office Supplies,Stationery,Staedtler Pencil Set,9.94,2,5,0.99,18.65,18.89,6.06,6.77,Mobile App,Apple Pay,2,0
ORD-02153,2023-09-17,2023-09-21,4,CUST-2864,Consumer,Southwest,Oklahoma,Office Supplies,Stationery,Pilot G2 Pen Pack,13.07,4,0,0.0,14.54,52.28,7.66,21.64,Online,Debit Card,2,0
ORD-02154,2024-03-31,2024-04-07,7,CUST-1116,Consumer,Southeast,Florida,Office Supplies,Desks & Chairs,FlexiSpot Standing Desk,378.81,3,15,170.46,18.37,965.97,236.63,256.08,Mobile App,Debit Card,4,0
ORD-02155,2023-03-03,2023-03-08,5,CUST-1514,Consumer,Southeast,Florida,Home & Kitchen,Cookware,Cuisinart Knife Set,79.03,2,5,7.9,11.44,150.16,52.17,45.82,Online,PayPal,5,0
ORD-02156,2024-11-04,2024-11-07,3,CUST-3397,Consumer,Southeast,Georgia,Clothing,Activewear,Under Armour Shorts,38.21,1,20,7.64,9.72,30.57,28.5,2.07,Mobile App,PayPal,4,0
ORD-02157,2024-11-17,2024-11-20,3,CUST-2950,Consumer,Midwest,Ohio,Office Supplies,Paper Products,Moleskine Notebook,15.61,2,10,3.12,20.27,28.1,10.23,7.64,In-Store,Gift Card,2,1
ORD-02158,2023-07-14,2023-07-21,7,CUST-3061,Consumer,Southeast,Virginia,Clothing,Men's Apparel,Columbia Jacket,90.72,4,5,18.14,22.34,344.74,64.65,86.14,Online,Apple Pay,3,1
ORD-02159,2023-11-30,2023-12-06,6,CUST-2808,Corporate,Southwest,Texas,Home & Kitchen,Cookware,Cuisinart Knife Set,77.11,2,5,7.71,22.88,146.51,48.58,49.35,Mobile App,Credit Card,3,0
ORD-02160,2024-09-18,2024-09-23,5,CUST-2879,Consumer,Northeast,New Jersey,Clothing,Accessories,Fossil Watch,127.98,1,5,6.4,0.0,121.58,80.26,41.32,Online,PayPal,3,0
ORD-02161,2024-03-28,2024-04-02,5,CUST-3026,Consumer,Southeast,Tennessee,Office Supplies,Stationery,Pilot G2 Pen Pack,13.06,1,10,1.31,21.92,11.75,9.05,2.7,In-Store,Gift Card,3,0
ORD-02162,2023-12-04,2023-12-07,3,CUST-1186,Consumer,West,Arizona,Electronics,Tablets,iPad 10th Gen,455.69,2,0,0.0,22.4,911.38,263.57,384.24,Online,Credit Card,3,0
ORD-02163,2024-02-23,2024-02-25,2,CUST-3280,Small Business,Midwest,Indiana,Clothing,Men's Apparel,Levi's 501 Jeans,60.28,2,0,0.0,21.55,120.56,39.82,40.92,In-Store,PayPal,3,0
ORD-02164,2023-06-09,2023-06-10,1,CUST-2068,Corporate,Northeast,Massachusetts,Clothing,Footwear,Nike Air Max 90,126.63,1,0,0.0,8.83,126.63,91.7,34.93,Mobile App,Gift Card,3,0
ORD-02165,2024-11-30,2024-12-04,4,CUST-1997,Small Business,Northeast,Connecticut,Office Supplies,Desks & Chairs,Herman Miller Aeron,1286.3,1,0,0.0,23.68,1286.3,793.9,492.4,In-Store,PayPal,4,0
ORD-02166,2023-12-01,2023-12-06,5,CUST-2311,Corporate,West,Oregon,Sports & Outdoors,Running,Nathan Hydration Vest,68.55,1,25,17.14,21.05,51.41,40.15,11.26,In-Store,Gift Card,1,1
ORD-02167,2023-11-30,2023-12-03,3,CUST-2240,Consumer,Northeast,Pennsylvania,Sports & Outdoors,Team Sports,Adidas Soccer Ball,25.31,3,15,11.39,0.0,64.54,14.16,22.06,Mobile App,PayPal,2,0
ORD-02168,2024-08-16,2024-08-20,4,CUST-2459,Consumer,Northeast,Connecticut,Sports & Outdoors,Fitness Equipment,Resistance Band Set,25.44,2,5,2.54,12.32,48.34,14.57,19.2,Mobile App,PayPal,1,0
ORD-02169,2023-02-16,2023-02-21,5,CUST-1991,Consumer,Northeast,Pennsylvania,Home & Kitchen,Storage,ClosetMaid Organizer,70.6,1,10,7.06,13.11,63.54,40.67,22.87,In-Store,Apple Pay,2,1
ORD-02170,2023-12-07,2023-12-10,3,CUST-1904,Small Business,Southeast,Tennessee,Electronics,Smartphones,Google Pixel 7a,396.13,1,10,39.61,11.08,356.52,256.47,100.05,Mobile App,Credit Card,4,0
ORD-02171,2023-08-30,2023-09-05,6,CUST-3247,Corporate,Southeast,North Carolina,Clothing,Footwear,Adidas Ultraboost,182.02,2,20,72.81,19.04,291.23,130.32,30.59,In-Store,Credit Card,2,0
ORD-02172,2023-01-19,2023-01-23,4,CUST-1056,Corporate,Northeast,Massachusetts,Office Supplies,Stationery,Sharpie Marker Set,16.32,2,15,4.9,7.18,27.74,9.01,9.72,Online,Apple Pay,3,0
ORD-02173,2024-08-27,2024-09-01,5,CUST-2069,Consumer,Midwest,Illinois,Sports & Outdoors,Running,Nathan Hydration Vest,72.74,4,0,0.0,10.87,290.96,43.35,117.56,Online,Credit Card,2,0
ORD-02174,2024-02-23,2024-02-27,4,CUST-3392,Corporate,Southeast,Georgia,Home & Kitchen,Decor,Pottery Barn Throw Pillow,48.59,1,15,7.29,16.86,41.3,27.77,13.53,Online,Debit Card,5,0
ORD-02175,2023-12-30,2024-01-03,4,CUST-1385,Corporate,West,Arizona,Home & Kitchen,Decor,Yankee Candle Set,35.45,1,10,3.54,14.02,31.91,24.09,7.82,Mobile App,Credit Card,5,0
ORD-02176,2024-03-10,2024-03-13,3,CUST-2413,Consumer,Northeast,Pennsylvania,Clothing,Accessories,Ray-Ban Aviators,156.03,1,20,31.21,5.73,124.82,88.55,36.27,Online,Debit Card,4,0
ORD-02177,2024-11-29,2024-11-30,1,CUST-3072,Small Business,West,Washington,Office Supplies,Stationery,Staedtler Pencil Set,9.86,2,10,1.97,16.46,17.75,5.59,6.57,Mobile App,Apple Pay,5,0
ORD-02178,2024-05-11,2024-05-14,3,CUST-2152,Corporate,West,Washington,Electronics,Monitors,LG 27-inch 4K,348.04,3,15,156.62,19.71,887.5,232.79,189.13,Mobile App,Apple Pay,1,1
ORD-02179,2024-11-06,2024-11-07,1,CUST-1851,Consumer,Southeast,North Carolina,Home & Kitchen,Furniture,IKEA Kallax Shelf,88.66,1,0,0.0,11.82,88.66,53.77,34.89,In-Store,Apple Pay,4,0
ORD-02180,2024-06-30,2024-07-07,7,CUST-3061,Consumer,Northeast,New York,Home & Kitchen,Cookware,Lodge Cast Iron Skillet,29.54,3,10,8.86,17.56,79.76,21.74,14.54,Online,Credit Card,2,1
ORD-02181,2024-10-15,2024-10-21,6,CUST-2016,Corporate,Northeast,Pennsylvania,Office Supplies,Paper Products,Moleskine Notebook,14.35,1,0,0.0,5.64,14.35,9.02,5.33,Online,Apple Pay,3,0
ORD-02182,2023-06-05,2023-06-10,5,CUST-2199,Consumer,Southeast,Georgia,Sports & Outdoors,Camping Gear,Coleman Tent 4P,129.32,1,5,6.47,10.82,122.85,94.81,28.04,Online,Gift Card,4,0
ORD-02183,2024-01-30,2024-02-03,4,CUST-2651,Corporate,Midwest,Indiana,Sports & Outdoors,Cycling,Garmin Edge 530,293.68,2,25,146.84,6.45,440.52,197.18,46.16,In-Store,Apple Pay,3,0
ORD-02184,2024-02-23,2024-02-24,1,CUST-3444,Small Business,Midwest,Wisconsin,Electronics,Tablets,iPad 10th Gen,447.25,1,5,22.36,5.62,424.89,290.84,134.05,Online,Debit Card,5,0
ORD-02185,2023-01-16,2023-01-22,6,CUST-1046,Consumer,Southeast,North Carolina,Electronics,Smartphones,Google Pixel 7a,387.98,2,0,0.0,18.28,775.96,264.15,247.66,Online,Apple Pay,3,0
ORD-02186,2023-06-11,2023-06-14,3,CUST-1987,Consumer,Northeast,New Jersey,Office Supplies,Desks & Chairs,Autonomous SmartDesk,451.27,3,0,0.0,17.88,1353.81,310.76,421.53,Mobile App,PayPal,3,0
ORD-02187,2024-07-30,2024-08-03,4,CUST-2556,Consumer,Southeast,Florida,Home & Kitchen,Decor,Pottery Barn Throw Pillow,49.08,1,0,0.0,0.0,49.08,34.88,14.2,Mobile App,Apple Pay,5,0
ORD-02188,2023-12-28,2023-12-31,3,CUST-1406,Corporate,Southeast,Georgia,Sports & Outdoors,Camping Gear,Coleman Tent 4P,130.67,1,25,32.67,0.0,98.0,87.68,10.32,Online,Debit Card,5,0
ORD-02189,2023-09-08,2023-09-14,6,CUST-3311,Consumer,Southeast,Virginia,Clothing,Men's Apparel,Levi's 501 Jeans,58.93,2,0,0.0,16.63,117.86,38.07,41.72,Online,Gift Card,4,0
ORD-02190,2024-09-18,2024-09-22,4,CUST-2929,Corporate,Southeast,North Carolina,Clothing,Accessories,Coach Wallet,76.39,1,20,15.28,6.85,61.11,50.16,10.95,In-Store,Debit Card,2,1
ORD-02191,2023-07-20,2023-07-23,3,CUST-2975,Corporate,Northeast,Connecticut,Electronics,Tablets,iPad 10th Gen,427.94,2,0,0.0,23.26,855.88,311.85,232.18,Mobile App,Apple Pay,3,0
ORD-02192,2023-01-08,2023-01-10,2,CUST-1713,Consumer,Midwest,Michigan,Sports & Outdoors,Cycling,Garmin Edge 530,298.46,3,20,179.08,15.58,716.3,195.4,130.1,Online,Debit Card,5,0
ORD-02193,2023-06-06,2023-06-09,3,CUST-2211,Small Business,Midwest,Ohio,Clothing,Women's Apparel,North Face Fleece,104.63,1,10,10.46,0.0,94.17,64.41,29.76,In-Store,Debit Card,4,1
ORD-02194,2024-05-16,2024-05-17,1,CUST-2755,Corporate,West,Oregon,Home & Kitchen,Appliances,Dyson V15 Vacuum,668.67,1,5,33.43,15.91,635.24,416.05,219.19,In-Store,Gift Card,3,1
ORD-02195,2023-08-10,2023-08-17,7,CUST-3047,Corporate,Southeast,Tennessee,Office Supplies,Paper Products,Post-it Notes Bulk,20.27,3,5,3.04,0.0,57.77,12.63,19.88,Mobile App,Gift Card,3,0
ORD-02196,2024-04-20,2024-04-22,2,CUST-2535,Small Business,Southwest,Utah,Office Supplies,Desks & Chairs,FlexiSpot Standing Desk,366.49,1,5,18.32,0.0,348.17,247.76,100.41,Mobile App,Gift Card,1,0
ORD-02197,2024-11-20,2024-11-23,3,CUST-2569,Small Business,Southeast,Florida,Electronics,Laptops,Dell Inspiron 15,571.26,1,0,0.0,23.36,571.26,391.56,179.7,Online,Apple Pay,3,0
ORD-02198,2023-02-25,2023-02-28,3,CUST-2947,Corporate,West,Washington,Electronics,Headphones,Bose QC45,277.15,1,15,41.57,12.57,235.58,204.36,31.22,Online,Debit Card,3,0
ORD-02199,2023-03-29,2023-04-04,6,CUST-1047,Consumer,West,California,Office Supplies,Organizers,AmazonBasics File Cabinet,87.74,1,20,17.55,0.0,70.19,54.13,16.06,In-Store,Gift Card,1,1
ORD-02200,2023-01-06,2023-01-13,7,CUST-1115,Consumer,West,Oregon,Sports & Outdoors,Running,Brooks Ghost 15,138.83,2,0,0.0,6.73,277.66,82.63,112.4,Online,PayPal,1,1
ORD-02201,2023-06-03,2023-06-05,2,CUST-3375,Consumer,West,Arizona,Sports & Outdoors,Running,Brooks Ghost 15,143.38,1,5,7.17,8.34,136.21,79.48,56.73,Online,Apple Pay,3,0
ORD-02202,2023-02-14,2023-02-20,6,CUST-3140,Corporate,Southeast,Florida,Sports & Outdoors,Cycling,Schwinn Hybrid Bike,362.72,1,10,36.27,21.71,326.45,244.77,81.68,Mobile App,Debit Card,2,0
ORD-02203,2024-10-01,2024-10-08,7,CUST-3051,Consumer,West,Arizona,Office Supplies,Desks & Chairs,Herman Miller Aeron,1267.4,3,10,380.22,0.0,3421.98,818.07,967.77,Mobile App,PayPal,2,0
ORD-02204,2023-11-16,2023-11-22,6,CUST-2315,Corporate,Southwest,Nevada,Sports & Outdoors,Camping Gear,Coleman Tent 4P,129.26,4,20,103.41,21.82,413.63,94.96,33.79,Online,Credit Card,3,0
ORD-02205,2023-11-14,2023-11-18,4,CUST-1150,Small Business,Southeast,Florida,Office Supplies,Printers,Brother Inkjet,146.3,2,0,0.0,20.89,292.6,106.59,79.42,Online,Apple Pay,1,0
ORD-02206,2023-04-27,2023-04-28,1,CUST-2728,Small Business,Northeast,New Jersey,Sports & Outdoors,Camping Gear,REI Sleeping Bag,188.13,1,0,0.0,14.09,188.13,127.23,60.9,Mobile App,Apple Pay,4,0
ORD-02207,2023-09-23,2023-09-29,6,CUST-2191,Small Business,Northeast,New York,Office Supplies,Desks & Chairs,FlexiSpot Standing Desk,388.95,3,10,116.69,20.61,1050.16,238.6,334.36,Online,Apple Pay,3,1
ORD-02208,2023-03-18,2023-03-22,4,CUST-3163,Consumer,Northeast,Pennsylvania,Clothing,Footwear,New Balance 574,91.86,1,25,22.96,10.06,68.9,66.0,2.9,Online,Apple Pay,5,0
ORD-02209,2023-05-30,2023-06-06,7,CUST-1609,Corporate,Northeast,New York,Sports & Outdoors,Cycling,Schwinn Hybrid Bike,347.29,2,15,104.19,9.48,590.39,226.52,137.35,Mobile App,PayPal,1,1
ORD-02210,2023-09-01,2023-09-02,1,CUST-2761,Corporate,Northeast,Connecticut,Sports & Outdoors,Cycling,Schwinn Hybrid Bike,342.52,1,15,51.38,23.5,291.14,206.0,85.14,Mobile App,PayPal,5,0
ORD-02211,2023-02-04,2023-02-07,3,CUST-1048,Corporate,West,Oregon,Electronics,Laptops,Lenovo ThinkPad E15,787.45,4,5,157.49,17.83,2992.31,535.98,848.39,In-Store,Debit Card,4,0
ORD-02212,2024-05-23,2024-05-28,5,CUST-2321,Corporate,Midwest,Illinois,Sports & Outdoors,Team Sports,Adidas Soccer Ball,24.54,2,10,4.91,0.0,44.17,17.17,9.83,Mobile App,Credit Card,2,1
ORD-02213,2024-10-11,2024-10-18,7,CUST-2747,Consumer,West,Oregon,Home & Kitchen,Decor,Yankee Candle Set,34.18,3,0,0.0,21.59,102.54,20.32,41.58,In-Store,Gift Card,3,0
ORD-02214,2024-05-29,2024-05-30,1,CUST-3123,Consumer,West,Washington,Home & Kitchen,Appliances,Instant Pot Duo 7-in-1,89.84,2,15,26.95,0.0,152.73,64.91,22.91,Mobile App,Credit Card,3,0
ORD-02215,2023-12-02,2023-12-07,5,CUST-2830,Small Business,Midwest,Indiana,Home & Kitchen,Furniture,West Elm Desk,333.23,2,0,0.0,12.08,666.46,231.55,203.36,Online,Debit Card,3,0
ORD-02216,2023-06-06,2023-06-12,6,CUST-2561,Corporate,Southeast,Tennessee,Electronics,Headphones,Sony WH-1000XM5,304.04,2,10,60.81,0.0,547.27,177.68,191.91,Online,PayPal,1,1
ORD-02217,2023-07-01,2023-07-08,7,CUST-3468,Small Business,West,Arizona,Office Supplies,Desks & Chairs,FlexiSpot Standing Desk,389.3,5,25,486.62,9.02,1459.88,218.31,368.33,Online,Credit Card,3,0
ORD-02218,2023-05-23,2023-05-29,6,CUST-1504,Consumer,West,Washington,Clothing,Women's Apparel,Adidas Yoga Pants,54.39,5,0,0.0,21.48,271.95,35.34,95.25,Mobile App,PayPal,5,0
ORD-02219,2024-03-10,2024-03-16,6,CUST-2267,Corporate,Northeast,Connecticut,Electronics,Tablets,iPad 10th Gen,449.85,1,15,67.48,9.02,382.37,311.15,71.22,In-Store,PayPal,2,1
ORD-02220,2023-06-04,2023-06-10,6,CUST-3320,Consumer,Northeast,Pennsylvania,Clothing,Men's Apparel,Nike Dri-FIT Tee,34.15,2,20,13.66,6.3,54.64,21.31,12.02,In-Store,Credit Card,5,0
ORD-02221,2023-05-20,2023-05-26,6,CUST-2426,Consumer,Midwest,Michigan,Clothing,Men's Apparel,Columbia Jacket,92.14,1,10,9.21,21.0,82.93,60.76,22.17,In-Store,Debit Card,3,0
ORD-02222,2024-04-09,2024-04-15,6,CUST-1181,Corporate,Northeast,Massachusetts,Electronics,Headphones,Bose QC45,282.31,3,0,0.0,7.03,846.93,160.07,366.72,Online,Credit Card,1,0
ORD-02223,2023-07-02,2023-07-08,6,CUST-2021,Consumer,West,Colorado,Office Supplies,Printers,Epson EcoTank,204.22,3,15,91.9,7.78,520.76,148.14,76.34,Online,Debit Card,5,0
ORD-02224,2024-06-20,2024-06-25,5,CUST-1922,Small Business,West,Colorado,Electronics,Monitors,Dell 24-inch FHD,192.09,1,15,28.81,24.49,163.28,124.09,39.19,Mobile App,Debit Card,3,0
ORD-02225,2023-04-25,2023-04-26,1,CUST-3451,Consumer,Southeast,Tennessee,Clothing,Women's Apparel,Lululemon Tank,68.8,2,5,6.88,6.34,130.72,48.98,32.76,In-Store,Apple Pay,5,0
ORD-02226,2024-07-11,2024-07-12,1,CUST-2620,Consumer,Midwest,Ohio,Office Supplies,Desks & Chairs,Autonomous SmartDesk,456.74,1,0,0.0,15.86,456.74,332.31,124.43,Online,Credit Card,4,0
ORD-02227,2023-06-23,2023-06-26,3,CUST-3260,Consumer,Southeast,North Carolina,Home & Kitchen,Cookware,Lodge Cast Iron Skillet,31.44,1,5,1.57,23.35,29.87,17.39,12.48,In-Store,Debit Card,5,0
ORD-02228,2023-04-14,2023-04-19,5,CUST-3111,Consumer,Midwest,Wisconsin,Electronics,Monitors,LG 27-inch 4K,350.6,2,10,70.12,7.72,631.08,215.41,200.26,Online,Gift Card,4,1
ORD-02229,2024-05-12,2024-05-13,1,CUST-1249,Consumer,West,Washington,Sports & Outdoors,Fitness Equipment,Peloton Bike Mat,58.92,1,0,0.0,9.32,58.92,42.42,16.5,Online,Apple Pay,4,0
ORD-02230,2024-10-22,2024-10-23,1,CUST-2003,Corporate,Southwest,Nevada,Clothing,Women's Apparel,Adidas Yoga Pants,52.62,1,15,7.89,0.0,44.73,33.47,11.26,Mobile App,PayPal,5,0
ORD-02231,2024-05-16,2024-05-18,2,CUST-1561,Corporate,Northeast,New York,Clothing,Footwear,New Balance 574,91.09,1,5,4.55,0.0,86.54,67.82,18.72,In-Store,Debit Card,1,0
ORD-02232,2023-02-22,2023-02-25,3,CUST-2475,Consumer,Southwest,Oklahoma,Home & Kitchen,Storage,Container Store Bins,23.98,1,0,0.0,24.47,23.98,14.06,9.92,Online,PayPal,5,0
ORD-02233,2023-11-25,2023-12-01,6,CUST-1140,Consumer,Southeast,North Carolina,Clothing,Activewear,Reebok Sports Bra,36.36,2,0,0.0,13.81,72.72,22.79,27.14,Online,Apple Pay,5,0
ORD-02234,2024-09-28,2024-10-05,7,CUST-2077,Small Business,Southeast,Tennessee,Office Supplies,Desks & Chairs,Autonomous SmartDesk,441.93,1,25,110.48,16.36,331.45,324.41,7.04,Mobile App,Apple Pay,3,0
ORD-02235,2023-10-12,2023-10-18,6,CUST-2719,Consumer,Southeast,North Carolina,Sports & Outdoors,Team Sports,Wilson Basketball,29.37,3,5,4.41,10.2,83.7,17.24,31.98,Online,PayPal,5,0
ORD-02236,2024-05-10,2024-05-12,2,CUST-1321,Small Business,West,Oregon,Electronics,Monitors,LG 27-inch 4K,355.1,1,10,35.51,16.93,319.59,252.04,67.55,Online,Credit Card,4,0
ORD-02237,2023-11-07,2023-11-10,3,CUST-1153,Consumer,Southeast,Tennessee,Electronics,Headphones,Bose QC45,289.59,1,10,28.96,13.66,260.63,204.65,55.98,In-Store,Credit Card,1,1
ORD-02238,2023-01-24,2023-01-27,3,CUST-3478,Consumer,Southeast,Virginia,Home & Kitchen,Cookware,Cuisinart Knife Set,82.33,2,5,8.23,21.18,156.43,50.15,56.13,Online,PayPal,5,0
ORD-02239,2023-05-26,2023-06-01,6,CUST-2573,Small Business,West,Colorado,Sports & Outdoors,Camping Gear,Yeti Cooler,261.64,1,0,0.0,17.04,261.64,171.65,89.99,Online,Credit Card,2,1
ORD-02240,2023-12-28,2024-01-04,7,CUST-2124,Consumer,Midwest,Illinois,Office Supplies,Desks & Chairs,Herman Miller Aeron,1275.07,2,10,255.01,13.77,2295.13,729.05,837.03,Mobile App,Apple Pay,2,1
ORD-02241,2024-05-07,2024-05-12,5,CUST-1408,Consumer,Southwest,Nevada,Sports & Outdoors,Camping Gear,Coleman Tent 4P,135.09,2,10,27.02,9.94,243.16,95.29,52.58,In-Store,Debit Card,2,1
ORD-02242,2024-02-28,2024-03-05,6,CUST-1360,Small Business,Midwest,Michigan,Home & Kitchen,Decor,Wall Art Canvas,62.68,1,5,3.13,8.59,59.55,40.81,18.74,Online,Gift Card,2,0
ORD-02243,2023-09-05,2023-09-10,5,CUST-3356,Small Business,West,Washington,Home & Kitchen,Cookware,Cuisinart Knife Set,81.67,4,10,32.67,19.33,294.01,57.68,63.29,Online,PayPal,5,0
ORD-02244,2023-11-10,2023-11-15,5,CUST-2952,Corporate,Northeast,Pennsylvania,Sports & Outdoors,Cycling,Garmin Edge 530,311.45,1,5,15.57,19.97,295.88,220.85,75.03,In-Store,Apple Pay,3,0
ORD-02245,2023-09-07,2023-09-08,1,CUST-2828,Small Business,Southeast,Virginia,Sports & Outdoors,Cycling,Garmin Edge 530,300.92,1,0,0.0,7.95,300.92,184.86,116.06,In-Store,Apple Pay,2,0
ORD-02246,2023-11-10,2023-11-13,3,CUST-3373,Corporate,West,Colorado,Sports & Outdoors,Running,Brooks Ghost 15,134.68,2,0,0.0,12.6,269.36,79.18,111.0,Online,Gift Card,3,0
ORD-02247,2024-05-23,2024-05-29,6,CUST-2702,Corporate,West,California,Office Supplies,Printers,Brother Inkjet,151.12,3,5,22.67,18.04,430.69,83.91,178.96,Mobile App,Gift Card,3,0
ORD-02248,2024-05-11,2024-05-18,7,CUST-1074,Small Business,Northeast,Pennsylvania,Home & Kitchen,Decor,Yankee Candle Set,36.72,5,20,36.72,14.0,146.88,22.19,35.93,In-Store,Debit Card,5,1
ORD-02249,2024-12-14,2024-12-17,3,CUST-2094,Consumer,Southeast,North Carolina,Home & Kitchen,Storage,ClosetMaid Organizer,70.84,1,15,10.63,14.16,60.21,47.79,12.42,Online,Debit Card,4,0
ORD-02250,2024-07-16,2024-07-18,2,CUST-2398,Small Business,Northeast,Pennsylvania,Home & Kitchen,Decor,Yankee Candle Set,35.6,4,20,28.48,18.79,113.92,21.08,29.6,Online,PayPal,3,0
ORD-02251,2023-08-09,2023-08-15,6,CUST-2116,Corporate,West,Colorado,Clothing,Accessories,Coach Wallet,81.64,1,5,4.08,16.43,77.56,57.55,20.01,In-Store,Credit Card,5,0
ORD-02252,2023-06-11,2023-06-15,4,CUST-3457,Consumer,West,Colorado,Sports & Outdoors,Fitness Equipment,Bowflex Dumbbells,353.84,1,5,17.69,20.55,336.15,196.81,139.34,In-Store,Gift Card,3,0
ORD-02253,2023-10-20,2023-10-24,4,CUST-2179,Consumer,Northeast,Pennsylvania,Electronics,Laptops,HP Pavilion x360,604.95,2,5,60.49,22.4,1149.41,375.66,398.09,In-Store,PayPal,4,0
ORD-02254,2024-07-31,2024-08-03,3,CUST-2749,Consumer,Southwest,Utah,Electronics,Headphones,Sony WH-1000XM5,295.0,4,5,59.0,21.05,1121.0,212.67,270.32,In-Store,Credit Card,3,0
ORD-02255,2024-09-19,2024-09-21,2,CUST-2227,Corporate,Southeast,Florida,Sports & Outdoors,Team Sports,Rawlings Baseball Glove,50.84,1,0,0.0,0.0,50.84,28.18,22.66,Mobile App,Gift Card,1,0
ORD-02256,2023-08-26,2023-08-31,5,CUST-2076,Consumer,Northeast,Connecticut,Office Supplies,Paper Products,Post-it Notes Bulk,19.0,2,0,0.0,17.76,38.0,13.1,11.8,In-Store,Debit Card,3,0
ORD-02257,2023-02-10,2023-02-11,1,CUST-1243,Consumer,Northeast,New York,Office Supplies,Paper Products,Moleskine Notebook,14.38,1,10,1.44,11.97,12.94,9.16,3.78,In-Store,Debit Card,5,0
ORD-02258,2024-01-12,2024-01-14,2,CUST-2228,Consumer,Midwest,Indiana,Sports & Outdoors,Running,Nathan Hydration Vest,70.51,2,0,0.0,16.14,141.02,51.86,37.3,In-Store,PayPal,5,0
ORD-02259,2024-01-30,2024-02-06,7,CUST-1305,Corporate,Northeast,Connecticut,Clothing,Footwear,New Balance 574,85.97,2,15,25.79,19.61,146.15,51.47,43.21,Online,Credit Card,5,0
ORD-02260,2024-02-15,2024-02-21,6,CUST-2889,Consumer,Northeast,New York,Home & Kitchen,Cookware,Lodge Cast Iron Skillet,30.31,1,5,1.52,17.66,28.79,18.36,10.43,Mobile App,Apple Pay,1,1
ORD-02261,2024-12-25,2024-12-29,4,CUST-1213,Consumer,Southwest,Utah,Office Supplies,Organizers,AmazonBasics File Cabinet,87.03,3,0,0.0,8.3,261.09,57.03,90.0,In-Store,Gift Card,3,0
ORD-02262,2023-10-29,2023-11-01,3,CUST-1317,Consumer,Northeast,Connecticut,Clothing,Activewear,Puma Track Pants,49.39,3,25,37.04,7.0,111.13,28.97,24.22,In-Store,Gift Card,2,0
ORD-02263,2024-12-22,2024-12-24,2,CUST-2464,Consumer,Southeast,Florida,Office Supplies,Desks & Chairs,Autonomous SmartDesk,438.71,2,15,131.61,24.76,745.81,301.7,142.41,Online,Credit Card,4,0
ORD-02264,2023-11-22,2023-11-24,2,CUST-1268,Consumer,Midwest,Michigan,Clothing,Men's Apparel,Columbia Jacket,91.96,1,20,18.39,13.85,73.57,59.98,13.59,Mobile App,Debit Card,5,0
ORD-02265,2024-11-11,2024-11-17,6,CUST-2970,Small Business,Northeast,New Jersey,Electronics,Headphones,AirPods Pro 2,249.98,1,0,0.0,7.06,249.98,149.15,100.83,Mobile App,Apple Pay,2,0
ORD-02266,2024-10-10,2024-10-15,5,CUST-2069,Small Business,Midwest,Illinois,Electronics,Laptops,Lenovo ThinkPad E15,725.38,4,0,0.0,24.58,2901.52,421.66,1214.88,Mobile App,Debit Card,5,0
ORD-02267,2023-01-16,2023-01-22,6,CUST-2133,Consumer,Southwest,Nevada,Electronics,Smartphones,Google Pixel 7a,407.69,1,0,0.0,8.41,407.69,258.99,148.7,Online,PayPal,2,0
ORD-02268,2024-04-27,2024-04-28,1,CUST-2973,Consumer,Northeast,Massachusetts,Electronics,Laptops,HP Pavilion x360,618.39,1,0,0.0,0.0,618.39,370.1,248.29,In-Store,Apple Pay,2,1
ORD-02269,2024-02-20,2024-02-24,4,CUST-2268,Consumer,Midwest,Ohio,Home & Kitchen,Decor,Yankee Candle Set,36.21,2,5,3.62,22.81,68.8,21.77,25.26,Online,Credit Card,5,0
ORD-02270,2024-02-15,2024-02-22,7,CUST-1447,Consumer,West,California,Sports & Outdoors,Team Sports,Adidas Soccer Ball,24.78,2,10,4.96,14.83,44.6,14.17,16.26,Online,Gift Card,2,1
ORD-02271,2023-04-29,2023-05-02,3,CUST-2562,Consumer,Southeast,Tennessee,Electronics,Headphones,Sony WH-1000XM5,313.41,1,10,31.34,22.25,282.07,207.95,74.12,Mobile App,Debit Card,4,0
ORD-02272,2023-11-30,2023-12-06,6,CUST-1507,Corporate,Northeast,Pennsylvania,Electronics,Tablets,Samsung Galaxy Tab S6,343.99,2,10,68.8,14.86,619.18,241.88,135.42,Online,PayPal,4,0
ORD-02273,2023-08-21,2023-08-25,4,CUST-1022,Corporate,Southeast,Tennessee,Sports & Outdoors,Camping Gear,Yeti Cooler,261.17,2,20,104.47,10.09,417.87,166.85,84.17,In-Store,Credit Card,3,0
ORD-02274,2024-03-31,2024-04-02,2,CUST-1194,Consumer,Southwest,Utah,Electronics,Headphones,Bose QC45,268.17,1,5,13.41,16.53,254.76,161.69,93.07,In-Store,Apple Pay,3,0
ORD-02275,2023-11-17,2023-11-18,1,CUST-2025,Corporate,West,California,Home & Kitchen,Furniture,IKEA Kallax Shelf,86.21,3,5,12.93,20.15,245.7,61.76,60.42,In-Store,Credit Card,1,0
ORD-02276,2023-07-03,2023-07-07,4,CUST-1724,Corporate,Midwest,Michigan,Home & Kitchen,Decor,Yankee Candle Set,36.46,1,10,3.65,0.0,32.81,23.57,9.24,In-Store,Gift Card,4,0
ORD-02277,2024-07-20,2024-07-22,2,CUST-2899,Corporate,West,Oregon,Office Supplies,Desks & Chairs,Herman Miller Aeron,1311.93,1,25,327.98,14.04,983.95,761.19,222.76,In-Store,Gift Card,4,0
ORD-02278,2023-10-15,2023-10-19,4,CUST-3209,Corporate,West,California,Office Supplies,Organizers,Bankers Box Set,24.6,1,15,3.69,10.72,20.91,16.4,4.51,In-Store,Gift Card,4,0
ORD-02279,2023-01-30,2023-02-02,3,CUST-1689,Corporate,Northeast,New Jersey,Home & Kitchen,Decor,Pottery Barn Throw Pillow,47.97,1,0,0.0,5.76,47.97,26.52,21.45,In-Store,Credit Card,5,0
ORD-02280,2023-02-18,2023-02-19,1,CUST-3345,Small Business,West,Colorado,Clothing,Accessories,Ray-Ban Aviators,157.38,1,5,7.87,7.1,149.51,97.63,51.88,Online,Credit Card,4,0
ORD-02281,2024-02-20,2024-02-25,5,CUST-2130,Small Business,West,Oregon,Office Supplies,Stationery,Staedtler Pencil Set,9.54,1,15,1.43,22.22,8.11,6.74,1.37,In-Store,Credit Card,3,0
ORD-02282,2024-01-04,2024-01-10,6,CUST-1819,Consumer,Northeast,Massachusetts,Electronics,Headphones,Bose QC45,281.65,1,10,28.16,21.44,253.49,207.38,46.11,Mobile App,Credit Card,4,0
ORD-02283,2024-10-13,2024-10-15,2,CUST-1023,Corporate,Southwest,Texas,Electronics,Laptops,Lenovo ThinkPad E15,752.98,1,5,37.65,24.34,715.33,491.74,223.59,Mobile App,Gift Card,3,0
ORD-02284,2023-10-11,2023-10-16,5,CUST-2165,Corporate,Southeast,Georgia,Home & Kitchen,Decor,Pottery Barn Throw Pillow,51.75,2,10,10.35,12.67,93.15,34.97,23.21,Mobile App,Apple Pay,2,1
ORD-02285,2023-10-17,2023-10-18,1,CUST-1017,Consumer,Southeast,Tennessee,Electronics,Tablets,Amazon Fire HD 10,146.43,2,0,0.0,15.59,292.86,80.97,130.92,Online,PayPal,3,1
ORD-02286,2024-12-03,2024-12-10,7,CUST-3053,Consumer,Northeast,New York,Electronics,Monitors,ASUS ProArt 27,429.6,4,0,0.0,15.83,1718.4,261.95,670.6,Online,Apple Pay,2,0
ORD-02287,2023-11-30,2023-12-01,1,CUST-2792,Consumer,Southeast,North Carolina,Home & Kitchen,Appliances,Instant Pot Duo 7-in-1,94.15,1,10,9.41,12.39,84.74,58.58,26.16,Online,PayPal,5,0
ORD-02288,2024-07-20,2024-07-25,5,CUST-1013,Corporate,Midwest,Michigan,Electronics,Tablets,iPad 10th Gen,461.07,1,15,69.16,10.33,391.91,264.69,127.22,Online,PayPal,1,0
ORD-02289,2024-05-19,2024-05-23,4,CUST-3391,Consumer,Northeast,New York,Home & Kitchen,Cookware,Lodge Cast Iron Skillet,31.23,1,10,3.12,8.07,28.11,18.51,9.6,In-Store,Apple Pay,4,0
ORD-02290,2023-09-29,2023-09-30,1,CUST-1504,Consumer,Southeast,Tennessee,Sports & Outdoors,Team Sports,Wilson Basketball,30.51,1,20,6.1,5.96,24.41,17.87,6.54,Online,Credit Card,4,0
ORD-02291,2023-07-28,2023-08-02,5,CUST-1798,Consumer,Southeast,Tennessee,Home & Kitchen,Storage,Container Store Bins,26.21,1,0,0.0,13.6,26.21,14.78,11.43,Online,PayPal,2,0
ORD-02292,2023-03-28,2023-03-29,1,CUST-1441,Consumer,Midwest,Michigan,Office Supplies,Printers,Brother Inkjet,144.25,5,10,72.12,11.38,649.13,80.25,247.88,Mobile App,Debit Card,5,0
ORD-02293,2024-06-30,2024-07-07,7,CUST-1980,Consumer,Southeast,Tennessee,Office Supplies,Stationery,Sharpie Marker Set,17.29,3,0,0.0,10.61,51.87,9.67,22.86,Mobile App,Debit Card,3,0
ORD-02294,2023-04-17,2023-04-20,3,CUST-2241,Small Business,Midwest,Indiana,Electronics,Smartphones,iPhone SE,436.83,1,10,43.68,5.48,393.15,283.56,109.59,Online,Apple Pay,5,0
ORD-02295,2024-04-23,2024-04-27,4,CUST-3272,Consumer,Northeast,Connecticut,Clothing,Accessories,Ray-Ban Aviators,159.62,2,5,15.96,13.52,303.28,103.95,95.38,In-Store,Apple Pay,3,0
ORD-02296,2024-06-22,2024-06-26,4,CUST-2622,Corporate,Southwest,New Mexico,Clothing,Women's Apparel,Adidas Yoga Pants,55.59,2,0,0.0,10.88,111.18,41.62,27.94,Online,PayPal,2,1
ORD-02297,2023-05-22,2023-05-26,4,CUST-2634,Corporate,Northeast,Massachusetts,Office Supplies,Stationery,Pilot G2 Pen Pack,13.62,1,5,0.68,6.35,12.94,7.96,4.98,In-Store,Credit Card,1,1
ORD-02298,2024-05-31,2024-06-03,3,CUST-3444,Consumer,West,Arizona,Electronics,Smartphones,iPhone SE,445.71,2,0,0.0,10.32,891.42,278.08,335.26,In-Store,Gift Card,5,0
ORD-02299,2023-05-18,2023-05-19,1,CUST-2416,Consumer,Northeast,Pennsylvania,Electronics,Monitors,ASUS ProArt 27,427.53,3,25,320.65,0.0,961.94,253.69,200.87,In-Store,Credit Card,5,0
ORD-02300,2023-09-22,2023-09-26,4,CUST-1554,Consumer,Northeast,Massachusetts,Sports & Outdoors,Team Sports,Rawlings Baseball Glove,52.22,1,15,7.83,8.84,44.39,38.09,6.3,Mobile App,Apple Pay,5,0
ORD-02301,2024-02-01,2024-02-04,3,CUST-1911,Corporate,Northeast,New York,Clothing,Men's Apparel,Columbia Jacket,89.29,5,10,44.65,10.94,401.8,56.65,118.55,Mobile App,Gift Card,4,0
ORD-02302,2024-10-17,2024-10-19,2,CUST-1328,Consumer,Northeast,Connecticut,Office Supplies,Desks & Chairs,FlexiSpot Standing Desk,396.04,1,5,19.8,23.43,376.24,268.71,107.53,Online,Gift Card,4,0
ORD-02303,2023-12-08,2023-12-12,4,CUST-2128,Consumer,Southeast,Tennessee,Electronics,Smartphones,Google Pixel 7a,383.1,2,0,0.0,7.38,766.2,273.42,219.36,In-Store,Debit Card,3,0
ORD-02304,2023-09-16,2023-09-18,2,CUST-2123,Consumer,Northeast,New York,Sports & Outdoors,Team Sports,Wilson Basketball,28.61,1,10,2.86,13.16,25.75,19.45,6.3,Online,Credit Card,5,0
ORD-02305,2024-02-15,2024-02-21,6,CUST-1613,Consumer,Northeast,New York,Electronics,Tablets,Samsung Galaxy Tab S6,326.23,1,5,16.31,14.71,309.92,187.05,122.87,Online,Debit Card,2,0
ORD-02306,2023-09-27,2023-10-03,6,CUST-2287,Corporate,Southeast,Virginia,Sports & Outdoors,Running,Brooks Ghost 15,133.76,2,10,26.75,0.0,240.77,85.96,68.85,Online,Credit Card,3,0
ORD-02307,2023-09-24,2023-09-26,2,CUST-2466,Small Business,Northeast,Massachusetts,Clothing,Accessories,Coach Wallet,79.25,4,0,0.0,9.72,317.0,52.11,108.56,Mobile App,Gift Card,4,0
ORD-02308,2024-10-24,2024-10-27,3,CUST-1324,Consumer,Southwest,Nevada,Office Supplies,Stationery,Pilot G2 Pen Pack,13.62,2,20,5.45,12.45,21.79,7.66,6.47,In-Store,PayPal,3,0
ORD-02309,2024-12-23,2024-12-27,4,CUST-2777,Consumer,West,Washington,Sports & Outdoors,Camping Gear,Yeti Cooler,253.68,1,5,12.68,7.96,241.0,141.12,99.88,Online,Apple Pay,4,0
ORD-02310,2023-03-19,2023-03-22,3,CUST-2100,Small Business,Southeast,Florida,Office Supplies,Desks & Chairs,Autonomous SmartDesk,445.14,1,0,0.0,11.45,445.14,319.12,126.02,Mobile App,Debit Card,1,0
ORD-02311,2024-02-14,2024-02-19,5,CUST-1812,Consumer,Northeast,Connecticut,Home & Kitchen,Appliances,Instant Pot Duo 7-in-1,92.88,4,0,0.0,15.99,371.52,53.51,157.48,Mobile App,Debit Card,1,1
ORD-02312,2023-06-11,2023-06-12,1,CUST-1003,Corporate,Northeast,Connecticut,Home & Kitchen,Decor,Wall Art Canvas,59.67,4,0,0.0,13.07,238.68,40.3,77.48,Mobile App,Credit Card,3,0
ORD-02313,2024-10-16,2024-10-21,5,CUST-2458,Corporate,Northeast,New York,Electronics,Headphones,AirPods Pro 2,262.34,1,25,65.58,11.19,196.76,191.94,4.82,In-Store,Apple Pay,2,1
ORD-02314,2023-03-04,2023-03-09,5,CUST-2471,Consumer,West,Washington,Home & Kitchen,Decor,Yankee Candle Set,33.53,2,0,0.0,12.47,67.06,21.2,24.66,Mobile App,Gift Card,3,0
ORD-02315,2024-09-05,2024-09-12,7,CUST-1405,Corporate,Midwest,Wisconsin,Sports & Outdoors,Cycling,Garmin Edge 530,292.8,4,0,0.0,11.45,1171.2,165.12,510.72,Mobile App,Debit Card,4,0
ORD-02316,2024-02-13,2024-02-19,6,CUST-2870,Consumer,Southwest,Oklahoma,Clothing,Men's Apparel,Columbia Jacket,86.7,1,25,21.68,10.58,65.02,64.32,0.7,Mobile App,Debit Card,3,0
ORD-02317,2024-06-21,2024-06-27,6,CUST-3088,Corporate,Southeast,Virginia,Home & Kitchen,Furniture,Wayfair Sofa,522.14,5,20,522.14,20.28,2088.56,300.7,585.06,Online,Debit Card,4,0
ORD-02318,2023-08-05,2023-08-10,5,CUST-1676,Corporate,Midwest,Michigan,Electronics,Monitors,LG 27-inch 4K,360.22,1,10,36.02,0.0,324.2,260.82,63.38,In-Store,PayPal,5,0
ORD-02319,2024-08-15,2024-08-22,7,CUST-2489,Small Business,Midwest,Illinois,Sports & Outdoors,Cycling,Schwinn Hybrid Bike,347.32,1,5,17.37,14.39,329.95,226.17,103.78,Online,Debit Card,2,0
ORD-02320,2024-04-25,2024-05-01,6,CUST-2914,Corporate,Midwest,Wisconsin,Electronics,Tablets,Amazon Fire HD 10,152.67,2,0,0.0,24.22,305.34,94.68,115.98,Online,PayPal,2,0
ORD-02321,2024-12-09,2024-12-16,7,CUST-1857,Consumer,West,Colorado,Clothing,Men's Apparel,Columbia Jacket,91.33,1,0,0.0,15.79,91.33,54.59,36.74,In-Store,PayPal,3,0
ORD-02322,2024-12-08,2024-12-14,6,CUST-3069,Consumer,Northeast,Massachusetts,Clothing,Men's Apparel,Columbia Jacket,89.03,1,0,0.0,0.0,89.03,60.32,28.71,In-Store,PayPal,4,1
ORD-02323,2024-08-20,2024-08-26,6,CUST-1828,Consumer,Northeast,Connecticut,Sports & Outdoors,Fitness Equipment,Peloton Bike Mat,59.65,1,15,8.95,19.42,50.7,40.22,10.48,Online,Debit Card,2,0
ORD-02324,2023-05-14,2023-05-20,6,CUST-2346,Consumer,Southeast,Virginia,Clothing,Men's Apparel,Nike Dri-FIT Tee,35.83,2,0,0.0,24.96,71.66,19.99,31.68,Mobile App,Gift Card,5,0
ORD-02325,2023-06-16,2023-06-19,3,CUST-3076,Small Business,West,Washington,Office Supplies,Organizers,Pendaflex Folders,14.82,1,15,2.22,11.0,12.6,10.54,2.06,Online,Gift Card,4,0
ORD-02326,2024-01-07,2024-01-10,3,CUST-3225,Corporate,Southeast,Tennessee,Clothing,Activewear,Under Armour Shorts,40.41,1,0,0.0,12.03,40.41,23.04,17.37,In-Store,Debit Card,4,0
ORD-02327,2024-05-20,2024-05-26,6,CUST-2732,Consumer,Southwest,Oklahoma,Home & Kitchen,Appliances,Instant Pot Duo 7-in-1,91.32,5,0,0.0,6.41,456.6,60.71,153.05,Online,Apple Pay,2,0
ORD-02328,2023-04-08,2023-04-14,6,CUST-2900,Corporate,West,Colorado,Home & Kitchen,Furniture,IKEA Kallax Shelf,85.67,1,0,0.0,13.47,85.67,47.86,37.81,In-Store,Gift Card,3,0
ORD-02329,2023-02-27,2023-03-05,6,CUST-3449,Small Business,West,Oregon,Electronics,Smartphones,iPhone SE,410.79,1,20,82.16,6.9,328.63,279.31,49.32,Online,Apple Pay,4,0
ORD-02330,2023-08-02,2023-08-04,2,CUST-1314,Small Business,Northeast,Massachusetts,Sports & Outdoors,Team Sports,Rawlings Baseball Glove,52.27,1,20,10.45,12.69,41.82,31.75,10.07,Online,Gift Card,5,0
ORD-02331,2023-12-23,2023-12-29,6,CUST-3431,Corporate,Northeast,New Jersey,Office Supplies,Stationery,Pilot G2 Pen Pack,12.76,3,0,0.0,11.2,38.28,8.56,12.6,Online,PayPal,4,0
ORD-02332,2024-12-24,2024-12-31,7,CUST-1936,Consumer,Midwest,Michigan,Office Supplies,Stationery,Pilot G2 Pen Pack,13.06,2,10,2.61,23.63,23.51,7.2,9.11,Online,Credit Card,4,0
ORD-02333,2024-11-12,2024-11-14,2,CUST-2454,Corporate,Midwest,Illinois,Sports & Outdoors,Fitness Equipment,Peloton Bike Mat,57.93,2,20,23.17,20.8,92.69,32.89,26.91,Online,Apple Pay,4,0
ORD-02334,2024-08-15,2024-08-16,1,CUST-1006,Corporate,Northeast,Pennsylvania,Home & Kitchen,Decor,Yankee Candle Set,34.67,5,0,0.0,12.52,173.35,21.86,64.05,Mobile App,Credit Card,4,0
ORD-02335,2023-03-25,2023-03-29,4,CUST-2952,Consumer,Northeast,New Jersey,Sports & Outdoors,Cycling,Bell Helmet,49.8,1,10,4.98,20.39,44.82,31.57,13.25,Online,Debit Card,4,0
ORD-02336,2024-05-06,2024-05-07,1,CUST-2272,Consumer,Southwest,Texas,Electronics,Tablets,iPad 10th Gen,428.44,1,0,0.0,9.82,428.44,300.11,128.33,In-Store,Apple Pay,5,0
ORD-02337,2024-12-20,2024-12-27,7,CUST-3163,Consumer,Northeast,Connecticut,Electronics,Headphones,AirPods Pro 2,249.06,1,15,37.36,11.43,211.7,178.64,33.06,Mobile App,Gift Card,3,1
ORD-02338,2023-03-13,2023-03-20,7,CUST-2882,Consumer,Midwest,Indiana,Clothing,Activewear,Under Armour Shorts,40.59,1,10,4.06,14.57,36.53,23.23,13.3,Mobile App,Credit Card,2,0
ORD-02339,2023-03-01,2023-03-03,2,CUST-2586,Corporate,Southeast,Florida,Home & Kitchen,Furniture,IKEA Kallax Shelf,91.25,1,15,13.69,13.6,77.56,62.62,14.94,Online,PayPal,4,0
ORD-02340,2024-11-20,2024-11-25,5,CUST-1627,Consumer,Southeast,Tennessee,Sports & Outdoors,Fitness Equipment,Bowflex Dumbbells,350.38,1,15,52.56,14.79,297.82,194.0,103.82,Online,Gift Card,3,0
ORD-02341,2023-09-20,2023-09-25,5,CUST-3334,Corporate,West,Colorado,Home & Kitchen,Storage,ClosetMaid Organizer,70.26,5,10,35.13,24.72,316.17,44.7,92.67,Online,Credit Card,4,0
ORD-02342,2024-12-31,2025-01-04,4,CUST-3137,Consumer,Southwest,Oklahoma,Sports & Outdoors,Cycling,Garmin Edge 530,309.36,5,0,0.0,23.81,1546.8,182.18,635.9,In-Store,Credit Card,2,0
ORD-02343,2023-03-09,2023-03-16,7,CUST-1229,Corporate,Northeast,Massachusetts,Clothing,Activewear,Under Armour Shorts,39.61,4,15,23.77,21.64,134.67,29.22,17.79,Mobile App,Apple Pay,1,1
ORD-02344,2024-08-04,2024-08-06,2,CUST-1988,Corporate,Northeast,New Jersey,Clothing,Men's Apparel,Nike Dri-FIT Tee,34.07,4,5,6.81,0.0,129.47,25.44,27.71,Online,Gift Card,2,0
ORD-02345,2024-01-26,2024-02-01,6,CUST-2044,Consumer,West,California,Electronics,Tablets,Samsung Galaxy Tab S6,337.7,2,0,0.0,20.39,675.4,204.74,265.92,Mobile App,Credit Card,3,0
ORD-02346,2023-06-09,2023-06-14,5,CUST-3140,Small Business,Southeast,Tennessee,Electronics,Laptops,Lenovo ThinkPad E15,771.71,5,0,0.0,0.0,3858.55,507.0,1323.55,In-Store,Credit Card,3,0
ORD-02347,2023-03-16,2023-03-18,2,CUST-1205,Consumer,Southwest,Oklahoma,Home & Kitchen,Furniture,Wayfair Sofa,511.12,4,5,102.22,14.32,1942.26,290.93,778.54,Mobile App,Credit Card,4,0
ORD-02348,2024-07-24,2024-07-29,5,CUST-1137,Consumer,Southwest,Oklahoma,Office Supplies,Printers,Epson EcoTank,190.22,1,25,47.55,19.22,142.67,128.33,14.34,Mobile App,Apple Pay,2,1
ORD-02349,2023-08-25,2023-09-01,7,CUST-2081,Consumer,Northeast,New York,Home & Kitchen,Furniture,West Elm Desk,335.72,3,15,151.07,13.69,856.09,207.98,232.15,Online,PayPal,3,0
ORD-02350,2024-10-22,2024-10-23,1,CUST-1548,Small Business,Southwest,Utah,Home & Kitchen,Storage,ClosetMaid Organizer,67.76,3,20,40.66,5.75,162.62,42.19,36.05,Online,Apple Pay,4,0
ORD-02351,2023-05-29,2023-06-04,6,CUST-1744,Consumer,Southeast,Virginia,Sports & Outdoors,Fitness Equipment,Resistance Band Set,25.44,1,0,0.0,17.33,25.44,16.14,9.3,Online,Debit Card,3,0
ORD-02352,2023-04-04,2023-04-07,3,CUST-2509,Consumer,Northeast,New York,Electronics,Laptops,HP Pavilion x360,624.03,2,0,0.0,0.0,1248.06,377.72,492.62,Mobile App,Gift Card,4,0
ORD-02353,2023-09-12,2023-09-15,3,CUST-1393,Small Business,Northeast,New Jersey,Sports & Outdoors,Cycling,Schwinn Hybrid Bike,349.81,2,0,0.0,8.33,699.62,200.61,298.4,Online,Debit Card,2,0
ORD-02354,2023-07-29,2023-08-02,4,CUST-1181,Small Business,Midwest,Indiana,Office Supplies,Stationery,Sharpie Marker Set,16.15,4,0,0.0,5.37,64.6,9.52,26.52,In-Store,PayPal,5,0
ORD-02355,2023-11-09,2023-11-14,5,CUST-2479,Corporate,Northeast,Pennsylvania,Electronics,Headphones,Bose QC45,271.23,2,5,27.12,19.96,515.34,189.03,137.28,Online,Apple Pay,1,0
ORD-02356,2024-06-02,2024-06-08,6,CUST-1810,Small Business,Southwest,New Mexico,Sports & Outdoors,Fitness Equipment,Resistance Band Set,24.07,1,5,1.2,20.1,22.87,16.49,6.38,In-Store,Apple Pay,2,0
ORD-02357,2023-05-19,2023-05-26,7,CUST-2997,Corporate,Midwest,Indiana,Electronics,Smartphones,iPhone SE,446.09,3,15,200.74,23.49,1137.53,328.97,150.62,Online,Gift Card,3,0
ORD-02358,2023-04-02,2023-04-04,2,CUST-1913,Corporate,Northeast,Connecticut,Office Supplies,Organizers,Pendaflex Folders,15.53,1,5,0.78,9.95,14.75,10.69,4.06,In-Store,Credit Card,5,0
ORD-02359,2024-11-05,2024-11-11,6,CUST-1841,Consumer,Southeast,North Carolina,Sports & Outdoors,Cycling,Schwinn Hybrid Bike,359.08,3,5,53.86,7.27,1023.38,216.87,372.77,Online,Debit Card,2,0
ORD-02360,2023-10-15,2023-10-19,4,CUST-3478,Corporate,West,Oregon,Home & Kitchen,Appliances,Dyson V15 Vacuum,625.42,2,10,125.08,16.17,1125.76,408.75,308.26,Online,Gift Card,4,0
ORD-02361,2024-09-05,2024-09-07,2,CUST-2985,Consumer,Northeast,New York,Electronics,Headphones,Bose QC45,286.16,3,0,0.0,0.0,858.48,192.66,280.5,Mobile App,Apple Pay,1,1
ORD-02362,2024-06-03,2024-06-10,7,CUST-2229,Consumer,Southeast,Virginia,Electronics,Laptops,Dell Inspiron 15,523.18,1,0,0.0,24.06,523.18,327.16,196.02,Online,Credit Card,3,0
ORD-02363,2023-03-17,2023-03-22,5,CUST-1375,Consumer,Northeast,Pennsylvania,Clothing,Activewear,Reebok Sports Bra,36.02,2,10,7.2,15.96,64.84,19.82,25.2,Mobile App,Apple Pay,4,0
ORD-02364,2023-01-04,2023-01-10,6,CUST-2114,Corporate,Southeast,North Carolina,Office Supplies,Paper Products,HP Printer Paper 5-Ream,30.83,2,0,0.0,0.0,61.66,19.51,22.64,Online,Gift Card,2,1
ORD-02365,2023-08-03,2023-08-10,7,CUST-3065,Small Business,West,Colorado,Clothing,Men's Apparel,Levi's 501 Jeans,61.27,1,15,9.19,13.32,52.08,39.76,12.32,In-Store,Credit Card,4,0
ORD-02366,2023-02-26,2023-03-02,4,CUST-1134,Corporate,West,Washington,Office Supplies,Printers,Epson EcoTank,209.66,1,15,31.45,24.16,178.21,139.21,39.0,In-Store,Debit Card,2,0
ORD-02367,2023-03-09,2023-03-13,4,CUST-1537,Corporate,West,Colorado,Home & Kitchen,Decor,Pottery Barn Throw Pillow,50.95,2,10,10.19,0.0,91.71,30.35,31.01,Online,PayPal,3,0
ORD-02368,2024-12-03,2024-12-10,7,CUST-1683,Corporate,Northeast,Connecticut,Office Supplies,Desks & Chairs,Herman Miller Aeron,1258.1,3,0,0.0,0.0,3774.3,753.48,1513.86,Online,Credit Card,4,0
ORD-02369,2023-01-25,2023-01-26,1,CUST-1284,Consumer,Southeast,Florida,Home & Kitchen,Furniture,Wayfair Sofa,483.36,1,15,72.5,16.32,410.86,304.15,106.71,In-Store,Credit Card,3,0
ORD-02370,2024-04-15,2024-04-17,2,CUST-3293,Small Business,Midwest,Ohio,Home & Kitchen,Furniture,IKEA Kallax Shelf,86.9,1,10,8.69,0.0,78.21,57.24,20.97,In-Store,Debit Card,3,0
ORD-02371,2023-04-04,2023-04-08,4,CUST-1198,Consumer,West,Oregon,Electronics,Laptops,HP Pavilion x360,653.0,1,5,32.65,23.7,620.35,390.0,230.35,Online,Credit Card,4,0
ORD-02372,2024-12-13,2024-12-17,4,CUST-3360,Consumer,Southwest,Texas,Sports & Outdoors,Camping Gear,REI Sleeping Bag,175.11,2,20,70.04,7.23,280.18,129.95,20.28,In-Store,PayPal,5,0
ORD-02373,2023-10-06,2023-10-12,6,CUST-3402,Corporate,Southeast,Florida,Sports & Outdoors,Camping Gear,Coleman Tent 4P,124.46,3,5,18.67,9.13,354.71,86.6,94.91,Online,Apple Pay,2,1
ORD-02374,2023-06-03,2023-06-08,5,CUST-2482,Corporate,Southeast,Florida,Sports & Outdoors,Cycling,Schwinn Hybrid Bike,352.34,2,0,0.0,9.77,704.68,241.72,221.24,Online,Debit Card,3,0
ORD-02375,2024-05-07,2024-05-09,2,CUST-1496,Consumer,Northeast,New Jersey,Office Supplies,Desks & Chairs,FlexiSpot Standing Desk,387.69,1,5,19.38,7.03,368.31,215.37,152.94,In-Store,Credit Card,2,0
ORD-02376,2023-10-02,2023-10-08,6,CUST-3056,Consumer,Southeast,Florida,Electronics,Smartphones,Google Pixel 7a,419.41,1,10,41.94,19.32,377.47,303.42,74.05,In-Store,PayPal,3,0
ORD-02377,2023-04-19,2023-04-20,1,CUST-2869,Consumer,West,Arizona,Electronics,Smartphones,Samsung Galaxy A54,366.7,1,0,0.0,23.62,366.7,209.4,157.3,Online,Gift Card,2,0
ORD-02378,2023-12-18,2023-12-24,6,CUST-1803,Corporate,Southwest,Utah,Clothing,Accessories,Fossil Watch,123.76,1,5,6.19,17.94,117.57,78.0,39.57,Online,Gift Card,3,0
ORD-02379,2024-09-10,2024-09-11,1,CUST-1122,Small Business,Midwest,Michigan,Sports & Outdoors,Team Sports,Rawlings Baseball Glove,51.28,3,10,15.38,5.19,138.46,33.32,38.5,Online,Gift Card,5,0
ORD-02380,2023-08-21,2023-08-27,6,CUST-2380,Corporate,Southeast,North Carolina,Clothing,Footwear,Adidas Ultraboost,175.54,1,0,0.0,19.2,175.54,124.11,51.43,In-Store,Gift Card,5,0
ORD-02381,2023-08-12,2023-08-16,4,CUST-2041,Consumer,Northeast,Pennsylvania,Home & Kitchen,Storage,ClosetMaid Organizer,73.22,1,25,18.3,22.94,54.92,41.0,13.92,In-Store,Apple Pay,3,0
ORD-02382,2023-05-19,2023-05-22,3,CUST-2217,Corporate,West,Washington,Office Supplies,Printers,HP LaserJet Pro,313.61,1,0,0.0,23.8,313.61,210.76,102.85,Online,Credit Card,3,0
ORD-02383,2024-03-28,2024-03-31,3,CUST-2843,Consumer,Northeast,New Jersey,Sports & Outdoors,Fitness Equipment,Peloton Bike Mat,61.7,1,5,3.08,8.39,58.62,34.09,24.53,Mobile App,Credit Card,3,0
ORD-02384,2024-03-07,2024-03-11,4,CUST-2098,Small Business,Northeast,New Jersey,Office Supplies,Desks & Chairs,FlexiSpot Standing Desk,379.68,1,20,75.94,0.0,303.74,229.02,74.72,Online,Gift Card,1,1
ORD-02385,2024-07-21,2024-07-28,7,CUST-2449,Corporate,Northeast,New York,Sports & Outdoors,Camping Gear,REI Sleeping Bag,181.99,1,15,27.3,7.06,154.69,114.88,39.81,Mobile App,Gift Card,2,0
ORD-02386,2024-03-20,2024-03-27,7,CUST-1237,Consumer,Southwest,New Mexico,Electronics,Headphones,AirPods Pro 2,258.41,1,10,25.84,14.26,232.57,193.81,38.76,Online,Credit Card,3,0
ORD-02387,2024-11-27,2024-12-01,4,CUST-1438,Consumer,West,Oregon,Clothing,Activewear,Reebok Sports Bra,36.33,2,5,3.63,8.4,69.03,26.38,16.27,Online,PayPal,4,0
ORD-02388,2023-09-14,2023-09-21,7,CUST-3167,Corporate,Northeast,New Jersey,Home & Kitchen,Cookware,Lodge Cast Iron Skillet,31.27,1,0,0.0,13.18,31.27,22.63,8.64,In-Store,Credit Card,4,0
ORD-02389,2023-02-06,2023-02-10,4,CUST-3302,Small Business,West,Washington,Office Supplies,Paper Products,Moleskine Notebook,15.51,3,20,9.31,0.0,37.22,9.58,8.48,In-Store,Gift Card,3,0
ORD-02390,2024-06-23,2024-06-29,6,CUST-1143,Consumer,Southeast,Florida,Sports & Outdoors,Running,Garmin Forerunner 55,203.91,3,10,61.17,17.92,550.56,147.67,107.55,Online,Apple Pay,4,0
ORD-02391,2024-09-08,2024-09-11,3,CUST-2250,Consumer,Southeast,Virginia,Home & Kitchen,Cookware,Cuisinart Knife Set,82.79,4,0,0.0,7.32,331.16,55.32,109.88,Online,Apple Pay,4,0
ORD-02392,2023-09-09,2023-09-13,4,CUST-1935,Corporate,Northeast,Pennsylvania,Home & Kitchen,Decor,Yankee Candle Set,36.44,1,0,0.0,8.59,36.44,24.6,11.84,Online,Debit Card,3,0
ORD-02393,2024-05-15,2024-05-18,3,CUST-1944,Consumer,West,Washington,Office Supplies,Desks & Chairs,FlexiSpot Standing Desk,376.53,2,0,0.0,24.5,753.06,264.68,223.7,Online,Debit Card,1,0
ORD-02394,2023-06-03,2023-06-04,1,CUST-1973,Consumer,Southwest,Utah,Sports & Outdoors,Running,Nathan Hydration Vest,71.73,2,10,14.35,19.41,129.11,39.93,49.25,In-Store,Credit Card,4,0
ORD-02395,2024-03-14,2024-03-15,1,CUST-3300,Small Business,West,Colorado,Home & Kitchen,Appliances,Keurig K-Slim,106.89,1,0,0.0,8.85,106.89,60.4,46.49,Online,Apple Pay,4,0
ORD-02396,2023-05-27,2023-06-03,7,CUST-2325,Corporate,Southeast,Florida,Electronics,Tablets,Samsung Galaxy Tab S6,314.32,1,20,62.86,14.62,251.46,185.76,65.7,Mobile App,PayPal,1,1
ORD-02397,2023-12-24,2023-12-28,4,CUST-3475,Consumer,Southeast,North Carolina,Sports & Outdoors,Camping Gear,Coleman Tent 4P,130.14,2,15,39.04,13.04,221.24,80.08,61.08,In-Store,Gift Card,5,0
ORD-02398,2023-10-02,2023-10-05,3,CUST-2083,Consumer,Northeast,New Jersey,Electronics,Laptops,HP Pavilion x360,630.44,2,5,63.04,0.0,1197.84,472.25,253.34,Mobile App,Gift Card,5,0
ORD-02399,2023-03-12,2023-03-16,4,CUST-2873,Corporate,Midwest,Wisconsin,Electronics,Smartphones,iPhone SE,439.26,1,5,21.96,13.63,417.3,290.42,126.88,Online,Credit Card,5,0
ORD-02400,2023-08-11,2023-08-16,5,CUST-3148,Corporate,West,Colorado,Clothing,Men's Apparel,Nike Dri-FIT Tee,35.05,2,10,7.01,20.25,63.09,20.61,21.87,In-Store,Credit Card,2,0
ORD-02401,2023-08-24,2023-08-29,5,CUST-1538,Consumer,Northeast,New York,Electronics,Headphones,AirPods Pro 2,242.11,1,0,0.0,24.47,242.11,156.27,85.84,Mobile App,Debit Card,5,0
ORD-02402,2024-12-16,2024-12-17,1,CUST-1976,Consumer,Southeast,Tennessee,Electronics,Monitors,LG 27-inch 4K,355.56,1,20,71.11,15.69,284.45,208.74,75.71,Mobile App,Apple Pay,5,0
ORD-02403,2023-09-08,2023-09-10,2,CUST-2386,Corporate,Midwest,Illinois,Sports & Outdoors,Team Sports,Adidas Soccer Ball,24.97,1,0,0.0,0.0,24.97,16.72,8.25,Online,PayPal,4,0
ORD-02404,2024-12-12,2024-12-15,3,CUST-1752,Corporate,Midwest,Indiana,Sports & Outdoors,Team Sports,Wilson Basketball,29.22,1,5,1.46,17.95,27.76,19.63,8.13,Mobile App,Credit Card,5,0
ORD-02405,2024-04-03,2024-04-05,2,CUST-3095,Small Business,Midwest,Wisconsin,Electronics,Tablets,Samsung Galaxy Tab S6,323.94,2,0,0.0,15.32,647.88,231.78,184.32,Online,Debit Card,1,0
ORD-02406,2024-02-29,2024-03-05,5,CUST-1317,Corporate,Northeast,New York,Home & Kitchen,Decor,Wall Art Canvas,57.95,3,15,26.08,12.77,147.77,43.39,17.6,Online,PayPal,2,0
ORD-02407,2023-06-04,2023-06-06,2,CUST-2837,Consumer,Midwest,Illinois,Home & Kitchen,Cookware,Cuisinart Knife Set,82.9,1,25,20.73,20.14,62.17,46.21,15.96,Online,Gift Card,4,0
ORD-02408,2024-07-11,2024-07-15,4,CUST-2669,Consumer,Midwest,Wisconsin,Sports & Outdoors,Fitness Equipment,Peloton Bike Mat,57.77,4,15,34.66,5.5,196.42,37.0,48.42,Mobile App,PayPal,4,0
ORD-02409,2024-07-24,2024-07-28,4,CUST-2521,Corporate,Midwest,Wisconsin,Electronics,Headphones,AirPods Pro 2,254.94,3,0,0.0,9.38,764.82,170.49,253.35,Online,Debit Card,4,0
ORD-02410,2024-03-02,2024-03-07,5,CUST-3101,Consumer,West,Arizona,Home & Kitchen,Cookware,Lodge Cast Iron Skillet,30.63,1,5,1.53,7.75,29.1,22.29,6.81,Online,Debit Card,3,0
ORD-02411,2024-12-15,2024-12-17,2,CUST-2963,Small Business,Southeast,Tennessee,Office Supplies,Paper Products,HP Printer Paper 5-Ream,29.62,3,20,17.77,11.48,71.09,17.96,17.21,Online,Apple Pay,5,0
ORD-02412,2024-06-13,2024-06-17,4,CUST-3080,Consumer,Northeast,Pennsylvania,Office Supplies,Organizers,Pendaflex Folders,15.38,4,20,12.3,13.75,49.22,10.68,6.5,Online,PayPal,1,1
ORD-02413,2023-02-01,2023-02-04,3,CUST-3431,Consumer,Southeast,Virginia,Home & Kitchen,Furniture,West Elm Desk,361.26,1,10,36.13,12.5,325.13,266.45,58.68,Mobile App,Apple Pay,5,0
ORD-02414,2024-04-18,2024-04-22,4,CUST-2652,Corporate,Southwest,Texas,Sports & Outdoors,Team Sports,Wilson Basketball,28.73,2,0,0.0,8.32,57.46,16.54,24.38,Mobile App,Debit Card,3,0
ORD-02415,2024-01-18,2024-01-24,6,CUST-2381,Corporate,Southeast,North Carolina,Home & Kitchen,Decor,Yankee Candle Set,33.76,2,0,0.0,0.0,67.52,19.05,29.42,In-Store,Credit Card,4,0
ORD-02416,2023-11-19,2023-11-26,7,CUST-1085,Consumer,Midwest,Michigan,Electronics,Laptops,Lenovo ThinkPad E15,768.47,1,15,115.27,13.15,653.2,565.3,87.9,In-Store,PayPal,2,0
ORD-02417,2024-12-10,2024-12-17,7,CUST-2076,Corporate,Southeast,North Carolina,Sports & Outdoors,Team Sports,Adidas Soccer Ball,23.95,2,0,0.0,22.91,47.9,14.19,19.52,Online,Apple Pay,2,0
ORD-02418,2024-02-07,2024-02-14,7,CUST-2544,Corporate,West,Colorado,Office Supplies,Paper Products,Post-it Notes Bulk,19.03,3,0,0.0,15.92,57.09,11.21,23.46,In-Store,Gift Card,5,0
ORD-02419,2023-02-21,2023-02-24,3,CUST-1495,Consumer,Midwest,Illinois,Office Supplies,Stationery,Sharpie Marker Set,16.32,2,0,0.0,24.61,32.64,11.06,10.52,In-Store,Credit Card,2,1
ORD-02420,2024-07-31,2024-08-03,3,CUST-2325,Small Business,West,Colorado,Office Supplies,Desks & Chairs,Autonomous SmartDesk,454.82,1,10,45.48,18.75,409.34,330.12,79.22,Online,Debit Card,2,1
ORD-02421,2023-12-05,2023-12-07,2,CUST-1811,Corporate,Midwest,Wisconsin,Electronics,Laptops,HP Pavilion x360,647.73,1,5,32.39,7.61,615.34,466.7,148.64,Online,Apple Pay,3,0
ORD-02422,2024-03-28,2024-04-04,7,CUST-1543,Corporate,West,Oregon,Electronics,Laptops,HP Pavilion x360,627.18,1,5,31.36,17.11,595.82,464.66,131.16,In-Store,Debit Card,4,0
ORD-02423,2023-10-05,2023-10-07,2,CUST-1668,Corporate,West,Colorado,Sports & Outdoors,Camping Gear,Yeti Cooler,245.33,1,5,12.27,7.36,233.06,173.18,59.88,Online,PayPal,3,0
ORD-02424,2024-07-05,2024-07-06,1,CUST-2746,Consumer,West,Oregon,Home & Kitchen,Appliances,Dyson V15 Vacuum,642.0,4,5,128.4,10.57,2439.6,428.6,725.2,Online,Apple Pay,3,0
ORD-02425,2024-06-02,2024-06-05,3,CUST-2168,Corporate,Midwest,Wisconsin,Sports & Outdoors,Team Sports,Wilson Basketball,29.76,2,5,2.98,0.0,56.54,19.73,17.08,Online,PayPal,4,0
ORD-02426,2024-09-16,2024-09-20,4,CUST-1668,Consumer,Northeast,Pennsylvania,Home & Kitchen,Cookware,Cuisinart Knife Set,79.61,1,5,3.98,19.52,75.63,49.55,26.08,In-Store,Gift Card,3,0
ORD-02427,2024-07-16,2024-07-21,5,CUST-3495,Corporate,Southeast,Florida,Sports & Outdoors,Cycling,Schwinn Hybrid Bike,336.83,3,0,0.0,9.77,1010.49,202.27,403.68,Online,Credit Card,2,0
ORD-02428,2024-12-06,2024-12-11,5,CUST-2612,Corporate,Southwest,Utah,Home & Kitchen,Storage,ClosetMaid Organizer,71.53,1,0,0.0,0.0,71.53,44.47,27.06,In-Store,Gift Card,3,1
ORD-02429,2024-04-07,2024-04-13,6,CUST-1952,Corporate,West,Colorado,Home & Kitchen,Decor,Pottery Barn Throw Pillow,51.38,1,25,12.85,13.12,38.53,28.95,9.58,Online,Gift Card,3,0
ORD-02430,2023-08-20,2023-08-26,6,CUST-2133,Consumer,West,Colorado,Clothing,Activewear,Under Armour Shorts,38.56,1,20,7.71,0.0,30.85,27.37,3.48,Mobile App,PayPal,1,0
ORD-02431,2024-08-03,2024-08-06,3,CUST-3215,Consumer,Southeast,Florida,Home & Kitchen,Appliances,Keurig K-Slim,113.32,1,25,28.33,17.99,84.99,80.85,4.14,Online,Apple Pay,3,0
ORD-02432,2024-10-29,2024-11-03,5,CUST-2183,Consumer,Northeast,New York,Clothing,Activewear,Reebok Sports Bra,35.02,1,0,0.0,20.79,35.02,22.99,12.03,Online,Debit Card,4,0
ORD-02433,2024-10-10,2024-10-13,3,CUST-2283,Consumer,Southeast,Tennessee,Sports & Outdoors,Team Sports,Adidas Soccer Ball,23.94,2,0,0.0,6.78,47.88,13.98,19.92,Online,PayPal,5,0
ORD-02434,2024-10-14,2024-10-20,6,CUST-2346,Corporate,Southeast,Tennessee,Home & Kitchen,Appliances,Keurig K-Slim,113.79,1,5,5.69,13.97,108.1,77.41,30.69,Mobile App,Debit Card,4,0
ORD-02435,2024-03-22,2024-03-29,7,CUST-2490,Corporate,Southwest,Utah,Home & Kitchen,Appliances,Instant Pot Duo 7-in-1,92.66,1,0,0.0,6.67,92.66,59.26,33.4,Mobile App,Debit Card,4,0
ORD-02436,2023-02-24,2023-03-02,6,CUST-2753,Consumer,West,Oregon,Electronics,Laptops,Dell Inspiron 15,557.49,1,0,0.0,22.74,557.49,411.19,146.3,Online,Debit Card,2,1
ORD-02437,2024-01-14,2024-01-18,4,CUST-3465,Consumer,West,Oregon,Home & Kitchen,Decor,Wall Art Canvas,61.79,1,15,9.27,10.6,52.52,36.71,15.81,In-Store,PayPal,3,0
ORD-02438,2024-06-09,2024-06-11,2,CUST-2731,Corporate,Midwest,Wisconsin,Office Supplies,Desks & Chairs,Herman Miller Aeron,1362.66,2,15,408.8,10.23,2316.52,842.03,632.46,Online,Apple Pay,4,1
ORD-02439,2024-10-24,2024-10-31,7,CUST-2299,Corporate,Northeast,Massachusetts,Electronics,Smartphones,Google Pixel 7a,411.79,1,10,41.18,20.28,370.61,296.23,74.38,Online,Gift Card,1,1
ORD-02440,2023-01-19,2023-01-20,1,CUST-2428,Consumer,Southeast,Tennessee,Clothing,Footwear,Nike Air Max 90,127.59,3,10,38.28,6.55,344.49,77.05,113.34,Online,Apple Pay,4,0
ORD-02441,2024-08-29,2024-09-03,5,CUST-2041,Consumer,Southeast,Virginia,Clothing,Footwear,Nike Air Max 90,127.59,3,0,0.0,24.31,382.77,77.14,151.35,Mobile App,Debit Card,3,0
ORD-02442,2024-11-19,2024-11-22,3,CUST-1856,Corporate,Midwest,Ohio,Clothing,Men's Apparel,Columbia Jacket,94.09,1,20,18.82,22.6,75.27,62.29,12.98,In-Store,Credit Card,3,0
ORD-02443,2023-07-10,2023-07-14,4,CUST-2413,Small Business,West,Washington,Sports & Outdoors,Camping Gear,Coleman Tent 4P,133.49,4,10,53.4,23.56,480.56,83.24,147.6,Mobile App,PayPal,4,0
ORD-02444,2024-03-29,2024-04-03,5,CUST-1765,Consumer,Midwest,Ohio,Clothing,Activewear,Under Armour Shorts,38.82,2,15,11.65,6.58,65.99,21.58,22.83,In-Store,Apple Pay,3,0
ORD-02445,2024-06-26,2024-07-03,7,CUST-3410,Corporate,Southwest,Texas,Office Supplies,Printers,Brother Inkjet,150.14,1,15,22.52,5.23,127.62,100.71,26.91,Online,Apple Pay,4,0
ORD-02446,2024-11-27,2024-11-29,2,CUST-2460,Consumer,Southeast,Florida,Sports & Outdoors,Cycling,Bell Helmet,49.09,3,0,0.0,5.06,147.27,34.33,44.28,Mobile App,Gift Card,5,0
ORD-02447,2024-06-16,2024-06-17,1,CUST-2177,Corporate,Southeast,North Carolina,Electronics,Monitors,ASUS ProArt 27,409.98,3,10,122.99,23.12,1106.95,253.48,346.51,Online,Gift Card,5,0
ORD-02448,2023-08-02,2023-08-09,7,CUST-3217,Consumer,Midwest,Indiana,Home & Kitchen,Storage,ClosetMaid Organizer,70.79,1,5,3.54,20.88,67.25,39.52,27.73,Mobile App,Apple Pay,2,0
ORD-02449,2024-10-30,2024-10-31,1,CUST-1338,Corporate,Midwest,Illinois,Electronics,Laptops,Dell Inspiron 15,544.36,1,0,0.0,24.4,544.36,398.45,145.91,In-Store,PayPal,5,0
ORD-02450,2024-10-15,2024-10-19,4,CUST-1789,Small Business,West,Colorado,Sports & Outdoors,Running,Garmin Forerunner 55,199.76,1,25,49.94,13.85,149.82,132.77,17.05,Online,Credit Card,4,0
ORD-02451,2023-01-12,2023-01-19,7,CUST-2096,Consumer,Midwest,Illinois,Sports & Outdoors,Fitness Equipment,Resistance Band Set,23.97,3,0,0.0,5.93,71.91,13.94,30.09,Mobile App,Apple Pay,4,0
ORD-02452,2023-08-04,2023-08-06,2,CUST-1156,Consumer,Southwest,Utah,Sports & Outdoors,Fitness Equipment,Peloton Bike Mat,58.4,1,15,8.76,0.0,49.64,36.77,12.87,Mobile App,PayPal,5,0
ORD-02453,2024-01-25,2024-01-28,3,CUST-1104,Consumer,Northeast,Connecticut,Electronics,Headphones,AirPods Pro 2,260.19,5,0,0.0,8.28,1300.95,170.6,447.95,Online,Credit Card,4,0
ORD-02454,2024-05-30,2024-06-03,4,CUST-2493,Corporate,Midwest,Indiana,Office Supplies,Organizers,Pendaflex Folders,14.38,1,0,0.0,12.8,14.38,8.08,6.3,In-Store,PayPal,4,0
ORD-02455,2024-04-05,2024-04-10,5,CUST-3391,Small Business,Midwest,Ohio,Clothing,Accessories,Coach Wallet,81.06,1,10,8.11,20.35,72.95,56.75,16.2,Mobile App,Credit Card,4,0
ORD-02456,2024-10-02,2024-10-09,7,CUST-3230,Consumer,Northeast,Connecticut,Office Supplies,Printers,Epson EcoTank,193.24,2,5,19.32,10.77,367.16,136.08,95.0,Online,Debit Card,1,1
ORD-02457,2023-06-28,2023-07-04,6,CUST-2738,Consumer,Northeast,Connecticut,Electronics,Laptops,Dell Inspiron 15,548.26,1,25,137.06,9.04,411.2,338.56,72.64,Mobile App,PayPal,4,0
ORD-02458,2023-08-04,2023-08-09,5,CUST-2016,Consumer,Midwest,Michigan,Electronics,Laptops,HP Pavilion x360,660.62,3,0,0.0,21.17,1981.86,390.07,811.65,Online,Debit Card,5,1
ORD-02459,2023-01-30,2023-01-31,1,CUST-1948,Consumer,Midwest,Illinois,Home & Kitchen,Storage,Sterilite Cart,41.55,5,0,0.0,18.88,207.75,27.14,72.05,Online,Credit Card,3,0
ORD-02460,2023-03-03,2023-03-08,5,CUST-1954,Consumer,Southeast,North Carolina,Sports & Outdoors,Running,Brooks Ghost 15,134.49,1,0,0.0,0.0,134.49,84.85,49.64,In-Store,Apple Pay,5,0
ORD-02461,2024-01-12,2024-01-17,5,CUST-2258,Corporate,Northeast,Pennsylvania,Clothing,Accessories,Fossil Watch,124.98,1,10,12.5,23.71,112.48,69.05,43.43,Online,PayPal,3,0
ORD-02462,2023-04-14,2023-04-17,3,CUST-3012,Small Business,Southeast,Georgia,Home & Kitchen,Storage,ClosetMaid Organizer,67.83,1,10,6.78,11.85,61.05,43.64,17.41,In-Store,Gift Card,4,0
ORD-02463,2024-05-08,2024-05-14,6,CUST-2445,Small Business,West,Washington,Office Supplies,Printers,HP LaserJet Pro,286.01,1,20,57.2,18.01,228.81,198.79,30.02,In-Store,Credit Card,2,1
ORD-02464,2024-12-30,2025-01-01,2,CUST-3420,Corporate,Northeast,Connecticut,Electronics,Tablets,Amazon Fire HD 10,151.64,5,0,0.0,19.74,758.2,94.93,283.55,Online,Apple Pay,5,0
ORD-02465,2024-03-04,2024-03-05,1,CUST-1070,Small Business,Northeast,New York,Home & Kitchen,Storage,Sterilite Cart,41.42,1,10,4.14,20.46,37.28,24.69,12.59,Online,Gift Card,5,0
ORD-02466,2024-03-20,2024-03-25,5,CUST-1819,Consumer,Northeast,Massachusetts,Electronics,Tablets,Amazon Fire HD 10,143.29,2,5,14.33,5.52,272.25,102.55,67.15,In-Store,Credit Card,3,0
ORD-02467,2023-10-08,2023-10-15,7,CUST-2067,Consumer,West,Washington,Sports & Outdoors,Camping Gear,Yeti Cooler,262.4,1,0,0.0,17.57,262.4,171.73,90.67,Mobile App,Apple Pay,1,1
ORD-02468,2023-04-07,2023-04-09,2,CUST-3140,Consumer,West,Colorado,Sports & Outdoors,Camping Gear,Coleman Tent 4P,127.26,3,5,19.09,14.99,362.69,70.52,151.13,In-Store,Apple Pay,4,0
ORD-02469,2024-05-09,2024-05-16,7,CUST-1766,Consumer,Northeast,New Jersey,Office Supplies,Printers,HP LaserJet Pro,306.28,1,0,0.0,10.29,306.28,170.94,135.34,Online,Apple Pay,5,0
ORD-02470,2023-12-12,2023-12-15,3,CUST-1528,Consumer,Northeast,Massachusetts,Sports & Outdoors,Running,Garmin Forerunner 55,205.94,1,0,0.0,19.84,205.94,138.92,67.02,Mobile App,PayPal,4,0
ORD-02471,2023-11-07,2023-11-09,2,CUST-2339,Consumer,Midwest,Wisconsin,Home & Kitchen,Furniture,Wayfair Sofa,493.53,2,0,0.0,18.74,987.06,316.98,353.1,In-Store,PayPal,4,0
ORD-02472,2023-01-08,2023-01-11,3,CUST-3194,Corporate,Midwest,Michigan,Sports & Outdoors,Cycling,Garmin Edge 530,286.3,1,5,14.31,14.18,271.99,181.28,90.71,Online,Debit Card,2,0
ORD-02473,2023-08-29,2023-09-05,7,CUST-1774,Corporate,Northeast,Massachusetts,Home & Kitchen,Storage,Container Store Bins,24.06,2,20,9.62,0.0,38.5,14.47,9.56,Mobile App,Gift Card,1,1
ORD-02474,2024-01-09,2024-01-15,6,CUST-2894,Corporate,West,Oregon,Electronics,Headphones,AirPods Pro 2,247.67,2,5,24.77,0.0,470.57,176.21,118.15,Mobile App,Credit Card,3,0
ORD-02475,2023-08-16,2023-08-22,6,CUST-2812,Consumer,Midwest,Illinois,Clothing,Activewear,Reebok Sports Bra,36.06,3,0,0.0,24.65,108.18,23.58,37.44,Online,Apple Pay,3,0
ORD-02476,2024-05-16,2024-05-20,4,CUST-1787,Small Business,West,Oregon,Sports & Outdoors,Team Sports,Adidas Soccer Ball,23.75,1,15,3.56,10.63,20.19,15.87,4.32,In-Store,Credit Card,5,0
ORD-02477,2023-01-30,2023-02-02,3,CUST-2723,Consumer,West,Arizona,Office Supplies,Paper Products,HP Printer Paper 5-Ream,29.7,2,0,0.0,20.27,59.4,21.25,16.9,In-Store,Debit Card,4,0
ORD-02478,2023-09-15,2023-09-17,2,CUST-3227,Consumer,Southeast,Virginia,Home & Kitchen,Storage,ClosetMaid Organizer,72.99,5,5,18.25,11.39,346.7,43.62,128.6,Mobile App,Credit Card,4,0
ORD-02479,2023-01-27,2023-02-01,5,CUST-1633,Small Business,Midwest,Illinois,Office Supplies,Organizers,Pendaflex Folders,14.24,1,10,1.42,15.75,12.82,8.78,4.04,Mobile App,Apple Pay,3,0
ORD-02480,2023-02-22,2023-02-24,2,CUST-1685,Corporate,Southwest,New Mexico,Electronics,Headphones,Sony WH-1000XM5,286.87,1,15,43.03,8.39,243.84,201.59,42.25,Online,Apple Pay,4,0
ORD-02481,2023-04-26,2023-04-28,2,CUST-1633,Consumer,Southeast,Florida,Home & Kitchen,Furniture,West Elm Desk,332.58,5,0,0.0,14.08,1662.9,234.71,489.35,In-Store,Gift Card,3,0
ORD-02482,2024-11-09,2024-11-13,4,CUST-3496,Consumer,Northeast,Massachusetts,Clothing,Footwear,New Balance 574,87.29,1,20,17.46,21.39,69.83,58.18,11.65,In-Store,PayPal,3,0
ORD-02483,2023-05-25,2023-05-28,3,CUST-2780,Consumer,West,Washington,Clothing,Footwear,Adidas Ultraboost,179.19,3,5,26.88,17.98,510.69,133.19,111.12,Online,Gift Card,5,0
ORD-02484,2023-03-25,2023-03-30,5,CUST-1642,Corporate,Midwest,Illinois,Home & Kitchen,Cookware,All-Clad Pan Set,254.94,1,0,0.0,10.43,254.94,147.84,107.1,In-Store,Gift Card,2,0
ORD-02485,2024-10-29,2024-10-30,1,CUST-2145,Corporate,Northeast,Connecticut,Office Supplies,Organizers,Pendaflex Folders,14.65,2,10,2.93,6.61,26.37,10.55,5.27,In-Store,Credit Card,5,0
ORD-02486,2023-12-12,2023-12-16,4,CUST-1759,Corporate,Southeast,Virginia,Home & Kitchen,Storage,ClosetMaid Organizer,72.57,1,0,0.0,20.59,72.57,46.02,26.55,Online,Credit Card,5,0
ORD-02487,2023-01-22,2023-01-28,6,CUST-2352,Consumer,West,Arizona,Electronics,Tablets,Samsung Galaxy Tab S6,343.3,3,0,0.0,20.24,1029.9,208.4,404.7,Mobile App,Debit Card,3,0
ORD-02488,2023-12-19,2023-12-20,1,CUST-2119,Corporate,Southwest,Oklahoma,Sports & Outdoors,Team Sports,Wilson Basketball,29.76,2,5,2.98,0.0,56.54,19.94,16.66,Online,Credit Card,2,0
ORD-02489,2024-12-21,2024-12-23,2,CUST-2937,Consumer,Midwest,Michigan,Sports & Outdoors,Fitness Equipment,Bowflex Dumbbells,336.55,1,20,67.31,18.01,269.24,231.72,37.52,Online,Apple Pay,3,0
ORD-02490,2024-12-06,2024-12-09,3,CUST-1232,Corporate,Northeast,Pennsylvania,Office Supplies,Stationery,Sharpie Marker Set,17.76,1,5,0.89,15.62,16.87,13.17,3.7,Online,Gift Card,1,1
ORD-02491,2023-02-07,2023-02-09,2,CUST-3308,Consumer,West,Colorado,Clothing,Footwear,New Balance 574,91.56,1,10,9.16,22.78,82.4,59.6,22.8,Online,Debit Card,3,0
ORD-02492,2024-05-03,2024-05-07,4,CUST-2326,Consumer,West,Colorado,Clothing,Women's Apparel,Lululemon Tank,69.71,5,15,52.28,12.55,296.27,51.32,39.67,Online,Debit Card,3,0
ORD-02493,2024-01-29,2024-02-03,5,CUST-2085,Consumer,West,Oregon,Electronics,Headphones,AirPods Pro 2,249.41,1,25,62.35,22.49,187.06,145.55,41.51,In-Store,Credit Card,1,0
ORD-02494,2023-12-15,2023-12-22,7,CUST-2579,Corporate,Northeast,Connecticut,Office Supplies,Organizers,AmazonBasics File Cabinet,91.13,1,0,0.0,5.11,91.13,59.39,31.74,Online,PayPal,1,1
ORD-02495,2023-08-06,2023-08-08,2,CUST-3309,Consumer,West,Colorado,Electronics,Headphones,Bose QC45,289.87,4,10,115.95,17.96,1043.53,189.72,284.65,In-Store,PayPal,5,0
ORD-02496,2023-10-14,2023-10-21,7,CUST-2545,Consumer,Northeast,Massachusetts,Office Supplies,Desks & Chairs,FlexiSpot Standing Desk,385.6,1,20,77.12,17.28,308.48,234.35,74.13,Mobile App,Credit Card,1,0
ORD-02497,2024-03-28,2024-03-30,2,CUST-2111,Small Business,West,Colorado,Home & Kitchen,Appliances,Keurig K-Slim,111.35,1,0,0.0,11.63,111.35,61.3,50.05,Online,Debit Card,4,0
ORD-02498,2024-04-26,2024-05-02,6,CUST-2569,Corporate,Northeast,Massachusetts,Clothing,Footwear,Adidas Ultraboost,180.59,1,20,36.12,6.62,144.47,106.99,37.48,In-Store,Gift Card,3,0
ORD-02499,2023-11-11,2023-11-17,6,CUST-2315,Corporate,Southeast,Florida,Office Supplies,Printers,HP LaserJet Pro,304.02,1,10,30.4,0.0,273.62,177.1,96.52,Online,Credit Card,3,0
ORD-02500,2023-07-18,2023-07-25,7,CUST-2809,Small Business,Midwest,Ohio,Sports & Outdoors,Fitness Equipment,Peloton Bike Mat,58.79,1,15,8.82,20.99,49.97,33.98,15.99,Mobile App,Gift Card,2,1
ORD-02501,2024-03-09,2024-03-10,1,CUST-1446,Corporate,Midwest,Michigan,Office Supplies,Desks & Chairs,FlexiSpot Standing Desk,369.62,1,5,18.48,22.33,351.14,239.96,111.18,Mobile App,Debit Card,3,0
ORD-02502,2023-06-25,2023-06-28,3,CUST-2905,Consumer,West,Oregon,Home & Kitchen,Storage,Sterilite Cart,39.47,1,0,0.0,8.61,39.47,25.78,13.69,Online,Credit Card,5,1
ORD-02503,2023-10-04,2023-10-06,2,CUST-1182,Consumer,West,Oregon,Electronics,Tablets,Amazon Fire HD 10,145.51,1,15,21.83,0.0,123.68,94.46,29.22,Online,Credit Card,4,0
ORD-02504,2024-01-25,2024-01-31,6,CUST-1302,Small Business,Northeast,Connecticut,Sports & Outdoors,Camping Gear,Yeti Cooler,254.48,1,0,0.0,24.32,254.48,140.07,114.41,Online,Debit Card,4,0
ORD-02505,2024-12-28,2025-01-03,6,CUST-2561,Consumer,Northeast,Massachusetts,Sports & Outdoors,Fitness Equipment,Bowflex Dumbbells,357.73,1,0,0.0,17.79,357.73,259.42,98.31,Online,Credit Card,3,0
ORD-02506,2024-06-03,2024-06-06,3,CUST-2475,Consumer,Southeast,North Carolina,Home & Kitchen,Storage,ClosetMaid Organizer,72.67,1,0,0.0,9.91,72.67,42.03,30.64,In-Store,Debit Card,3,0
ORD-02507,2023-08-31,2023-09-07,7,CUST-2532,Consumer,Northeast,Connecticut,Electronics,Laptops,Dell Inspiron 15,542.6,2,0,0.0,14.46,1085.2,356.04,373.12,In-Store,Credit Card,3,0
ORD-02508,2024-03-04,2024-03-11,7,CUST-2216,Consumer,Midwest,Ohio,Clothing,Footwear,Adidas Ultraboost,180.15,5,5,45.04,0.0,855.71,120.34,254.01,Online,Debit Card,3,0
ORD-02509,2024-06-26,2024-07-01,5,CUST-3367,Corporate,West,Arizona,Office Supplies,Desks & Chairs,Autonomous SmartDesk,449.46,3,10,134.84,21.81,1213.54,333.41,213.31,Online,Debit Card,3,0
ORD-02510,2024-11-20,2024-11-25,5,CUST-2625,Corporate,Southeast,Virginia,Home & Kitchen,Furniture,IKEA Kallax Shelf,88.49,1,0,0.0,20.63,88.49,60.69,27.8,In-Store,Credit Card,3,0
ORD-02511,2024-08-27,2024-08-28,1,CUST-2008,Small Business,Southeast,Georgia,Clothing,Women's Apparel,Adidas Yoga Pants,53.56,1,0,0.0,6.27,53.56,30.11,23.45,Mobile App,Gift Card,4,0
ORD-02512,2024-01-26,2024-01-28,2,CUST-1494,Consumer,West,Oregon,Office Supplies,Desks & Chairs,FlexiSpot Standing Desk,372.44,3,0,0.0,24.51,1117.32,258.38,342.18,In-Store,Debit Card,3,0
ORD-02513,2023-10-04,2023-10-10,6,CUST-3472,Corporate,Northeast,New Jersey,Home & Kitchen,Cookware,Cuisinart Knife Set,80.75,1,0,0.0,7.96,80.75,47.17,33.58,Online,Credit Card,1,0
ORD-02514,2023-06-25,2023-07-02,7,CUST-2682,Consumer,Midwest,Ohio,Home & Kitchen,Appliances,Keurig K-Slim,109.86,1,10,10.99,11.7,98.87,62.53,36.34,Online,Apple Pay,1,1
ORD-02515,2023-07-08,2023-07-13,5,CUST-3260,Consumer,Midwest,Wisconsin,Home & Kitchen,Decor,Wall Art Canvas,57.33,1,5,2.87,22.95,54.46,40.33,14.13,Mobile App,PayPal,2,0
ORD-02516,2023-07-13,2023-07-14,1,CUST-1282,Consumer,Northeast,Connecticut,Electronics,Monitors,LG 27-inch 4K,340.8,1,20,68.16,8.74,272.64,191.17,81.47,In-Store,Apple Pay,5,0
ORD-02517,2024-05-16,2024-05-20,4,CUST-3058,Corporate,West,Washington,Sports & Outdoors,Camping Gear,REI Sleeping Bag,181.76,1,0,0.0,14.0,181.76,119.79,61.97,Online,Debit Card,4,0
ORD-02518,2023-06-09,2023-06-10,1,CUST-2383,Small Business,Northeast,Connecticut,Clothing,Activewear,Under Armour Shorts,41.77,1,25,10.44,19.4,31.33,30.11,1.22,Online,PayPal,4,0
ORD-02519,2024-09-07,2024-09-13,6,CUST-1759,Small Business,Southwest,Nevada,Clothing,Accessories,Coach Wallet,81.63,1,10,8.16,5.84,73.47,59.91,13.56,In-Store,PayPal,1,0
ORD-02520,2024-08-27,2024-09-03,7,CUST-1774,Consumer,Southwest,Oklahoma,Home & Kitchen,Decor,Yankee Candle Set,36.12,2,5,3.61,9.52,68.63,23.96,20.71,In-Store,PayPal,3,0
ORD-02521,2023-07-21,2023-07-23,2,CUST-3496,Consumer,Midwest,Indiana,Home & Kitchen,Furniture,Wayfair Sofa,502.63,4,15,301.58,22.27,1708.94,358.12,276.46,In-Store,Gift Card,4,0
ORD-02522,2023-01-23,2023-01-27,4,CUST-1286,Consumer,Southeast,Florida,Office Supplies,Printers,Brother Inkjet,147.67,2,5,14.77,11.9,280.57,96.24,88.09,Online,Debit Card,1,0
ORD-02523,2024-07-24,2024-07-27,3,CUST-2560,Corporate,Southeast,North Carolina,Office Supplies,Printers,Brother Inkjet,153.28,2,0,0.0,17.39,306.56,107.4,91.76,In-Store,Apple Pay,5,0
ORD-02524,2024-08-08,2024-08-11,3,CUST-2507,Consumer,Northeast,New Jersey,Sports & Outdoors,Fitness Equipment,Resistance Band Set,25.43,1,15,3.81,18.35,21.62,15.86,5.76,Mobile App,Credit Card,4,0
ORD-02525,2023-12-30,2024-01-06,7,CUST-1145,Consumer,Northeast,Pennsylvania,Electronics,Smartphones,iPhone SE,447.03,2,5,44.7,23.66,849.36,291.23,266.9,Online,PayPal,3,0
ORD-02526,2023-09-12,2023-09-14,2,CUST-1240,Consumer,Northeast,Pennsylvania,Clothing,Footwear,Adidas Ultraboost,173.8,3,25,130.35,19.52,391.05,110.54,59.43,Online,Credit Card,4,0
ORD-02527,2024-12-13,2024-12-14,1,CUST-1123,Small Business,Southwest,New Mexico,Sports & Outdoors,Fitness Equipment,Peloton Bike Mat,58.59,1,15,8.79,0.0,49.8,41.54,8.26,Online,Apple Pay,5,0
ORD-02528,2024-09-25,2024-09-29,4,CUST-2561,Corporate,Southwest,Oklahoma,Clothing,Men's Apparel,Columbia Jacket,88.76,5,0,0.0,10.5,443.8,61.91,134.25,Online,Credit Card,4,0
ORD-02529,2023-10-25,2023-10-31,6,CUST-2604,Consumer,Southeast,Tennessee,Sports & Outdoors,Camping Gear,Coleman Tent 4P,123.88,1,10,12.39,19.62,111.49,81.12,30.37,Online,PayPal,3,0
ORD-02530,2024-09-12,2024-09-19,7,CUST-1292,Small Business,Midwest,Ohio,Electronics,Laptops,Lenovo ThinkPad E15,756.47,2,0,0.0,16.67,1512.94,419.05,674.84,Online,Credit Card,3,0
ORD-02531,2023-10-28,2023-10-29,1,CUST-1119,Consumer,Southwest,New Mexico,Electronics,Tablets,Amazon Fire HD 10,156.85,2,0,0.0,6.7,313.7,95.34,123.02,Online,PayPal,4,0
ORD-02532,2023-12-23,2023-12-26,3,CUST-1294,Consumer,Northeast,New York,Home & Kitchen,Storage,Sterilite Cart,39.54,1,0,0.0,24.32,39.54,21.87,17.67,In-Store,PayPal,4,0
ORD-02533,2023-12-07,2023-12-10,3,CUST-1394,Consumer,Midwest,Illinois,Home & Kitchen,Appliances,Keurig K-Slim,105.21,1,10,10.52,7.29,94.69,74.25,20.44,Online,Apple Pay,3,0
ORD-02534,2023-09-20,2023-09-26,6,CUST-3034,Consumer,Northeast,Pennsylvania,Office Supplies,Paper Products,Post-it Notes Bulk,20.28,1,5,1.01,17.63,19.27,12.87,6.4,Mobile App,PayPal,2,0
ORD-02535,2023-07-24,2023-07-30,6,CUST-1141,Small Business,Southeast,Florida,Clothing,Women's Apparel,Adidas Yoga Pants,52.42,1,0,0.0,21.26,52.42,35.62,16.8,Online,Gift Card,3,0
ORD-02536,2024-09-16,2024-09-21,5,CUST-2101,Corporate,Southeast,Tennessee,Clothing,Footwear,Nike Air Max 90,124.78,3,5,18.72,19.7,355.62,69.0,148.62,In-Store,Gift Card,5,0
ORD-02537,2023-03-02,2023-03-09,7,CUST-2252,Corporate,Northeast,Massachusetts,Office Supplies,Organizers,Bankers Box Set,25.3,1,10,2.53,0.0,22.77,18.68,4.09,In-Store,Debit Card,3,0
ORD-02538,2023-03-20,2023-03-24,4,CUST-3438,Consumer,Southeast,Tennessee,Home & Kitchen,Storage,Container Store Bins,24.22,3,0,0.0,7.96,72.66,16.75,22.41,Online,Debit Card,4,0
ORD-02539,2024-02-08,2024-02-12,4,CUST-3038,Consumer,West,Oregon,Office Supplies,Desks & Chairs,Autonomous SmartDesk,461.96,1,0,0.0,18.97,461.96,306.33,155.63,Online,Credit Card,4,0
ORD-02540,2024-09-24,2024-09-29,5,CUST-1896,Corporate,Midwest,Indiana,Sports & Outdoors,Running,Nathan Hydration Vest,70.06,1,5,3.5,6.07,66.56,51.01,15.55,Mobile App,Credit Card,4,0
ORD-02541,2023-07-15,2023-07-19,4,CUST-3415,Consumer,West,California,Home & Kitchen,Decor,Wall Art Canvas,61.02,1,10,6.1,21.56,54.92,43.22,11.7,In-Store,Apple Pay,5,0
ORD-02542,2023-11-30,2023-12-01,1,CUST-1110,Consumer,Midwest,Indiana,Sports & Outdoors,Fitness Equipment,Resistance Band Set,26.12,2,15,7.84,0.0,44.4,16.58,11.24,Mobile App,PayPal,3,0
ORD-02543,2024-08-04,2024-08-09,5,CUST-3020,Small Business,Northeast,Connecticut,Sports & Outdoors,Running,Brooks Ghost 15,140.39,3,0,0.0,9.36,421.17,83.63,170.28,In-Store,Credit Card,2,1
ORD-02544,2024-03-14,2024-03-16,2,CUST-3418,Corporate,Northeast,Pennsylvania,Home & Kitchen,Furniture,West Elm Desk,344.38,2,10,68.88,6.06,619.88,252.88,114.12,Online,Debit Card,4,0
ORD-02545,2024-06-01,2024-06-03,2,CUST-3393,Consumer,West,Oregon,Home & Kitchen,Decor,Yankee Candle Set,35.25,1,0,0.0,0.0,35.25,21.42,13.83,Online,Apple Pay,1,0
ORD-02546,2024-09-16,2024-09-18,2,CUST-1383,Corporate,Southwest,Nevada,Sports & Outdoors,Fitness Equipment,Resistance Band Set,24.01,1,10,2.4,22.54,21.61,17.52,4.09,Online,Gift Card,3,0
ORD-02547,2024-04-05,2024-04-07,2,CUST-2825,Consumer,Southeast,Tennessee,Electronics,Laptops,HP Pavilion x360,599.96,1,0,0.0,5.8,599.96,413.14,186.82,Mobile App,Debit Card,4,0
ORD-02548,2023-12-29,2023-12-30,1,CUST-2620,Consumer,Midwest,Ohio,Clothing,Activewear,Puma Track Pants,51.61,1,5,2.58,23.93,49.03,32.45,16.58,Online,Gift Card,4,0
ORD-02549,2024-04-28,2024-05-02,4,CUST-1105,Consumer,Southwest,New Mexico,Home & Kitchen,Furniture,Wayfair Sofa,524.04,1,10,52.4,23.67,471.64,339.98,131.66,Online,Credit Card,4,0
ORD-02550,2023-08-01,2023-08-02,1,CUST-2900,Consumer,Southeast,Florida,Electronics,Laptops,Dell Inspiron 15,570.09,1,0,0.0,10.13,570.09,370.88,199.21,Mobile App,Gift Card,4,0
ORD-02551,2023-12-22,2023-12-25,3,CUST-1578,Corporate,Midwest,Michigan,Electronics,Headphones,AirPods Pro 2,259.49,1,0,0.0,16.97,259.49,156.25,103.24,Online,Apple Pay,4,0
ORD-02552,2023-05-09,2023-05-13,4,CUST-2688,Small Business,West,Colorado,Sports & Outdoors,Camping Gear,Yeti Cooler,257.0,1,0,0.0,8.38,257.0,182.04,74.96,Online,Gift Card,4,0
ORD-02553,2023-12-31,2024-01-02,2,CUST-3484,Corporate,Midwest,Illinois,Office Supplies,Organizers,AmazonBasics File Cabinet,89.1,1,5,4.46,16.51,84.64,53.46,31.18,Mobile App,Apple Pay,5,0
ORD-02554,2023-03-06,2023-03-13,7,CUST-1151,Corporate,Midwest,Ohio,Clothing,Activewear,Puma Track Pants,51.41,2,5,5.14,19.63,97.68,31.4,34.88,Online,Apple Pay,5,0
ORD-02555,2024-09-27,2024-10-02,5,CUST-1649,Corporate,Southwest,Texas,Office Supplies,Printers,Brother Inkjet,149.51,1,15,22.43,9.31,127.08,91.38,35.7,In-Store,Debit Card,4,0
ORD-02556,2023-10-20,2023-10-21,1,CUST-3014,Small Business,Southwest,New Mexico,Sports & Outdoors,Team Sports,Adidas Soccer Ball,24.74,1,0,0.0,0.0,24.74,18.31,6.43,Mobile App,Debit Card,2,1
ORD-02557,2024-02-17,2024-02-22,5,CUST-2476,Corporate,West,Arizona,Office Supplies,Stationery,Pilot G2 Pen Pack,13.5,1,5,0.68,17.42,12.82,9.78,3.04,In-Store,Debit Card,4,0
ORD-02558,2024-07-19,2024-07-20,1,CUST-1813,Small Business,Northeast,Massachusetts,Clothing,Activewear,Puma Track Pants,47.7,1,10,4.77,17.51,42.93,32.52,10.41,In-Store,Gift Card,4,0
ORD-02559,2023-09-17,2023-09-22,5,CUST-1314,Corporate,Southeast,Virginia,Office Supplies,Desks & Chairs,FlexiSpot Standing Desk,384.06,1,0,0.0,0.0,384.06,241.29,142.77,In-Store,Debit Card,2,0
ORD-02560,2023-12-19,2023-12-23,4,CUST-1925,Consumer,Northeast,Connecticut,Electronics,Headphones,Bose QC45,267.18,3,0,0.0,14.91,801.54,162.52,313.98,Mobile App,Credit Card,4,0
ORD-02561,2023-09-02,2023-09-07,5,CUST-3012,Corporate,Southwest,Oklahoma,Home & Kitchen,Furniture,IKEA Kallax Shelf,94.42,2,0,0.0,20.06,188.84,65.98,56.88,Online,Gift Card,3,0
ORD-02562,2024-12-26,2025-01-01,6,CUST-2368,Consumer,Southwest,Texas,Sports & Outdoors,Cycling,Schwinn Hybrid Bike,361.22,2,0,0.0,6.18,722.44,241.64,239.16,Mobile App,Apple Pay,3,0
ORD-02563,2023-01-01,2023-01-05,4,CUST-2150,Consumer,Northeast,Pennsylvania,Clothing,Footwear,Adidas Ultraboost,182.37,3,15,82.07,18.04,465.04,130.15,74.59,Mobile App,Apple Pay,2,0
ORD-02564,2023-03-28,2023-04-04,7,CUST-3235,Small Business,Southwest,Texas,Sports & Outdoors,Camping Gear,Coleman Tent 4P,132.7,2,5,13.27,20.38,252.13,90.0,72.13,In-Store,PayPal,3,0
ORD-02565,2023-12-17,2023-12-23,6,CUST-1246,Consumer,Midwest,Indiana,Home & Kitchen,Decor,Yankee Candle Set,33.48,1,15,5.02,6.59,28.46,24.24,4.22,Online,Apple Pay,2,1
ORD-02566,2023-03-04,2023-03-08,4,CUST-2940,Consumer,West,Arizona,Clothing,Footwear,Adidas Ultraboost,187.28,2,15,56.18,18.09,318.38,128.36,61.66,Mobile App,Debit Card,4,1
ORD-02567,2024-05-04,2024-05-08,4,CUST-2712,Small Business,Southeast,North Carolina,Home & Kitchen,Furniture,IKEA Kallax Shelf,89.73,1,20,17.95,22.71,71.78,51.53,20.25,Online,Debit Card,4,0
ORD-02568,2023-12-31,2024-01-03,3,CUST-3089,Consumer,Midwest,Indiana,Home & Kitchen,Appliances,Dyson V15 Vacuum,648.6,1,10,64.86,20.22,583.74,407.13,176.61,In-Store,Debit Card,5,0
ORD-02569,2024-08-09,2024-08-14,5,CUST-2629,Consumer,Northeast,Connecticut,Home & Kitchen,Storage,ClosetMaid Organizer,68.58,1,5,3.43,5.97,65.15,50.6,14.55,Online,PayPal,4,0
ORD-02570,2024-01-02,2024-01-06,4,CUST-1601,Small Business,Midwest,Ohio,Office Supplies,Desks & Chairs,Autonomous SmartDesk,448.57,4,10,179.43,8.28,1614.85,316.02,350.77,Online,Gift Card,4,0
ORD-02571,2024-06-15,2024-06-21,6,CUST-2148,Corporate,Southeast,North Carolina,Office Supplies,Paper Products,Post-it Notes Bulk,19.52,2,10,3.9,17.39,35.14,10.83,13.48,In-Store,Gift Card,2,0
ORD-02572,2023-03-04,2023-03-09,5,CUST-2044,Consumer,Northeast,Pennsylvania,Office Supplies,Desks & Chairs,Herman Miller Aeron,1285.07,2,5,128.51,19.21,2441.63,892.87,655.89,In-Store,Apple Pay,3,0
ORD-02573,2024-11-03,2024-11-07,4,CUST-2940,Small Business,Northeast,Connecticut,Sports & Outdoors,Fitness Equipment,Bowflex Dumbbells,339.26,1,5,16.96,11.82,322.3,239.66,82.64,Online,Debit Card,2,0
ORD-02574,2023-03-29,2023-04-02,4,CUST-2626,Small Business,Northeast,Massachusetts,Sports & Outdoors,Camping Gear,Coleman Tent 4P,136.25,1,10,13.62,21.86,122.63,99.62,23.01,Online,Credit Card,4,0
ORD-02575,2024-09-24,2024-09-27,3,CUST-3261,Small Business,West,Arizona,Office Supplies,Stationery,Sharpie Marker Set,17.73,3,5,2.66,0.0,50.53,10.02,20.47,In-Store,Debit Card,2,0
ORD-02576,2024-03-09,2024-03-14,5,CUST-1225,Consumer,Southeast,Virginia,Electronics,Headphones,AirPods Pro 2,254.13,1,0,0.0,11.67,254.13,158.03,96.1,Online,PayPal,5,0
ORD-02577,2023-01-27,2023-02-03,7,CUST-1760,Small Business,West,Washington,Home & Kitchen,Furniture,IKEA Kallax Shelf,88.56,3,0,0.0,21.64,265.68,50.99,112.71,Mobile App,PayPal,4,0
ORD-02578,2023-07-05,2023-07-09,4,CUST-1858,Small Business,Southwest,Utah,Electronics,Monitors,Dell 24-inch FHD,202.06,1,0,0.0,13.69,202.06,111.21,90.85,In-Store,Gift Card,3,0
ORD-02579,2023-04-10,2023-04-12,2,CUST-1410,Consumer,West,Colorado,Home & Kitchen,Cookware,Lodge Cast Iron Skillet,31.16,2,0,0.0,5.15,62.32,18.14,26.04,Mobile App,Debit Card,5,0
ORD-02580,2023-06-14,2023-06-21,7,CUST-2966,Consumer,Southeast,North Carolina,Sports & Outdoors,Running,Garmin Forerunner 55,195.83,3,10,58.75,21.97,528.74,130.77,136.43,Mobile App,Credit Card,2,1
ORD-02581,2023-01-02,2023-01-06,4,CUST-3111,Small Business,Southeast,Tennessee,Clothing,Footwear,New Balance 574,93.58,1,0,0.0,11.12,93.58,66.47,27.11,Mobile App,Apple Pay,5,0
ORD-02582,2024-12-03,2024-12-08,5,CUST-1541,Consumer,Southwest,Nevada,Office Supplies,Stationery,Pilot G2 Pen Pack,12.73,1,15,1.91,22.95,10.82,8.7,2.12,Mobile App,Apple Pay,5,0
ORD-02583,2024-02-27,2024-02-29,2,CUST-2090,Small Business,West,Washington,Office Supplies,Paper Products,Moleskine Notebook,15.42,1,15,2.31,16.6,13.11,9.33,3.78,In-Store,Credit Card,3,0
ORD-02584,2024-04-02,2024-04-06,4,CUST-1618,Consumer,Northeast,New Jersey,Home & Kitchen,Furniture,Wayfair Sofa,519.97,2,5,52.0,9.13,987.94,292.2,403.54,Online,Debit Card,5,0
ORD-02585,2024-08-29,2024-09-01,3,CUST-2590,Consumer,Midwest,Ohio,Office Supplies,Organizers,Bankers Box Set,25.69,1,20,5.14,12.34,20.55,19.01,1.54,Mobile App,Apple Pay,2,0
ORD-02586,2024-06-09,2024-06-13,4,CUST-2123,Consumer,Northeast,New Jersey,Electronics,Tablets,Amazon Fire HD 10,155.46,5,0,0.0,10.39,777.3,95.66,299.0,In-Store,Debit Card,2,1
ORD-02587,2023-08-05,2023-08-10,5,CUST-3438,Corporate,Southwest,Nevada,Electronics,Tablets,Samsung Galaxy Tab S6,337.76,1,0,0.0,11.87,337.76,193.04,144.72,Online,Gift Card,1,0
ORD-02588,2023-04-21,2023-04-22,1,CUST-2629,Small Business,Midwest,Wisconsin,Electronics,Monitors,LG 27-inch 4K,349.64,1,0,0.0,16.37,349.64,221.41,128.23,Mobile App,Gift Card,3,0
ORD-02589,2023-01-26,2023-01-30,4,CUST-1801,Consumer,Southwest,Texas,Electronics,Headphones,Bose QC45,275.52,1,15,41.33,24.79,234.19,205.66,28.53,Online,Debit Card,4,0
ORD-02590,2024-11-01,2024-11-08,7,CUST-2262,Consumer,Midwest,Ohio,Clothing,Men's Apparel,Levi's 501 Jeans,62.67,3,5,9.4,21.07,178.61,39.13,61.22,Online,PayPal,5,0
ORD-02591,2024-11-24,2024-11-27,3,CUST-2158,Consumer,Midwest,Wisconsin,Office Supplies,Desks & Chairs,Herman Miller Aeron,1269.4,5,5,317.35,11.6,6029.65,768.31,2188.1,Mobile App,Apple Pay,4,0
ORD-02592,2023-02-02,2023-02-08,6,CUST-2804,Consumer,West,Colorado,Home & Kitchen,Furniture,IKEA Kallax Shelf,88.82,4,10,35.53,9.68,319.75,58.92,84.07,Mobile App,Apple Pay,4,0
ORD-02593,2024-12-04,2024-12-07,3,CUST-3108,Consumer,West,Oregon,Clothing,Men's Apparel,Columbia Jacket,90.03,4,0,0.0,19.31,360.12,67.09,91.76,In-Store,PayPal,2,1
ORD-02594,2024-11-24,2024-11-28,4,CUST-2508,Consumer,Midwest,Ohio,Home & Kitchen,Storage,Sterilite Cart,38.79,1,5,1.94,5.89,36.85,26.88,9.97,Online,Debit Card,5,0
ORD-02595,2024-07-19,2024-07-21,2,CUST-2121,Consumer,West,Colorado,Office Supplies,Printers,Epson EcoTank,199.13,1,10,19.91,6.54,179.22,130.25,48.97,Online,Gift Card,4,0
ORD-02596,2023-01-15,2023-01-18,3,CUST-1553,Consumer,Southeast,Florida,Office Supplies,Desks & Chairs,Autonomous SmartDesk,430.86,2,10,86.17,0.0,775.55,312.69,150.17,In-Store,Credit Card,4,0
ORD-02597,2024-11-29,2024-12-06,7,CUST-3310,Consumer,Northeast,New York,Electronics,Monitors,Dell 24-inch FHD,196.53,2,0,0.0,7.91,393.06,117.88,157.3,Online,PayPal,1,1
ORD-02598,2024-07-09,2024-07-10,1,CUST-1154,Small Business,Southeast,Florida,Electronics,Monitors,LG 27-inch 4K,337.59,2,0,0.0,13.62,675.18,202.94,269.3,Online,Gift Card,5,0
ORD-02599,2024-09-05,2024-09-11,6,CUST-1898,Consumer,Southeast,North Carolina,Clothing,Accessories,Ray-Ban Aviators,164.6,1,5,8.23,15.32,156.37,123.33,33.04,Mobile App,Credit Card,1,1
ORD-02600,2024-12-13,2024-12-20,7,CUST-2610,Consumer,Southeast,Tennessee,Sports & Outdoors,Cycling,Bell Helmet,49.81,2,5,4.98,19.53,94.64,29.84,34.96,Mobile App,Gift Card,2,0
ORD-02601,2023-06-23,2023-06-28,5,CUST-2107,Consumer,Northeast,Massachusetts,Electronics,Headphones,AirPods Pro 2,245.33,2,10,49.07,22.18,441.59,144.73,152.13,Mobile App,Gift Card,2,1
ORD-02602,2023-06-15,2023-06-20,5,CUST-2526,Consumer,Midwest,Illinois,Sports & Outdoors,Team Sports,Wilson Basketball,29.83,1,0,0.0,0.0,29.83,17.48,12.35,In-Store,Credit Card,5,0
ORD-02603,2024-08-19,2024-08-22,3,CUST-2010,Corporate,Northeast,Pennsylvania,Sports & Outdoors,Team Sports,Rawlings Baseball Glove,47.91,2,10,9.58,0.0,86.24,29.6,27.04,In-Store,PayPal,3,0
ORD-02604,2024-10-03,2024-10-08,5,CUST-2879,Corporate,Southeast,Georgia,Electronics,Headphones,Sony WH-1000XM5,292.92,1,0,0.0,18.39,292.92,191.83,101.09,In-Store,Credit Card,4,0
ORD-02605,2023-06-26,2023-06-28,2,CUST-1248,Consumer,Southeast,Florida,Clothing,Footwear,Nike Air Max 90,134.42,1,10,13.44,0.0,120.98,87.79,33.19,Online,Apple Pay,4,0
ORD-02606,2023-08-12,2023-08-13,1,CUST-1113,Consumer,Northeast,New Jersey,Home & Kitchen,Furniture,IKEA Kallax Shelf,87.39,1,0,0.0,11.14,87.39,52.99,34.4,Online,Apple Pay,4,0
ORD-02607,2024-01-16,2024-01-20,4,CUST-2842,Corporate,Southeast,Tennessee,Clothing,Women's Apparel,Lululemon Tank,69.09,5,0,0.0,16.26,345.45,43.91,125.9,In-Store,Gift Card,4,1
ORD-02608,2024-12-13,2024-12-17,4,CUST-3072,Corporate,Southeast,Tennessee,Sports & Outdoors,Cycling,Schwinn Hybrid Bike,362.38,1,0,0.0,17.35,362.38,249.39,112.99,In-Store,Apple Pay,3,0
ORD-02609,2023-01-27,2023-01-28,1,CUST-2154,Consumer,Southwest,Nevada,Electronics,Laptops,Lenovo ThinkPad E15,716.07,3,5,107.41,8.67,2040.8,529.72,451.64,Online,Apple Pay,5,1
ORD-02610,2023-05-26,2023-05-27,1,CUST-2931,Small Business,Northeast,Pennsylvania,Office Supplies,Paper Products,HP Printer Paper 5-Ream,29.12,2,20,11.65,9.64,46.59,19.23,8.13,Online,Credit Card,4,0
ORD-02611,2023-11-11,2023-11-18,7,CUST-3387,Consumer,Southwest,Nevada,Office Supplies,Stationery,Pilot G2 Pen Pack,13.63,1,0,0.0,22.94,13.63,9.7,3.93,Online,Gift Card,5,0
ORD-02612,2023-03-03,2023-03-10,7,CUST-2169,Small Business,Southwest,Nevada,Electronics,Tablets,Amazon Fire HD 10,148.5,1,20,29.7,9.19,118.8,87.07,31.73,Online,PayPal,4,0
ORD-02613,2024-12-29,2025-01-04,6,CUST-2143,Consumer,Midwest,Ohio,Sports & Outdoors,Fitness Equipment,Peloton Bike Mat,59.07,1,10,5.91,12.13,53.16,32.79,20.37,In-Store,Apple Pay,3,0
ORD-02614,2023-02-20,2023-02-24,4,CUST-2878,Consumer,Northeast,Connecticut,Home & Kitchen,Storage,Sterilite Cart,41.74,1,0,0.0,13.11,41.74,26.64,15.1,Mobile App,Gift Card,5,0
ORD-02615,2023-04-30,2023-05-03,3,CUST-1513,Consumer,Northeast,Massachusetts,Electronics,Headphones,Sony WH-1000XM5,306.5,2,10,61.3,13.9,551.7,208.09,135.52,In-Store,Gift Card,4,0
ORD-02616,2024-04-18,2024-04-21,3,CUST-2870,Small Business,Southwest,New Mexico,Electronics,Monitors,ASUS ProArt 27,422.56,1,5,21.13,20.81,401.43,256.49,144.94,In-Store,PayPal,3,0
ORD-02617,2024-10-14,2024-10-15,1,CUST-1427,Consumer,West,Colorado,Office Supplies,Desks & Chairs,Herman Miller Aeron,1343.2,4,10,537.28,24.36,4835.52,908.25,1202.52,Mobile App,Debit Card,4,0
ORD-02618,2023-06-04,2023-06-07,3,CUST-3040,Corporate,Southeast,North Carolina,Office Supplies,Paper Products,HP Printer Paper 5-Ream,30.15,2,10,6.03,10.16,54.27,18.89,16.49,Online,Debit Card,3,0
ORD-02619,2024-04-25,2024-04-29,4,CUST-1520,Consumer,Southeast,Tennessee,Home & Kitchen,Decor,Yankee Candle Set,34.32,1,10,3.43,10.38,30.89,19.94,10.95,Online,Debit Card,5,0
ORD-02620,2023-02-22,2023-03-01,7,CUST-2684,Consumer,Northeast,New York,Sports & Outdoors,Cycling,Garmin Edge 530,296.27,1,5,14.81,0.0,281.46,172.21,109.25,Mobile App,PayPal,3,0
ORD-02621,2024-04-07,2024-04-14,7,CUST-2730,Consumer,Southwest,Nevada,Clothing,Footwear,Nike Air Max 90,125.58,1,0,0.0,12.78,125.58,72.01,53.57,Mobile App,Debit Card,1,1
ORD-02622,2023-12-22,2023-12-23,1,CUST-1135,Corporate,Southwest,Nevada,Electronics,Tablets,Amazon Fire HD 10,147.76,2,0,0.0,23.13,295.52,87.69,120.14,Online,Credit Card,5,0
ORD-02623,2024-07-04,2024-07-07,3,CUST-2936,Small Business,Midwest,Indiana,Sports & Outdoors,Fitness Equipment,Peloton Bike Mat,57.85,1,15,8.68,0.0,49.17,42.76,6.41,Online,Apple Pay,3,0
ORD-02624,2024-08-27,2024-08-29,2,CUST-1185,Consumer,West,Arizona,Sports & Outdoors,Fitness Equipment,Peloton Bike Mat,57.47,2,5,5.75,10.4,109.19,34.72,39.75,Online,Credit Card,5,0
ORD-02625,2024-04-11,2024-04-15,4,CUST-2991,Consumer,Southeast,Georgia,Clothing,Activewear,Puma Track Pants,50.48,1,20,10.1,8.84,40.38,31.12,9.26,In-Store,Gift Card,4,0
ORD-02626,2024-02-06,2024-02-08,2,CUST-1911,Consumer,Southwest,Nevada,Office Supplies,Stationery,Pilot G2 Pen Pack,13.01,4,15,7.81,0.0,44.23,7.46,14.39,Online,Gift Card,4,0
ORD-02627,2024-01-08,2024-01-14,6,CUST-3248,Consumer,Southwest,New Mexico,Clothing,Women's Apparel,Lululemon Tank,66.55,1,0,0.0,0.0,66.55,43.58,22.97,Online,PayPal,3,0
ORD-02628,2023-09-14,2023-09-19,5,CUST-2219,Corporate,Southeast,North Carolina,Electronics,Smartphones,iPhone SE,424.25,1,10,42.42,0.0,381.83,286.88,94.95,Online,Gift Card,3,0
ORD-02629,2024-11-17,2024-11-23,6,CUST-2086,Consumer,West,Arizona,Electronics,Tablets,Samsung Galaxy Tab S6,318.4,2,0,0.0,20.15,636.8,214.01,208.78,Mobile App,Credit Card,3,0
ORD-02630,2023-07-23,2023-07-30,7,CUST-2099,Small Business,Southeast,Florida,Clothing,Activewear,Reebok Sports Bra,33.36,1,20,6.67,20.56,26.69,18.42,8.27,Online,Debit Card,5,0
ORD-02631,2023-11-30,2023-12-02,2,CUST-1472,Consumer,West,California,Home & Kitchen,Storage,ClosetMaid Organizer,70.64,3,0,0.0,12.85,211.92,51.73,56.73,Online,Apple Pay,4,0
ORD-02632,2023-03-20,2023-03-25,5,CUST-1581,Consumer,West,Arizona,Home & Kitchen,Furniture,IKEA Kallax Shelf,91.62,1,10,9.16,6.53,82.46,53.66,28.8,Online,Debit Card,1,1
ORD-02633,2023-12-23,2023-12-26,3,CUST-1964,Small Business,Northeast,Massachusetts,Sports & Outdoors,Cycling,Bell Helmet,49.94,5,5,12.48,8.19,237.22,31.21,81.17,Mobile App,Gift Card,5,0
ORD-02634,2024-03-22,2024-03-27,5,CUST-1747,Small Business,Southeast,Virginia,Office Supplies,Organizers,Bankers Box Set,23.86,1,10,2.39,8.88,21.47,14.08,7.39,Online,Credit Card,2,1
ORD-02635,2024-02-03,2024-02-05,2,CUST-1064,Consumer,Southeast,Virginia,Sports & Outdoors,Team Sports,Wilson Basketball,30.26,2,0,0.0,5.49,60.52,19.17,22.18,Mobile App,PayPal,1,0
ORD-02636,2023-10-15,2023-10-16,1,CUST-3329,Consumer,Southeast,Florida,Office Supplies,Paper Products,Moleskine Notebook,14.92,1,20,2.98,0.0,11.94,8.47,3.47,Online,Apple Pay,5,0
ORD-02637,2023-08-22,2023-08-27,5,CUST-3092,Corporate,Midwest,Ohio,Sports & Outdoors,Team Sports,Rawlings Baseball Glove,48.79,1,10,4.88,22.51,43.91,31.7,12.21,Online,Debit Card,5,0
ORD-02638,2023-08-08,2023-08-14,6,CUST-3073,Consumer,Northeast,Pennsylvania,Electronics,Headphones,Sony WH-1000XM5,308.45,3,5,46.27,15.04,879.08,207.71,255.95,Mobile App,Credit Card,3,0
ORD-02639,2023-02-01,2023-02-04,3,CUST-3001,Consumer,Midwest,Wisconsin,Electronics,Tablets,iPad 10th Gen,460.03,2,0,0.0,20.54,920.06,293.28,333.5,Mobile App,PayPal,4,0
ORD-02640,2023-08-27,2023-08-28,1,CUST-2812,Small Business,West,Colorado,Clothing,Women's Apparel,Adidas Yoga Pants,54.16,1,0,0.0,0.0,54.16,31.37,22.79,Online,Debit Card,5,0
ORD-02641,2023-09-17,2023-09-24,7,CUST-1019,Consumer,Southeast,Florida,Sports & Outdoors,Cycling,Garmin Edge 530,297.65,5,15,223.24,24.17,1265.01,196.25,283.76,In-Store,Credit Card,2,0
ORD-02642,2023-12-16,2023-12-17,1,CUST-3348,Small Business,Southeast,Georgia,Office Supplies,Stationery,Sharpie Marker Set,16.95,2,20,6.78,0.0,27.12,12.63,1.86,Online,Credit Card,5,0
ORD-02643,2023-05-02,2023-05-08,6,CUST-2722,Consumer,Midwest,Illinois,Office Supplies,Printers,Brother Inkjet,143.3,1,5,7.17,16.6,136.13,90.59,45.54,Mobile App,Credit Card,5,0
ORD-02644,2024-10-26,2024-11-01,6,CUST-3348,Consumer,West,Oregon,Office Supplies,Organizers,Pendaflex Folders,14.81,1,25,3.7,13.11,11.11,10.59,0.52,Online,PayPal,5,0
ORD-02645,2023-12-22,2023-12-24,2,CUST-2119,Consumer,West,Washington,Sports & Outdoors,Fitness Equipment,Resistance Band Set,24.37,1,20,4.87,22.02,19.5,14.16,5.34,Online,Apple Pay,5,0
ORD-02646,2023-06-01,2023-06-02,1,CUST-1425,Small Business,Northeast,New York,Clothing,Footwear,Nike Air Max 90,132.81,5,0,0.0,24.46,664.05,88.73,220.4,In-Store,Gift Card,1,0
ORD-02647,2024-04-09,2024-04-10,1,CUST-2746,Consumer,Southeast,Florida,Clothing,Activewear,Puma Track Pants,49.12,2,10,9.82,8.36,88.42,31.99,24.44,Online,PayPal,3,0
ORD-02648,2023-07-26,2023-07-30,4,CUST-2468,Corporate,Southwest,Oklahoma,Clothing,Men's Apparel,Columbia Jacket,91.55,1,0,0.0,0.0,91.55,61.94,29.61,Online,PayPal,3,0
ORD-02649,2023-09-24,2023-09-26,2,CUST-2043,Small Business,West,Washington,Clothing,Activewear,Under Armour Shorts,41.19,1,0,0.0,18.78,41.19,27.14,14.05,Online,Debit Card,4,0
ORD-02650,2023-12-16,2023-12-22,6,CUST-2201,Small Business,West,Washington,Office Supplies,Printers,Brother Inkjet,148.75,1,10,14.88,20.12,133.87,110.2,23.67,In-Store,Apple Pay,4,0
ORD-02651,2024-09-03,2024-09-05,2,CUST-2305,Corporate,Midwest,Illinois,Home & Kitchen,Cookware,Lodge Cast Iron Skillet,29.09,2,0,0.0,7.21,58.18,21.36,15.46,Online,Apple Pay,2,0
ORD-02652,2023-10-07,2023-10-08,1,CUST-1713,Corporate,Northeast,Connecticut,Electronics,Headphones,Bose QC45,276.7,3,15,124.51,10.18,705.59,156.51,236.06,Online,PayPal,5,0
ORD-02653,2023-04-21,2023-04-23,2,CUST-1266,Consumer,Southeast,Tennessee,Office Supplies,Printers,HP LaserJet Pro,308.08,2,5,30.81,13.92,585.35,178.1,229.15,Mobile App,Gift Card,4,0
ORD-02654,2024-09-22,2024-09-26,4,CUST-2489,Consumer,West,California,Sports & Outdoors,Running,Nathan Hydration Vest,68.68,4,10,27.47,18.79,247.25,47.25,58.25,Mobile App,Credit Card,4,0
ORD-02655,2023-12-19,2023-12-22,3,CUST-2415,Corporate,Northeast,Pennsylvania,Home & Kitchen,Furniture,Wayfair Sofa,480.6,1,0,0.0,19.65,480.6,332.19,148.41,Online,Apple Pay,2,0
ORD-02656,2024-03-26,2024-03-30,4,CUST-3077,Consumer,Southeast,Tennessee,Electronics,Monitors,Dell 24-inch FHD,208.66,1,0,0.0,12.84,208.66,146.16,62.5,In-Store,Gift Card,3,0
ORD-02657,2024-06-19,2024-06-22,3,CUST-3484,Corporate,Northeast,New York,Clothing,Women's Apparel,North Face Fleece,100.11,2,5,10.01,9.04,190.21,72.96,44.29,In-Store,PayPal,4,0
ORD-02658,2024-04-19,2024-04-22,3,CUST-1803,Corporate,Southwest,Nevada,Sports & Outdoors,Camping Gear,REI Sleeping Bag,183.65,1,20,36.73,0.0,146.92,125.16,21.76,In-Store,PayPal,3,0
ORD-02659,2024-03-07,2024-03-12,5,CUST-1195,Consumer,Southeast,Tennessee,Sports & Outdoors,Fitness Equipment,Bowflex Dumbbells,360.76,1,0,0.0,17.73,360.76,225.18,135.58,Mobile App,Debit Card,3,0
ORD-02660,2024-03-11,2024-03-16,5,CUST-2133,Corporate,Midwest,Wisconsin,Office Supplies,Printers,Epson EcoTank,195.26,3,0,0.0,6.21,585.78,123.52,215.22,In-Store,Gift Card,2,1
ORD-02661,2023-05-05,2023-05-08,3,CUST-2594,Small Business,Southeast,Georgia,Office Supplies,Printers,HP LaserJet Pro,306.13,1,20,61.23,12.11,244.9,184.49,60.41,In-Store,Credit Card,4,0
ORD-02662,2023-05-31,2023-06-06,6,CUST-2557,Small Business,Southeast,Georgia,Office Supplies,Printers,Brother Inkjet,156.72,1,0,0.0,18.83,156.72,97.8,58.92,In-Store,Credit Card,2,0
ORD-02663,2023-08-26,2023-09-02,7,CUST-1694,Small Business,Northeast,Connecticut,Sports & Outdoors,Team Sports,Rawlings Baseball Glove,50.71,1,0,0.0,18.1,50.71,33.8,16.91,Mobile App,Gift Card,4,0
ORD-02664,2023-08-22,2023-08-24,2,CUST-1116,Consumer,Southeast,Virginia,Electronics,Tablets,Amazon Fire HD 10,153.6,1,0,0.0,16.26,153.6,99.81,53.79,Online,PayPal,2,1
ORD-02665,2023-01-05,2023-01-06,1,CUST-1114,Small Business,Northeast,Pennsylvania,Electronics,Laptops,Lenovo ThinkPad E15,780.21,1,5,39.01,17.33,741.2,558.47,182.73,In-Store,PayPal,2,0
ORD-02666,2023-09-16,2023-09-20,4,CUST-3285,Consumer,Midwest,Indiana,Home & Kitchen,Decor,Wall Art Canvas,62.56,3,0,0.0,0.0,187.68,37.95,73.83,Online,Debit Card,5,0
ORD-02667,2024-07-11,2024-07-13,2,CUST-2043,Consumer,Southwest,Nevada,Home & Kitchen,Furniture,West Elm Desk,342.67,4,0,0.0,0.0,1370.68,202.16,562.04,Online,Credit Card,4,0
ORD-02668,2024-11-08,2024-11-14,6,CUST-1957,Small Business,Northeast,Massachusetts,Electronics,Smartphones,iPhone SE,446.09,2,10,89.22,24.29,802.96,271.28,260.4,In-Store,Debit Card,2,1
ORD-02669,2024-12-26,2025-01-01,6,CUST-1274,Consumer,Southwest,Nevada,Electronics,Monitors,ASUS ProArt 27,412.78,3,15,185.75,21.01,1052.59,297.26,160.81,Online,Debit Card,3,1
ORD-02670,2024-06-24,2024-07-01,7,CUST-2964,Corporate,Southwest,Nevada,Office Supplies,Desks & Chairs,FlexiSpot Standing Desk,362.03,1,15,54.3,8.08,307.73,257.22,50.51,Online,Debit Card,4,1
ORD-02671,2023-01-07,2023-01-12,5,CUST-1757,Consumer,West,Washington,Home & Kitchen,Decor,Wall Art Canvas,59.14,4,0,0.0,23.06,236.56,36.19,91.8,In-Store,PayPal,5,0
ORD-02672,2024-06-19,2024-06-20,1,CUST-1041,Consumer,Southeast,Tennessee,Office Supplies,Stationery,Pilot G2 Pen Pack,12.54,1,0,0.0,17.45,12.54,8.16,4.38,Online,PayPal,4,0
ORD-02673,2024-09-13,2024-09-18,5,CUST-2969,Corporate,Northeast,New York,Clothing,Activewear,Reebok Sports Bra,35.06,1,5,1.75,11.79,33.31,21.92,11.39,Mobile App,Credit Card,1,1
ORD-02674,2023-08-20,2023-08-22,2,CUST-1701,Corporate,Northeast,Massachusetts,Clothing,Accessories,Fossil Watch,126.3,5,0,0.0,6.04,631.5,88.69,188.05,In-Store,Apple Pay,4,0
ORD-02675,2023-08-30,2023-09-05,6,CUST-2262,Small Business,Southwest,Oklahoma,Office Supplies,Printers,Epson EcoTank,191.46,1,0,0.0,0.0,191.46,131.35,60.11,In-Store,PayPal,3,0
ORD-02676,2024-07-17,2024-07-21,4,CUST-2851,Consumer,West,Colorado,Office Supplies,Paper Products,HP Printer Paper 5-Ream,28.8,1,0,0.0,22.1,28.8,20.03,8.77,Online,Debit Card,3,0
ORD-02677,2024-04-12,2024-04-13,1,CUST-1213,Consumer,Southeast,Tennessee,Electronics,Smartphones,iPhone SE,435.46,3,10,130.64,16.47,1175.74,321.21,212.11,Mobile App,Credit Card,5,0
ORD-02678,2023-08-24,2023-08-28,4,CUST-1228,Consumer,Midwest,Ohio,Office Supplies,Desks & Chairs,Autonomous SmartDesk,467.15,5,20,467.15,21.34,1868.6,299.34,371.9,Online,Credit Card,3,0
ORD-02679,2024-10-21,2024-10-26,5,CUST-1404,Consumer,Northeast,Massachusetts,Sports & Outdoors,Camping Gear,Coleman Tent 4P,125.55,2,15,37.66,13.73,213.44,71.65,70.14,In-Store,Debit Card,3,0
ORD-02680,2023-08-01,2023-08-06,5,CUST-3321,Corporate,Northeast,Pennsylvania,Office Supplies,Printers,Epson EcoTank,197.34,1,10,19.73,8.18,177.61,124.24,53.37,Mobile App,PayPal,4,0
ORD-02681,2023-11-08,2023-11-15,7,CUST-2754,Small Business,Northeast,Pennsylvania,Sports & Outdoors,Cycling,Schwinn Hybrid Bike,339.35,3,5,50.9,19.19,967.15,217.31,315.22,Online,PayPal,4,0
ORD-02682,2023-11-16,2023-11-17,1,CUST-2380,Corporate,Southeast,Tennessee,Home & Kitchen,Cookware,All-Clad Pan Set,245.53,1,10,24.55,23.81,220.98,162.58,58.4,Online,Gift Card,4,0
ORD-02683,2023-03-10,2023-03-17,7,CUST-3234,Consumer,Northeast,Massachusetts,Electronics,Tablets,Amazon Fire HD 10,147.46,1,25,36.87,0.0,110.59,95.94,14.65,Online,Gift Card,3,0
ORD-02684,2023-02-18,2023-02-21,3,CUST-1666,Consumer,West,Oregon,Sports & Outdoors,Running,Brooks Ghost 15,136.08,2,10,27.22,8.66,244.94,94.01,56.92,Online,Apple Pay,2,0
ORD-02685,2023-01-29,2023-02-04,6,CUST-1550,Corporate,Midwest,Ohio,Clothing,Footwear,Nike Air Max 90,134.06,1,15,20.11,21.33,113.95,88.78,25.17,Online,Apple Pay,5,0
ORD-02686,2024-05-19,2024-05-24,5,CUST-3237,Consumer,Southeast,North Carolina,Electronics,Tablets,Amazon Fire HD 10,149.56,1,10,14.96,7.62,134.6,85.0,49.6,Mobile App,Gift Card,3,0
ORD-02687,2023-11-17,2023-11-22,5,CUST-3253,Small Business,Midwest,Ohio,Home & Kitchen,Storage,Sterilite Cart,41.33,1,10,4.13,6.32,37.2,28.37,8.83,Online,Gift Card,4,0
ORD-02688,2024-04-29,2024-05-01,2,CUST-1859,Consumer,Midwest,Michigan,Electronics,Smartphones,Samsung Galaxy A54,351.68,2,0,0.0,16.49,703.36,228.35,246.66,Mobile App,PayPal,5,0
ORD-02689,2024-03-09,2024-03-14,5,CUST-2102,Corporate,West,Arizona,Office Supplies,Organizers,Pendaflex Folders,14.71,1,20,2.94,20.02,11.77,8.1,3.67,Mobile App,Credit Card,3,0
ORD-02690,2023-03-05,2023-03-07,2,CUST-1367,Corporate,Northeast,Pennsylvania,Office Supplies,Stationery,Sharpie Marker Set,17.69,3,0,0.0,19.7,53.07,13.24,13.35,Online,Debit Card,1,0
ORD-02691,2024-06-10,2024-06-13,3,CUST-2875,Consumer,Northeast,Connecticut,Home & Kitchen,Cookware,All-Clad Pan Set,248.56,1,5,12.43,0.0,236.13,152.84,83.29,Online,Credit Card,4,0
ORD-02692,2024-01-14,2024-01-18,4,CUST-3219,Consumer,West,Colorado,Electronics,Headphones,Bose QC45,266.82,5,10,133.41,23.15,1200.69,192.52,238.09,In-Store,PayPal,5,0
ORD-02693,2023-09-26,2023-09-30,4,CUST-1558,Corporate,West,Arizona,Clothing,Accessories,Coach Wallet,78.87,1,15,11.83,8.19,67.04,56.47,10.57,In-Store,Gift Card,4,0
ORD-02694,2024-03-01,2024-03-06,5,CUST-1315,Consumer,Midwest,Illinois,Home & Kitchen,Decor,Wall Art Canvas,60.58,2,20,24.23,0.0,96.93,38.59,19.75,In-Store,Credit Card,1,0
ORD-02695,2024-11-04,2024-11-07,3,CUST-3322,Corporate,Southwest,Oklahoma,Home & Kitchen,Storage,Sterilite Cart,39.33,3,10,11.8,10.21,106.19,27.78,22.85,Mobile App,Apple Pay,3,0
ORD-02696,2024-06-08,2024-06-13,5,CUST-3498,Corporate,West,Oregon,Office Supplies,Desks & Chairs,Autonomous SmartDesk,467.57,2,10,93.51,7.25,841.63,306.61,228.41,Online,Credit Card,1,0
ORD-02697,2023-11-30,2023-12-07,7,CUST-2006,Consumer,Southwest,New Mexico,Clothing,Men's Apparel,Nike Dri-FIT Tee,35.44,1,0,0.0,22.56,35.44,22.63,12.81,Online,Apple Pay,4,0
ORD-02698,2024-06-06,2024-06-08,2,CUST-1979,Consumer,Southeast,Tennessee,Electronics,Monitors,ASUS ProArt 27,415.89,1,10,41.59,23.75,374.3,289.99,84.31,Mobile App,Gift Card,4,0
ORD-02699,2023-11-22,2023-11-29,7,CUST-1763,Corporate,Southeast,Tennessee,Electronics,Headphones,AirPods Pro 2,257.57,2,5,25.76,7.81,489.38,143.43,202.52,Online,Credit Card,1,1
ORD-02700,2024-06-07,2024-06-13,6,CUST-1143,Consumer,Southeast,Georgia,Home & Kitchen,Furniture,Wayfair Sofa,515.03,1,0,0.0,9.45,515.03,350.58,164.45,Mobile App,Apple Pay,3,0
ORD-02701,2023-08-18,2023-08-23,5,CUST-2370,Consumer,Southwest,Texas,Home & Kitchen,Decor,Wall Art Canvas,60.82,1,10,6.08,23.42,54.74,39.51,15.23,Online,Debit Card,4,0
ORD-02702,2023-06-09,2023-06-10,1,CUST-2097,Consumer,Midwest,Indiana,Office Supplies,Stationery,Staedtler Pencil Set,9.67,1,0,0.0,5.16,9.67,5.5,4.17,Online,Debit Card,5,0
ORD-02703,2023-01-11,2023-01-18,7,CUST-1429,Small Business,Southeast,Virginia,Sports & Outdoors,Cycling,Garmin Edge 530,309.51,2,0,0.0,7.55,619.02,194.3,230.42,In-Store,PayPal,1,1
ORD-02704,2023-09-03,2023-09-08,5,CUST-3430,Small Business,Northeast,Massachusetts,Sports & Outdoors,Team Sports,Rawlings Baseball Glove,50.39,5,20,50.39,0.0,201.56,27.99,61.61,Online,PayPal,3,0
ORD-02705,2023-09-20,2023-09-23,3,CUST-2477,Consumer,Southeast,Tennessee,Home & Kitchen,Storage,ClosetMaid Organizer,72.39,1,0,0.0,10.77,72.39,49.35,23.04,Mobile App,Debit Card,4,0
ORD-02706,2024-02-26,2024-02-29,3,CUST-1551,Consumer,Northeast,Pennsylvania,Office Supplies,Desks & Chairs,Herman Miller Aeron,1348.48,3,0,0.0,18.87,4045.44,822.86,1576.86,In-Store,PayPal,4,0
ORD-02707,2024-12-21,2024-12-23,2,CUST-3441,Consumer,West,Arizona,Sports & Outdoors,Cycling,Bell Helmet,50.29,1,0,0.0,0.0,50.29,29.97,20.32,Mobile App,Gift Card,3,0
ORD-02708,2023-04-11,2023-04-17,6,CUST-1620,Consumer,Northeast,Connecticut,Office Supplies,Organizers,AmazonBasics File Cabinet,91.03,1,5,4.55,24.98,86.48,58.95,27.53,Mobile App,Credit Card,5,0
ORD-02709,2023-06-17,2023-06-19,2,CUST-2218,Small Business,Northeast,New Jersey,Home & Kitchen,Furniture,West Elm Desk,339.86,1,5,16.99,14.49,322.87,238.4,84.47,Online,Apple Pay,5,0
ORD-02710,2023-03-12,2023-03-17,5,CUST-2527,Corporate,Midwest,Michigan,Clothing,Accessories,Ray-Ban Aviators,158.86,4,0,0.0,23.48,635.44,92.49,265.48,In-Store,Apple Pay,5,0
ORD-02711,2023-06-13,2023-06-15,2,CUST-2151,Small Business,Northeast,New York,Office Supplies,Printers,Epson EcoTank,197.3,1,10,19.73,20.7,177.57,135.44,42.13,Mobile App,Debit Card,5,0
ORD-02712,2024-01-14,2024-01-15,1,CUST-1491,Corporate,West,California,Office Supplies,Organizers,AmazonBasics File Cabinet,91.69,3,10,27.51,6.86,247.56,59.89,67.89,Mobile App,Gift Card,5,0
ORD-02713,2024-05-23,2024-05-26,3,CUST-2858,Corporate,West,Arizona,Clothing,Footwear,Nike Air Max 90,126.81,3,0,0.0,19.89,380.43,74.83,155.94,Online,Debit Card,3,0
ORD-02714,2024-12-30,2025-01-01,2,CUST-1331,Small Business,Midwest,Ohio,Electronics,Tablets,iPad 10th Gen,457.86,3,20,274.72,10.53,1098.86,271.58,284.12,Mobile App,Credit Card,5,0
ORD-02715,2024-11-28,2024-12-05,7,CUST-1116,Consumer,West,Washington,Electronics,Headphones,Sony WH-1000XM5,291.81,1,0,0.0,18.29,291.81,198.88,92.93,Mobile App,Apple Pay,3,0
ORD-02716,2024-05-12,2024-05-14,2,CUST-2928,Consumer,Northeast,New Jersey,Electronics,Smartphones,iPhone SE,449.01,1,15,67.35,6.55,381.66,285.72,95.94,Online,Gift Card,5,0
ORD-02717,2023-06-16,2023-06-18,2,CUST-2898,Corporate,Southwest,Oklahoma,Office Supplies,Printers,HP LaserJet Pro,302.11,5,5,75.53,0.0,1435.02,204.14,414.32,Mobile App,Credit Card,2,1
ORD-02718,2024-05-19,2024-05-22,3,CUST-1479,Small Business,Midwest,Michigan,Electronics,Headphones,AirPods Pro 2,260.77,1,20,52.15,0.0,208.62,189.28,19.34,Online,Debit Card,4,0
ORD-02719,2024-11-12,2024-11-15,3,CUST-1969,Consumer,Northeast,Connecticut,Clothing,Footwear,Adidas Ultraboost,171.6,1,0,0.0,20.0,171.6,101.78,69.82,In-Store,Gift Card,5,1
ORD-02720,2024-07-15,2024-07-16,1,CUST-2943,Corporate,Northeast,Connecticut,Electronics,Monitors,Dell 24-inch FHD,191.48,3,5,28.72,23.51,545.72,120.19,185.15,Online,Gift Card,3,0
ORD-02721,2023-05-18,2023-05-20,2,CUST-2861,Consumer,Southeast,Florida,Electronics,Smartphones,Google Pixel 7a,409.75,2,20,163.9,6.72,655.6,242.21,171.18,Online,Credit Card,4,0
ORD-02722,2024-11-20,2024-11-26,6,CUST-1377,Consumer,West,Washington,Home & Kitchen,Appliances,Instant Pot Duo 7-in-1,93.13,2,0,0.0,21.33,186.26,66.15,53.96,In-Store,Debit Card,4,0
ORD-02723,2023-11-01,2023-11-05,4,CUST-1514,Small Business,Southwest,Texas,Clothing,Accessories,Fossil Watch,135.52,1,25,33.88,23.62,101.64,98.64,3.0,Online,Apple Pay,4,0
ORD-02724,2023-06-21,2023-06-23,2,CUST-2748,Consumer,Southeast,Virginia,Sports & Outdoors,Fitness Equipment,Peloton Bike Mat,57.06,1,5,2.85,11.7,54.21,40.57,13.64,Mobile App,Debit Card,4,0
ORD-02725,2023-09-24,2023-09-30,6,CUST-3095,Consumer,Southwest,New Mexico,Home & Kitchen,Cookware,All-Clad Pan Set,244.29,1,0,0.0,23.84,244.29,157.92,86.37,Mobile App,Debit Card,2,1
ORD-02726,2024-09-29,2024-10-01,2,CUST-1019,Consumer,Southeast,Georgia,Electronics,Laptops,HP Pavilion x360,651.78,1,0,0.0,17.05,651.78,389.05,262.73,Mobile App,PayPal,3,0
ORD-02727,2023-04-06,2023-04-13,7,CUST-1919,Consumer,Southeast,North Carolina,Clothing,Accessories,Coach Wallet,80.19,5,0,0.0,0.0,400.95,57.54,113.25,In-Store,PayPal,4,1
ORD-02728,2024-03-13,2024-03-19,6,CUST-2242,Consumer,Northeast,Pennsylvania,Office Supplies,Stationery,Sharpie Marker Set,17.1,3,5,2.56,7.65,48.74,12.01,12.71,Online,Gift Card,3,0
ORD-02729,2023-08-07,2023-08-11,4,CUST-1742,Corporate,Southeast,Georgia,Sports & Outdoors,Cycling,Bell Helmet,49.96,2,10,9.99,21.13,89.93,34.19,21.55,In-Store,Apple Pay,5,0
ORD-02730,2023-11-22,2023-11-25,3,CUST-1650,Small Business,West,California,Home & Kitchen,Storage,Container Store Bins,24.84,2,5,2.48,16.9,47.2,17.01,13.18,Online,Gift Card,5,0
ORD-02731,2023-10-18,2023-10-19,1,CUST-2579,Corporate,Southeast,Florida,Office Supplies,Organizers,Pendaflex Folders,14.56,1,0,0.0,0.0,14.56,10.63,3.93,In-Store,Gift Card,5,0
ORD-02732,2023-07-15,2023-07-21,6,CUST-1443,Consumer,Southeast,Tennessee,Sports & Outdoors,Cycling,Bell Helmet,48.4,1,0,0.0,6.52,48.4,32.07,16.33,In-Store,PayPal,4,0
ORD-02733,2024-09-28,2024-10-03,5,CUST-1290,Consumer,Southwest,New Mexico,Office Supplies,Printers,HP LaserJet Pro,299.78,2,0,0.0,0.0,599.56,196.69,206.18,Mobile App,Gift Card,4,0
ORD-02734,2023-04-04,2023-04-09,5,CUST-1432,Corporate,Southeast,Georgia,Electronics,Smartphones,Google Pixel 7a,384.04,1,10,38.4,16.81,345.64,231.54,114.1,In-Store,Debit Card,3,1
ORD-02735,2024-03-02,2024-03-06,4,CUST-3434,Small Business,West,Washington,Sports & Outdoors,Cycling,Garmin Edge 530,312.78,1,0,0.0,0.0,312.78,177.3,135.48,In-Store,Apple Pay,4,0
ORD-02736,2024-12-06,2024-12-07,1,CUST-3046,Consumer,Northeast,New Jersey,Clothing,Footwear,New Balance 574,88.92,2,15,26.68,12.55,151.16,64.32,22.52,In-Store,Debit Card,5,0
ORD-02737,2023-03-05,2023-03-10,5,CUST-1313,Consumer,West,California,Electronics,Smartphones,Samsung Galaxy A54,357.07,1,0,0.0,24.57,357.07,236.35,120.72,Online,Credit Card,1,1
ORD-02738,2024-07-13,2024-07-17,4,CUST-1334,Consumer,Southwest,Nevada,Office Supplies,Paper Products,Post-it Notes Bulk,20.56,2,0,0.0,15.35,41.12,15.07,10.98,Mobile App,Credit Card,3,0
ORD-02739,2024-03-11,2024-03-14,3,CUST-2985,Consumer,Northeast,New Jersey,Office Supplies,Paper Products,Moleskine Notebook,14.81,1,0,0.0,23.33,14.81,10.44,4.37,In-Store,Apple Pay,4,0
ORD-02740,2023-01-21,2023-01-27,6,CUST-2333,Corporate,West,Washington,Home & Kitchen,Cookware,Cuisinart Knife Set,78.52,3,10,23.56,10.5,212.0,43.75,80.75,Online,Gift Card,3,0
ORD-02741,2023-09-27,2023-10-03,6,CUST-1472,Consumer,Midwest,Illinois,Home & Kitchen,Decor,Yankee Candle Set,33.25,2,25,16.62,24.36,49.88,24.14,1.6,Mobile App,Debit Card,5,0
ORD-02742,2024-11-06,2024-11-11,5,CUST-2893,Consumer,Southeast,Tennessee,Sports & Outdoors,Running,Brooks Ghost 15,135.14,3,25,101.35,18.79,304.07,78.5,68.57,Mobile App,Debit Card,1,0
ORD-02743,2023-10-14,2023-10-21,7,CUST-2603,Corporate,Southeast,Georgia,Clothing,Activewear,Reebok Sports Bra,36.43,1,0,0.0,0.0,36.43,24.52,11.91,Mobile App,Debit Card,1,0
ORD-02744,2024-04-04,2024-04-11,7,CUST-1503,Consumer,West,Colorado,Clothing,Activewear,Puma Track Pants,51.45,1,0,0.0,18.0,51.45,34.56,16.89,In-Store,Credit Card,2,1
ORD-02745,2024-02-29,2024-03-01,1,CUST-1685,Corporate,Southeast,Tennessee,Home & Kitchen,Cookware,Cuisinart Knife Set,81.85,2,15,24.55,14.23,139.15,59.9,19.35,Online,Apple Pay,4,0
ORD-02746,2024-04-21,2024-04-28,7,CUST-2185,Small Business,Midwest,Wisconsin,Clothing,Women's Apparel,North Face Fleece,97.14,4,5,19.43,21.11,369.13,71.64,82.57,Online,PayPal,4,0
ORD-02747,2023-05-12,2023-05-13,1,CUST-3307,Consumer,Southeast,North Carolina,Office Supplies,Printers,Brother Inkjet,146.62,2,0,0.0,5.59,293.24,82.36,128.52,Online,PayPal,3,0
ORD-02748,2023-10-28,2023-10-30,2,CUST-3145,Consumer,Southeast,Georgia,Office Supplies,Organizers,Bankers Box Set,26.19,5,0,0.0,19.45,130.95,16.01,50.9,Online,Debit Card,5,0
ORD-02749,2024-09-05,2024-09-12,7,CUST-2911,Corporate,Southwest,Nevada,Home & Kitchen,Decor,Wall Art Canvas,60.8,1,10,6.08,24.55,54.72,41.52,13.2,In-Store,Credit Card,2,1
ORD-02750,2024-10-16,2024-10-17,1,CUST-1867,Corporate,Southeast,Tennessee,Electronics,Tablets,Amazon Fire HD 10,143.98,1,25,35.99,0.0,107.99,88.14,19.85,Online,Credit Card,5,0
ORD-02751,2023-03-12,2023-03-19,7,CUST-1092,Consumer,Southeast,Tennessee,Home & Kitchen,Appliances,Dyson V15 Vacuum,647.56,1,5,32.38,5.77,615.18,449.72,165.46,Online,Gift Card,3,0
ORD-02752,2024-01-13,2024-01-19,6,CUST-1566,Consumer,Southwest,Utah,Clothing,Men's Apparel,Nike Dri-FIT Tee,35.35,1,10,3.54,0.0,31.81,25.31,6.5,In-Store,Debit Card,1,0
ORD-02753,2023-01-15,2023-01-19,4,CUST-1927,Small Business,Midwest,Michigan,Sports & Outdoors,Team Sports,Adidas Soccer Ball,25.31,1,10,2.53,15.51,22.78,16.72,6.06,Mobile App,Apple Pay,5,0
ORD-02754,2024-12-12,2024-12-15,3,CUST-1548,Small Business,Northeast,New Jersey,Electronics,Laptops,HP Pavilion x360,630.18,1,15,94.53,24.84,535.65,454.14,81.51,Online,Debit Card,4,0
ORD-02755,2024-08-29,2024-08-30,1,CUST-2281,Consumer,Northeast,Connecticut,Home & Kitchen,Decor,Pottery Barn Throw Pillow,51.16,1,0,0.0,22.43,51.16,36.67,14.49,Online,Debit Card,4,0
ORD-02756,2023-11-15,2023-11-19,4,CUST-3309,Consumer,Southeast,North Carolina,Sports & Outdoors,Cycling,Schwinn Hybrid Bike,349.59,2,10,69.92,23.96,629.26,215.77,197.72,Mobile App,PayPal,3,0
ORD-02757,2024-07-23,2024-07-24,1,CUST-2938,Corporate,Southwest,Utah,Clothing,Women's Apparel,Lululemon Tank,64.78,1,10,6.48,7.43,58.3,44.07,14.23,Online,Gift Card,4,0
ORD-02758,2024-04-01,2024-04-03,2,CUST-3320,Consumer,Midwest,Michigan,Home & Kitchen,Appliances,Dyson V15 Vacuum,664.37,2,10,132.87,12.6,1195.87,423.89,348.09,Mobile App,Debit Card,5,0
ORD-02759,2023-12-13,2023-12-16,3,CUST-1719,Consumer,Southwest,Texas,Electronics,Smartphones,Google Pixel 7a,387.8,1,5,19.39,22.32,368.41,239.25,129.16,Online,Apple Pay,4,0
ORD-02760,2024-01-03,2024-01-05,2,CUST-3306,Consumer,Northeast,Pennsylvania,Office Supplies,Stationery,Pilot G2 Pen Pack,13.3,1,25,3.33,7.43,9.97,7.63,2.34,In-Store,Debit Card,4,0
ORD-02761,2024-10-09,2024-10-10,1,CUST-3103,Small Business,Northeast,Pennsylvania,Electronics,Tablets,Samsung Galaxy Tab S6,331.75,2,0,0.0,14.14,663.5,241.24,181.02,Online,Gift Card,3,0
ORD-02762,2024-11-28,2024-12-04,6,CUST-1578,Small Business,Southwest,Oklahoma,Home & Kitchen,Storage,Container Store Bins,26.01,1,0,0.0,10.6,26.01,15.41,10.6,Mobile App,Apple Pay,1,0
ORD-02763,2024-07-16,2024-07-23,7,CUST-2448,Corporate,Southeast,Tennessee,Sports & Outdoors,Team Sports,Adidas Soccer Ball,24.94,1,10,2.49,18.14,22.45,14.23,8.22,Online,Apple Pay,4,0
ORD-02764,2023-02-06,2023-02-11,5,CUST-1841,Small Business,West,Colorado,Office Supplies,Organizers,Bankers Box Set,26.23,2,10,5.25,19.75,47.21,17.29,12.63,Online,PayPal,1,0
ORD-02765,2023-04-12,2023-04-14,2,CUST-2674,Consumer,West,California,Electronics,Tablets,Samsung Galaxy Tab S6,323.97,3,10,97.19,19.96,874.72,240.67,152.71,Online,Credit Card,5,0
ORD-02766,2023-09-13,2023-09-19,6,CUST-2793,Small Business,Northeast,Pennsylvania,Electronics,Monitors,Dell 24-inch FHD,203.17,3,0,0.0,6.86,609.51,129.12,222.15,Mobile App,Debit Card,4,0
ORD-02767,2023-03-22,2023-03-28,6,CUST-2191,Consumer,Midwest,Michigan,Office Supplies,Printers,Epson EcoTank,208.46,1,0,0.0,0.0,208.46,122.94,85.52,Online,Apple Pay,4,0
ORD-02768,2023-05-05,2023-05-12,7,CUST-2897,Consumer,Midwest,Michigan,Sports & Outdoors,Cycling,Schwinn Hybrid Bike,341.05,2,0,0.0,9.42,682.1,239.26,203.58,Mobile App,Apple Pay,2,0
ORD-02769,2024-12-05,2024-12-09,4,CUST-1606,Corporate,Southeast,Florida,Sports & Outdoors,Fitness Equipment,Bowflex Dumbbells,333.3,3,15,149.99,13.53,849.91,231.25,156.16,In-Store,Credit Card,4,0
ORD-02770,2024-03-12,2024-03-16,4,CUST-1057,Consumer,Northeast,New York,Sports & Outdoors,Team Sports,Rawlings Baseball Glove,51.73,1,0,0.0,24.55,51.73,30.62,21.11,Online,PayPal,2,1
ORD-02771,2024-11-21,2024-11-22,1,CUST-1887,Corporate,Northeast,Massachusetts,Sports & Outdoors,Team Sports,Adidas Soccer Ball,25.2,2,0,0.0,0.0,50.4,17.75,14.9,Mobile App,Debit Card,1,0
ORD-02772,2024-06-27,2024-07-02,5,CUST-3473,Consumer,Southwest,Texas,Office Supplies,Paper Products,Moleskine Notebook,14.46,2,10,2.89,0.0,26.03,8.19,9.65,In-Store,Credit Card,5,0
ORD-02773,2023-05-12,2023-05-17,5,CUST-1512,Consumer,Northeast,Pennsylvania,Electronics,Laptops,Lenovo ThinkPad E15,739.64,5,5,184.91,0.0,3513.29,469.08,1167.89,Online,Apple Pay,3,0
ORD-02774,2023-05-10,2023-05-14,4,CUST-1318,Consumer,Southeast,North Carolina,Office Supplies,Desks & Chairs,Herman Miller Aeron,1264.22,1,5,63.21,24.73,1201.01,824.36,376.65,Mobile App,Credit Card,4,0
ORD-02775,2023-07-31,2023-08-04,4,CUST-3014,Corporate,Northeast,Massachusetts,Sports & Outdoors,Cycling,Garmin Edge 530,289.12,1,0,0.0,18.52,289.12,215.19,73.93,Mobile App,PayPal,3,0
ORD-02776,2024-03-09,2024-03-11,2,CUST-3190,Consumer,Midwest,Illinois,Electronics,Monitors,LG 27-inch 4K,347.33,1,15,52.1,0.0,295.23,244.8,50.43,In-Store,Apple Pay,3,0
ORD-02777,2024-12-10,2024-12-14,4,CUST-2211,Corporate,Northeast,New York,Clothing,Footwear,Nike Air Max 90,125.93,1,0,0.0,0.0,125.93,76.4,49.53,Online,Gift Card,4,0
ORD-02778,2024-03-14,2024-03-16,2,CUST-3005,Consumer,West,Oregon,Home & Kitchen,Storage,Container Store Bins,25.88,1,15,3.88,16.14,22.0,16.76,5.24,Online,PayPal,5,0
ORD-02779,2024-04-27,2024-05-03,6,CUST-1897,Consumer,Northeast,New York,Home & Kitchen,Furniture,IKEA Kallax Shelf,87.36,3,0,0.0,6.07,262.08,61.4,77.88,In-Store,Apple Pay,3,0
ORD-02780,2024-07-12,2024-07-18,6,CUST-1104,Corporate,Southeast,North Carolina,Home & Kitchen,Decor,Yankee Candle Set,33.82,1,0,0.0,15.36,33.82,23.64,10.18,Mobile App,Debit Card,2,1
ORD-02781,2024-03-10,2024-03-12,2,CUST-1967,Corporate,Southeast,Virginia,Clothing,Activewear,Reebok Sports Bra,36.54,2,25,18.27,13.43,54.81,23.18,8.45,Mobile App,Apple Pay,5,0
ORD-02782,2024-09-13,2024-09-15,2,CUST-1225,Small Business,Northeast,Connecticut,Sports & Outdoors,Running,Garmin Forerunner 55,190.66,1,15,28.6,16.16,162.06,132.9,29.16,In-Store,Credit Card,5,1
ORD-02783,2023-01-13,2023-01-17,4,CUST-1864,Corporate,Northeast,Pennsylvania,Electronics,Monitors,ASUS ProArt 27,430.47,1,10,43.05,23.38,387.42,277.86,109.56,Online,Debit Card,5,0
ORD-02784,2023-03-23,2023-03-30,7,CUST-2247,Corporate,Midwest,Indiana,Sports & Outdoors,Running,Garmin Forerunner 55,191.92,4,10,76.77,14.49,690.91,141.87,123.43,In-Store,Gift Card,3,0
ORD-02785,2023-12-25,2023-12-30,5,CUST-1724,Consumer,Midwest,Indiana,Office Supplies,Printers,Brother Inkjet,143.97,2,5,14.4,0.0,273.54,104.34,64.86,Mobile App,Gift Card,1,0
ORD-02786,2023-08-19,2023-08-26,7,CUST-3220,Consumer,Midwest,Wisconsin,Home & Kitchen,Furniture,IKEA Kallax Shelf,93.19,2,10,18.64,23.96,167.74,65.81,36.12,In-Store,Apple Pay,2,1
ORD-02787,2024-11-07,2024-11-10,3,CUST-2814,Consumer,Midwest,Michigan,Clothing,Men's Apparel,Levi's 501 Jeans,62.63,1,20,12.53,24.91,50.1,38.59,11.51,Mobile App,Credit Card,3,0
ORD-02788,2024-02-21,2024-02-27,6,CUST-1124,Corporate,Southeast,Florida,Clothing,Women's Apparel,Lululemon Tank,68.68,1,10,6.87,0.0,61.81,44.32,17.49,Mobile App,Apple Pay,4,0
ORD-02789,2024-07-06,2024-07-08,2,CUST-1803,Corporate,Northeast,Massachusetts,Clothing,Activewear,Puma Track Pants,48.52,1,15,7.28,12.96,41.24,35.97,5.27,In-Store,Apple Pay,5,0
ORD-02790,2023-12-10,2023-12-15,5,CUST-1271,Corporate,Southeast,Florida,Home & Kitchen,Appliances,Instant Pot Duo 7-in-1,91.48,1,0,0.0,22.58,91.48,59.68,31.8,Mobile App,Gift Card,4,0
ORD-02791,2023-07-02,2023-07-08,6,CUST-2016,Consumer,West,California,Electronics,Monitors,Dell 24-inch FHD,190.95,2,0,0.0,10.58,381.9,134.76,112.38,In-Store,PayPal,2,0
ORD-02792,2023-08-11,2023-08-15,4,CUST-2205,Consumer,Northeast,Pennsylvania,Clothing,Footwear,Nike Air Max 90,125.1,1,10,12.51,22.41,112.59,81.63,30.96,Online,Apple Pay,5,0
ORD-02793,2023-05-25,2023-05-28,3,CUST-3008,Small Business,Southwest,Utah,Clothing,Men's Apparel,Levi's 501 Jeans,59.96,3,5,8.99,6.61,170.89,36.19,62.32,Mobile App,PayPal,5,0
ORD-02794,2024-12-01,2024-12-05,4,CUST-1376,Small Business,Northeast,New Jersey,Clothing,Footwear,New Balance 574,93.89,1,15,14.08,17.44,79.81,62.66,17.15,In-Store,PayPal,2,0
ORD-02795,2023-10-10,2023-10-12,2,CUST-2896,Consumer,Southeast,Florida,Sports & Outdoors,Cycling,Garmin Edge 530,308.36,2,10,61.67,23.45,555.05,196.48,162.09,Online,Apple Pay,5,0
ORD-02796,2023-05-06,2023-05-07,1,CUST-1701,Corporate,Northeast,Massachusetts,Office Supplies,Organizers,Bankers Box Set,25.25,3,10,7.58,19.85,68.17,14.32,25.21,In-Store,Apple Pay,5,0
ORD-02797,2024-10-24,2024-10-25,1,CUST-2174,Corporate,Southeast,Virginia,Clothing,Footwear,Adidas Ultraboost,188.82,1,5,9.44,18.98,179.38,114.81,64.57,Online,Gift Card,4,0
ORD-02798,2024-03-09,2024-03-12,3,CUST-1730,Consumer,Southwest,Oklahoma,Office Supplies,Printers,Epson EcoTank,207.1,2,10,41.42,21.46,372.78,131.08,110.62,In-Store,PayPal,4,0
ORD-02799,2023-01-08,2023-01-11,3,CUST-2175,Corporate,Northeast,Massachusetts,Clothing,Women's Apparel,Lululemon Tank,68.01,2,20,27.2,14.4,108.82,37.75,33.32,Mobile App,Apple Pay,4,0
ORD-02800,2023-12-02,2023-12-07,5,CUST-1311,Consumer,West,Colorado,Home & Kitchen,Appliances,Instant Pot Duo 7-in-1,94.07,2,0,0.0,0.0,188.14,57.15,73.84,Online,Debit Card,2,0
ORD-02801,2023-05-22,2023-05-28,6,CUST-2736,Consumer,Northeast,Connecticut,Home & Kitchen,Appliances,Dyson V15 Vacuum,617.69,3,10,185.31,12.39,1667.76,374.47,544.35,In-Store,Credit Card,2,0
ORD-02802,2024-03-08,2024-03-09,1,CUST-3163,Consumer,Northeast,Pennsylvania,Sports & Outdoors,Running,Garmin Forerunner 55,193.03,1,25,48.26,14.62,144.77,132.43,12.34,Online,PayPal,5,0
ORD-02803,2024-11-24,2024-11-30,6,CUST-2827,Corporate,Northeast,Connecticut,Office Supplies,Paper Products,Moleskine Notebook,14.96,2,5,1.5,20.62,28.42,8.96,10.5,Online,Debit Card,2,0
ORD-02804,2024-03-15,2024-03-21,6,CUST-2021,Corporate,Midwest,Ohio,Office Supplies,Stationery,Staedtler Pencil Set,9.84,2,5,0.98,16.14,18.7,5.65,7.4,Online,Apple Pay,2,1
ORD-02805,2023-12-07,2023-12-12,5,CUST-2654,Consumer,West,Arizona,Office Supplies,Paper Products,Post-it Notes Bulk,20.46,2,5,2.05,0.0,38.87,12.73,13.41,In-Store,Gift Card,2,1
ORD-02806,2023-02-01,2023-02-07,6,CUST-2655,Corporate,Midwest,Ohio,Home & Kitchen,Appliances,Dyson V15 Vacuum,664.6,4,15,398.76,8.07,2259.64,373.17,766.96,Online,Apple Pay,2,0
ORD-02807,2024-03-26,2024-03-27,1,CUST-3351,Corporate,Southeast,Virginia,Office Supplies,Stationery,Sharpie Marker Set,17.16,2,0,0.0,24.66,34.32,9.7,14.92,Online,PayPal,5,0
ORD-02808,2024-08-05,2024-08-06,1,CUST-2934,Consumer,Northeast,New York,Home & Kitchen,Appliances,Dyson V15 Vacuum,645.08,1,0,0.0,0.0,645.08,480.53,164.55,Online,Debit Card,3,0
ORD-02809,2024-05-25,2024-05-27,2,CUST-1747,Consumer,Northeast,Pennsylvania,Electronics,Monitors,ASUS ProArt 27,434.9,1,10,43.49,6.61,391.41,310.85,80.56,In-Store,Debit Card,5,1
ORD-02810,2023-09-28,2023-09-30,2,CUST-2453,Corporate,Southeast,Georgia,Office Supplies,Organizers,AmazonBasics File Cabinet,89.06,1,0,0.0,5.21,89.06,61.44,27.62,In-Store,PayPal,5,0
ORD-02811,2024-06-21,2024-06-28,7,CUST-1265,Consumer,West,California,Electronics,Monitors,ASUS ProArt 27,426.93,3,20,256.16,16.36,1024.63,311.61,89.8,In-Store,PayPal,3,0
ORD-02812,2023-10-01,2023-10-04,3,CUST-1251,Consumer,Midwest,Michigan,Office Supplies,Stationery,Staedtler Pencil Set,9.98,1,10,1.0,24.02,8.98,6.03,2.95,Online,PayPal,4,0
ORD-02813,2024-05-14,2024-05-15,1,CUST-1605,Consumer,Southeast,Tennessee,Office Supplies,Stationery,Sharpie Marker Set,17.33,1,0,0.0,19.6,17.33,10.6,6.73,Mobile App,Debit Card,3,0
ORD-02814,2024-05-23,2024-05-29,6,CUST-2467,Small Business,Northeast,Connecticut,Home & Kitchen,Furniture,Wayfair Sofa,524.17,3,15,235.88,18.85,1336.63,352.4,279.43,In-Store,Credit Card,4,0
ORD-02815,2023-09-04,2023-09-07,3,CUST-1331,Consumer,West,Colorado,Office Supplies,Desks & Chairs,Autonomous SmartDesk,466.76,4,5,93.35,5.74,1773.69,271.18,688.97,Mobile App,Apple Pay,4,0
ORD-02816,2023-12-23,2023-12-26,3,CUST-2266,Consumer,Southwest,Oklahoma,Office Supplies,Paper Products,Moleskine Notebook,14.46,4,0,0.0,23.87,57.84,8.7,23.04,Online,Credit Card,3,1
ORD-02817,2023-10-14,2023-10-16,2,CUST-2972,Consumer,West,Washington,Office Supplies,Organizers,Pendaflex Folders,14.91,1,0,0.0,23.75,14.91,9.88,5.03,In-Store,Gift Card,3,0
ORD-02818,2023-01-14,2023-01-15,1,CUST-3058,Consumer,Southeast,Virginia,Office Supplies,Printers,Epson EcoTank,206.43,1,15,30.96,18.01,175.47,122.15,53.32,Mobile App,Apple Pay,4,0
ORD-02819,2024-10-25,2024-10-28,3,CUST-3314,Consumer,Northeast,Connecticut,Clothing,Men's Apparel,Columbia Jacket,87.55,1,15,13.13,0.0,74.42,57.44,16.98,Online,Gift Card,4,0
ORD-02820,2024-02-11,2024-02-18,7,CUST-2672,Small Business,Northeast,Massachusetts,Clothing,Men's Apparel,Columbia Jacket,88.74,1,0,0.0,11.4,88.74,50.13,38.61,Online,Credit Card,3,0
ORD-02821,2023-02-24,2023-02-25,1,CUST-1284,Consumer,Northeast,Massachusetts,Home & Kitchen,Storage,Sterilite Cart,41.73,1,0,0.0,10.44,41.73,23.52,18.21,In-Store,Apple Pay,3,0
ORD-02822,2024-09-29,2024-10-06,7,CUST-2264,Corporate,West,Colorado,Electronics,Tablets,Samsung Galaxy Tab S6,329.06,2,0,0.0,9.49,658.12,203.11,251.9,Mobile App,PayPal,2,0
ORD-02823,2023-10-06,2023-10-10,4,CUST-2474,Consumer,Midwest,Illinois,Home & Kitchen,Furniture,IKEA Kallax Shelf,92.51,1,20,18.5,11.68,74.01,65.29,8.72,Online,Apple Pay,4,0
ORD-02824,2023-01-30,2023-02-06,7,CUST-2263,Corporate,Southwest,Utah,Electronics,Monitors,Dell 24-inch FHD,198.55,2,10,39.71,9.25,357.39,128.45,100.49,In-Store,Debit Card,3,0
ORD-02825,2024-05-14,2024-05-20,6,CUST-2866,Consumer,Northeast,Connecticut,Clothing,Activewear,Reebok Sports Bra,36.28,1,0,0.0,20.51,36.28,20.55,15.73,Mobile App,Credit Card,3,0
ORD-02826,2024-03-08,2024-03-14,6,CUST-2986,Consumer,Southwest,Oklahoma,Sports & Outdoors,Fitness Equipment,Peloton Bike Mat,58.36,1,10,5.84,0.0,52.52,33.04,19.48,In-Store,Apple Pay,4,0
ORD-02827,2024-04-05,2024-04-07,2,CUST-1803,Small Business,Northeast,Massachusetts,Electronics,Smartphones,Samsung Galaxy A54,351.29,1,20,70.26,24.55,281.03,200.08,80.95,In-Store,Credit Card,4,0
ORD-02828,2023-07-05,2023-07-11,6,CUST-3278,Small Business,Midwest,Michigan,Clothing,Footwear,Adidas Ultraboost,187.32,1,25,46.83,5.67,140.49,117.74,22.75,Mobile App,Credit Card,1,1
ORD-02829,2024-08-12,2024-08-18,6,CUST-1202,Corporate,Midwest,Ohio,Office Supplies,Desks & Chairs,Herman Miller Aeron,1351.01,1,5,67.55,10.38,1283.46,989.71,293.75,In-Store,PayPal,3,0
ORD-02830,2024-05-07,2024-05-14,7,CUST-3443,Small Business,Southeast,North Carolina,Office Supplies,Desks & Chairs,Herman Miller Aeron,1348.26,3,25,1011.2,21.85,3033.58,772.41,716.35,Mobile App,PayPal,3,0
ORD-02831,2024-11-04,2024-11-09,5,CUST-2634,Consumer,Northeast,Connecticut,Electronics,Laptops,Dell Inspiron 15,542.48,3,5,81.37,12.81,1546.07,389.87,376.46,In-Store,PayPal,3,0
ORD-02832,2023-08-14,2023-08-21,7,CUST-2757,Consumer,Southeast,Virginia,Sports & Outdoors,Running,Garmin Forerunner 55,202.36,2,20,80.94,10.5,323.78,113.14,97.5,Mobile App,Gift Card,1,0
ORD-02833,2023-10-03,2023-10-09,6,CUST-2477,Small Business,Midwest,Michigan,Office Supplies,Desks & Chairs,FlexiSpot Standing Desk,375.62,2,0,0.0,13.07,751.24,218.62,314.0,Online,PayPal,4,0
ORD-02834,2023-03-26,2023-03-28,2,CUST-1719,Consumer,Midwest,Illinois,Clothing,Footwear,Adidas Ultraboost,178.99,1,0,0.0,10.78,178.99,98.62,80.37,Online,Gift Card,5,0
ORD-02835,2023-08-21,2023-08-24,3,CUST-2286,Corporate,West,California,Sports & Outdoors,Running,Brooks Ghost 15,138.69,2,25,69.34,15.43,208.04,80.73,46.58,In-Store,PayPal,4,0
ORD-02836,2024-12-13,2024-12-14,1,CUST-1227,Consumer,Southeast,Florida,Office Supplies,Stationery,Sharpie Marker Set,16.91,1,0,0.0,17.56,16.91,11.36,5.55,In-Store,PayPal,4,0
ORD-02837,2024-01-30,2024-02-05,6,CUST-2274,Consumer,Northeast,New Jersey,Home & Kitchen,Cookware,Lodge Cast Iron Skillet,28.6,1,0,0.0,6.55,28.6,17.54,11.06,Online,Debit Card,3,0
ORD-02838,2024-07-14,2024-07-17,3,CUST-1734,Small Business,Northeast,New York,Sports & Outdoors,Fitness Equipment,Resistance Band Set,25.37,1,20,5.07,7.34,20.3,15.88,4.42,Online,Apple Pay,4,0
ORD-02839,2023-01-21,2023-01-25,4,CUST-1363,Consumer,Northeast,Pennsylvania,Sports & Outdoors,Team Sports,Wilson Basketball,28.82,1,20,5.76,6.52,23.06,19.8,3.26,Online,Gift Card,3,0
ORD-02840,2023-07-26,2023-07-29,3,CUST-2471,Consumer,Northeast,Connecticut,Office Supplies,Desks & Chairs,Autonomous SmartDesk,453.31,2,5,45.33,0.0,861.29,293.01,275.27,Mobile App,Gift Card,3,0
ORD-02841,2023-12-01,2023-12-06,5,CUST-3215,Consumer,Northeast,Connecticut,Clothing,Accessories,Coach Wallet,77.39,1,20,15.48,21.89,61.91,48.66,13.25,Online,Gift Card,3,0
ORD-02842,2023-11-15,2023-11-18,3,CUST-2464,Consumer,West,Washington,Clothing,Men's Apparel,Columbia Jacket,85.65,2,5,8.56,10.5,162.74,52.45,57.84,Online,Credit Card,3,0
ORD-02843,2024-12-31,2025-01-02,2,CUST-3032,Consumer,Midwest,Wisconsin,Electronics,Monitors,LG 27-inch 4K,339.88,3,5,50.98,21.47,968.66,188.87,402.05,In-Store,Apple Pay,3,0
ORD-02844,2023-08-16,2023-08-20,4,CUST-2499,Consumer,West,Arizona,Home & Kitchen,Furniture,Wayfair Sofa,507.44,3,0,0.0,5.95,1522.32,369.48,413.88,Online,Debit Card,3,0
ORD-02845,2023-09-24,2023-10-01,7,CUST-1253,Consumer,Midwest,Illinois,Home & Kitchen,Appliances,Dyson V15 Vacuum,637.33,1,0,0.0,18.16,637.33,397.59,239.74,In-Store,Debit Card,3,0
ORD-02846,2023-01-27,2023-02-03,7,CUST-1819,Consumer,Midwest,Wisconsin,Sports & Outdoors,Camping Gear,Yeti Cooler,245.35,1,0,0.0,7.28,245.35,147.62,97.73,Online,Credit Card,3,0
ORD-02847,2024-03-20,2024-03-22,2,CUST-1834,Corporate,Southeast,North Carolina,Electronics,Smartphones,Google Pixel 7a,413.05,1,0,0.0,0.0,413.05,262.54,150.51,In-Store,Debit Card,3,0
ORD-02848,2024-01-04,2024-01-06,2,CUST-3443,Corporate,West,Arizona,Office Supplies,Paper Products,Moleskine Notebook,15.1,2,0,0.0,16.29,30.2,9.41,11.38,Online,PayPal,5,0
ORD-02849,2023-10-05,2023-10-08,3,CUST-2421,Consumer,Midwest,Indiana,Home & Kitchen,Decor,Yankee Candle Set,36.2,1,0,0.0,17.35,36.2,25.78,10.42,Mobile App,Debit Card,4,0
ORD-02850,2024-04-09,2024-04-12,3,CUST-3094,Corporate,Northeast,New York,Electronics,Laptops,Dell Inspiron 15,534.84,1,0,0.0,15.31,534.84,375.48,159.36,Mobile App,PayPal,3,0
ORD-02851,2023-08-08,2023-08-10,2,CUST-1147,Consumer,West,Oregon,Home & Kitchen,Cookware,Cuisinart Knife Set,81.69,1,5,4.08,15.4,77.61,48.7,28.91,In-Store,Debit Card,3,0
ORD-02852,2024-09-30,2024-10-07,7,CUST-1621,Corporate,West,Oregon,Clothing,Footwear,Nike Air Max 90,129.86,5,5,32.47,12.59,616.83,89.09,171.38,Online,Gift Card,4,0
ORD-02853,2023-09-19,2023-09-21,2,CUST-2385,Consumer,Southeast,North Carolina,Sports & Outdoors,Cycling,Bell Helmet,47.72,4,0,0.0,0.0,190.88,34.93,51.16,Mobile App,Credit Card,4,0
ORD-02854,2024-01-08,2024-01-10,2,CUST-1522,Consumer,Northeast,New York,Sports & Outdoors,Team Sports,Rawlings Baseball Glove,50.27,1,0,0.0,0.0,50.27,36.81,13.46,Mobile App,Debit Card,4,0
ORD-02855,2023-04-27,2023-05-01,4,CUST-1510,Consumer,Southeast,North Carolina,Clothing,Accessories,Ray-Ban Aviators,157.14,1,0,0.0,15.86,157.14,112.66,44.48,In-Store,Credit Card,5,1
ORD-02856,2024-10-16,2024-10-19,3,CUST-3304,Consumer,Southeast,Tennessee,Electronics,Smartphones,Samsung Galaxy A54,339.34,1,0,0.0,8.79,339.34,198.51,140.83,Mobile App,Credit Card,3,0
ORD-02857,2024-12-23,2024-12-27,4,CUST-2560,Small Business,Northeast,Pennsylvania,Sports & Outdoors,Fitness Equipment,Resistance Band Set,25.5,1,0,0.0,11.76,25.5,14.54,10.96,Mobile App,Apple Pay,4,0
ORD-02858,2023-01-07,2023-01-12,5,CUST-2788,Consumer,West,Washington,Home & Kitchen,Decor,Yankee Candle Set,34.05,1,10,3.4,15.67,30.65,22.97,7.68,In-Store,PayPal,1,1
ORD-02859,2024-05-22,2024-05-28,6,CUST-1341,Corporate,Southwest,Nevada,Office Supplies,Organizers,Pendaflex Folders,15.67,2,10,3.13,7.46,28.21,11.75,4.71,In-Store,Apple Pay,2,0
ORD-02860,2024-09-04,2024-09-06,2,CUST-2939,Small Business,West,California,Electronics,Smartphones,iPhone SE,429.75,1,0,0.0,12.92,429.75,314.82,114.93,Mobile App,Debit Card,3,0
ORD-02861,2023-02-05,2023-02-11,6,CUST-2659,Consumer,Northeast,Massachusetts,Office Supplies,Stationery,Sharpie Marker Set,17.52,5,5,4.38,15.78,83.22,12.91,18.67,Online,Apple Pay,2,0
ORD-02862,2023-12-30,2023-12-31,1,CUST-1839,Consumer,West,Oregon,Office Supplies,Printers,Brother Inkjet,148.53,1,10,14.85,19.97,133.68,92.49,41.19,Online,Apple Pay,3,0
ORD-02863,2024-11-27,2024-12-02,5,CUST-2047,Consumer,Midwest,Ohio,Sports & Outdoors,Cycling,Garmin Edge 530,303.88,1,10,30.39,15.95,273.49,227.28,46.21,In-Store,PayPal,4,0
ORD-02864,2023-06-14,2023-06-18,4,CUST-1440,Small Business,Northeast,Pennsylvania,Office Supplies,Printers,Brother Inkjet,147.67,1,0,0.0,13.65,147.67,106.91,40.76,Online,Credit Card,5,0
ORD-02865,2024-07-18,2024-07-19,1,CUST-1324,Consumer,Northeast,Pennsylvania,Electronics,Monitors,ASUS ProArt 27,433.63,2,15,130.09,11.03,737.17,265.99,205.19,Online,Credit Card,5,0
ORD-02866,2024-12-21,2024-12-24,3,CUST-1730,Consumer,Northeast,Pennsylvania,Clothing,Activewear,Reebok Sports Bra,34.69,1,0,0.0,21.06,34.69,19.58,15.11,In-Store,PayPal,4,0
ORD-02867,2023-10-20,2023-10-23,3,CUST-1760,Small Business,Southeast,Tennessee,Sports & Outdoors,Fitness Equipment,Peloton Bike Mat,62.72,1,0,0.0,10.52,62.72,40.19,22.53,In-Store,Apple Pay,4,0
ORD-02868,2024-04-08,2024-04-12,4,CUST-3479,Small Business,West,Colorado,Office Supplies,Paper Products,HP Printer Paper 5-Ream,30.14,2,5,3.01,24.58,57.27,17.57,22.13,Online,Debit Card,5,0
ORD-02869,2024-05-14,2024-05-20,6,CUST-1224,Consumer,Northeast,New York,Office Supplies,Stationery,Staedtler Pencil Set,10.16,2,10,2.03,21.61,18.29,6.32,5.65,Online,Apple Pay,2,0
ORD-02870,2023-05-19,2023-05-23,4,CUST-1353,Corporate,Midwest,Michigan,Clothing,Women's Apparel,Lululemon Tank,67.25,2,0,0.0,14.34,134.5,41.14,52.22,Mobile App,Debit Card,5,0
ORD-02871,2024-05-19,2024-05-26,7,CUST-1966,Consumer,Northeast,New York,Home & Kitchen,Appliances,Instant Pot Duo 7-in-1,93.81,1,0,0.0,16.5,93.81,55.09,38.72,Online,PayPal,5,0
ORD-02872,2023-03-13,2023-03-17,4,CUST-3428,Consumer,Southwest,Oklahoma,Electronics,Monitors,Dell 24-inch FHD,209.73,2,10,41.95,8.15,377.51,146.83,83.85,In-Store,PayPal,3,0
ORD-02873,2024-09-21,2024-09-25,4,CUST-1801,Consumer,Northeast,New Jersey,Home & Kitchen,Storage,Container Store Bins,24.69,1,5,1.23,19.18,23.46,15.27,8.19,In-Store,PayPal,4,0
ORD-02874,2023-12-03,2023-12-09,6,CUST-1867,Consumer,Southwest,Oklahoma,Clothing,Women's Apparel,North Face Fleece,96.38,3,0,0.0,11.17,289.14,59.28,111.3,Online,Gift Card,3,0
ORD-02875,2024-12-30,2025-01-05,6,CUST-1312,Consumer,West,Oregon,Sports & Outdoors,Running,Garmin Forerunner 55,194.41,2,25,97.2,14.91,291.62,113.78,64.06,Online,Apple Pay,2,0
ORD-02876,2023-11-28,2023-12-04,6,CUST-1067,Consumer,Northeast,Pennsylvania,Sports & Outdoors,Team Sports,Wilson Basketball,31.16,1,20,6.23,7.82,24.93,17.23,7.7,Online,PayPal,3,0
ORD-02877,2024-11-22,2024-11-25,3,CUST-2970,Small Business,Southeast,Tennessee,Sports & Outdoors,Camping Gear,Yeti Cooler,260.8,4,0,0.0,22.46,1043.2,181.54,317.04,In-Store,Debit Card,3,0
ORD-02878,2024-09-17,2024-09-24,7,CUST-3297,Consumer,Southwest,Nevada,Home & Kitchen,Decor,Yankee Candle Set,34.59,2,20,13.84,5.09,55.34,22.58,10.18,Online,Debit Card,1,1
ORD-02879,2024-07-17,2024-07-24,7,CUST-2730,Corporate,Southwest,Texas,Sports & Outdoors,Fitness Equipment,Bowflex Dumbbells,362.62,2,5,36.26,6.4,688.98,208.19,272.6,In-Store,Gift Card,2,0
ORD-02880,2023-05-07,2023-05-09,2,CUST-1293,Small Business,Southwest,Texas,Clothing,Activewear,Puma Track Pants,50.95,2,0,0.0,15.3,101.9,32.08,37.74,Mobile App,Apple Pay,4,0
ORD-02881,2023-11-11,2023-11-15,4,CUST-1177,Consumer,West,Arizona,Sports & Outdoors,Running,Brooks Ghost 15,135.37,2,5,13.54,11.74,257.2,98.29,60.62,In-Store,Gift Card,4,0
ORD-02882,2024-03-09,2024-03-10,1,CUST-1569,Consumer,Midwest,Ohio,Electronics,Smartphones,iPhone SE,440.17,2,25,220.09,19.68,660.25,314.12,32.01,Online,Debit Card,3,0
ORD-02883,2023-08-28,2023-09-01,4,CUST-1614,Consumer,West,Oregon,Office Supplies,Printers,Epson EcoTank,203.73,3,0,0.0,24.04,611.19,136.2,202.59,Online,Debit Card,3,0
ORD-02884,2023-08-16,2023-08-22,6,CUST-1644,Corporate,Northeast,Massachusetts,Office Supplies,Printers,HP LaserJet Pro,292.22,1,0,0.0,14.93,292.22,205.4,86.82,In-Store,Gift Card,4,0
ORD-02885,2024-03-25,2024-04-01,7,CUST-3084,Small Business,Midwest,Indiana,Sports & Outdoors,Running,Nathan Hydration Vest,66.54,3,0,0.0,7.59,199.62,43.93,67.83,Online,Apple Pay,2,0
ORD-02886,2024-01-21,2024-01-27,6,CUST-1578,Corporate,Southeast,North Carolina,Clothing,Men's Apparel,Nike Dri-FIT Tee,35.09,1,0,0.0,21.88,35.09,21.47,13.62,Online,Credit Card,3,0
ORD-02887,2023-02-21,2023-02-24,3,CUST-2794,Corporate,Northeast,Massachusetts,Office Supplies,Desks & Chairs,Autonomous SmartDesk,450.79,1,15,67.62,16.69,383.17,269.36,113.81,Mobile App,Gift Card,2,1
ORD-02888,2024-08-28,2024-08-31,3,CUST-3419,Small Business,Southeast,Georgia,Electronics,Tablets,iPad 10th Gen,440.07,5,15,330.05,0.0,1870.3,326.49,237.85,Online,Debit Card,4,0
ORD-02889,2023-06-20,2023-06-24,4,CUST-1238,Small Business,Midwest,Illinois,Clothing,Activewear,Puma Track Pants,51.3,5,10,25.65,6.72,230.85,29.36,84.05,In-Store,Apple Pay,5,0
ORD-02890,2024-06-16,2024-06-22,6,CUST-1717,Consumer,West,Oregon,Electronics,Headphones,Sony WH-1000XM5,290.86,1,5,14.54,11.39,276.32,160.78,115.54,In-Store,Debit Card,3,0
ORD-02891,2024-02-29,2024-03-07,7,CUST-2684,Consumer,West,Oregon,Office Supplies,Printers,HP LaserJet Pro,312.92,2,0,0.0,11.99,625.84,221.93,181.98,Online,Gift Card,1,1
ORD-02892,2023-10-17,2023-10-18,1,CUST-3135,Small Business,West,Oregon,Sports & Outdoors,Running,Nathan Hydration Vest,72.25,1,5,3.61,6.16,68.64,42.2,26.44,Mobile App,Gift Card,4,0
ORD-02893,2024-11-21,2024-11-28,7,CUST-2626,Consumer,West,California,Office Supplies,Printers,Epson EcoTank,208.88,1,0,0.0,7.62,208.88,118.8,90.08,In-Store,PayPal,3,0
ORD-02894,2024-06-05,2024-06-06,1,CUST-3388,Corporate,Northeast,Massachusetts,Electronics,Laptops,HP Pavilion x360,651.98,5,5,163.0,9.55,3096.9,448.99,851.95,Online,Apple Pay,1,0
ORD-02895,2023-07-04,2023-07-09,5,CUST-2817,Small Business,Southeast,Tennessee,Office Supplies,Printers,Brother Inkjet,149.39,2,10,29.88,0.0,268.9,84.84,99.22,Online,Debit Card,2,1
ORD-02896,2023-02-16,2023-02-17,1,CUST-1378,Corporate,Southeast,Florida,Electronics,Tablets,Samsung Galaxy Tab S6,334.18,1,0,0.0,8.28,334.18,185.85,148.33,Online,PayPal,5,0
ORD-02897,2023-11-05,2023-11-10,5,CUST-2719,Corporate,Northeast,Pennsylvania,Home & Kitchen,Decor,Wall Art Canvas,58.77,1,10,5.88,9.41,52.89,41.68,11.21,Mobile App,Credit Card,5,0
ORD-02898,2024-06-22,2024-06-23,1,CUST-1017,Consumer,West,Arizona,Clothing,Women's Apparel,Lululemon Tank,65.31,1,0,0.0,8.95,65.31,40.68,24.63,Online,Apple Pay,5,0
ORD-02899,2024-02-01,2024-02-07,6,CUST-3143,Small Business,West,California,Sports & Outdoors,Running,Nathan Hydration Vest,68.67,2,15,20.6,7.7,116.74,47.25,22.24,Mobile App,Gift Card,3,0
ORD-02900,2023-03-14,2023-03-17,3,CUST-1339,Small Business,Midwest,Wisconsin,Sports & Outdoors,Team Sports,Adidas Soccer Ball,24.44,2,0,0.0,0.0,48.88,17.83,13.22,Online,PayPal,4,0
ORD-02901,2023-08-16,2023-08-22,6,CUST-1793,Small Business,West,Colorado,Clothing,Accessories,Ray-Ban Aviators,153.18,1,25,38.3,10.44,114.88,84.48,30.4,Mobile App,Apple Pay,4,0
ORD-02902,2023-03-11,2023-03-13,2,CUST-2416,Corporate,Southwest,Texas,Electronics,Headphones,Sony WH-1000XM5,314.65,2,5,31.46,21.35,597.84,206.22,185.4,Online,PayPal,5,0
ORD-02903,2024-06-09,2024-06-13,4,CUST-1413,Small Business,Southwest,Texas,Home & Kitchen,Decor,Pottery Barn Throw Pillow,50.96,3,20,30.58,8.17,122.3,28.93,35.51,Online,Apple Pay,5,0
ORD-02904,2024-11-27,2024-11-28,1,CUST-2382,Consumer,Southeast,Virginia,Sports & Outdoors,Fitness Equipment,Peloton Bike Mat,57.66,1,15,8.65,0.0,49.01,32.67,16.34,Mobile App,Gift Card,5,0
ORD-02905,2024-10-03,2024-10-09,6,CUST-1973,Consumer,Midwest,Wisconsin,Clothing,Footwear,New Balance 574,92.76,1,10,9.28,8.64,83.48,65.93,17.55,Mobile App,Apple Pay,3,0
ORD-02906,2023-07-12,2023-07-17,5,CUST-1594,Consumer,Southeast,Tennessee,Office Supplies,Printers,Epson EcoTank,191.3,1,5,9.56,18.81,181.74,121.71,60.03,In-Store,Credit Card,4,0
ORD-02907,2023-06-14,2023-06-19,5,CUST-1194,Small Business,Midwest,Indiana,Office Supplies,Printers,HP LaserJet Pro,305.72,1,15,45.86,9.37,259.86,168.35,91.51,In-Store,Credit Card,3,0
ORD-02908,2023-09-11,2023-09-14,3,CUST-2441,Consumer,Southeast,Virginia,Home & Kitchen,Storage,ClosetMaid Organizer,71.08,3,20,42.65,0.0,170.59,48.5,25.09,Online,PayPal,4,0
ORD-02909,2024-04-05,2024-04-09,4,CUST-1456,Corporate,Midwest,Illinois,Office Supplies,Desks & Chairs,FlexiSpot Standing Desk,386.91,1,0,0.0,5.13,386.91,248.47,138.44,Online,Credit Card,5,0
ORD-02910,2024-06-12,2024-06-18,6,CUST-2874,Small Business,West,Arizona,Sports & Outdoors,Cycling,Garmin Edge 530,288.98,3,0,0.0,6.58,866.94,192.85,288.39,Online,Apple Pay,4,0
ORD-02911,2023-11-22,2023-11-27,5,CUST-1671,Consumer,Southeast,Tennessee,Home & Kitchen,Appliances,Dyson V15 Vacuum,673.04,1,0,0.0,14.23,673.04,465.38,207.66,In-Store,PayPal,1,0
ORD-02912,2024-03-31,2024-04-04,4,CUST-3198,Consumer,West,Colorado,Electronics,Tablets,iPad 10th Gen,448.75,3,15,201.94,0.0,1144.31,330.46,152.93,Online,Gift Card,2,1
ORD-02913,2024-06-29,2024-07-04,5,CUST-1330,Consumer,Midwest,Indiana,Sports & Outdoors,Team Sports,Rawlings Baseball Glove,48.0,2,15,14.4,0.0,81.6,34.92,11.76,Online,Apple Pay,5,0
ORD-02914,2023-11-02,2023-11-09,7,CUST-3182,Small Business,Northeast,New Jersey,Home & Kitchen,Storage,Sterilite Cart,38.84,3,15,17.48,15.91,99.04,29.01,12.01,Mobile App,PayPal,1,0
ORD-02915,2024-03-23,2024-03-29,6,CUST-3048,Consumer,West,Washington,Home & Kitchen,Decor,Pottery Barn Throw Pillow,49.9,1,10,4.99,0.0,44.91,29.71,15.2,In-Store,PayPal,4,0
ORD-02916,2023-10-18,2023-10-22,4,CUST-3319,Consumer,West,Washington,Clothing,Men's Apparel,Columbia Jacket,93.73,4,0,0.0,12.73,374.92,57.59,144.56,Online,Debit Card,2,1
ORD-02917,2023-01-04,2023-01-07,3,CUST-1162,Consumer,Midwest,Illinois,Office Supplies,Organizers,Pendaflex Folders,15.43,4,10,6.17,21.47,55.55,11.02,11.47,Online,Apple Pay,1,0
ORD-02918,2023-08-09,2023-08-11,2,CUST-1095,Consumer,West,Oregon,Sports & Outdoors,Camping Gear,Yeti Cooler,239.21,1,5,11.96,16.89,227.25,178.42,48.83,In-Store,Gift Card,5,0
ORD-02919,2023-01-25,2023-01-28,3,CUST-1767,Small Business,West,Oregon,Home & Kitchen,Cookware,Lodge Cast Iron Skillet,30.99,1,15,4.65,23.89,26.34,19.41,6.93,In-Store,Apple Pay,3,0
ORD-02920,2023-01-23,2023-01-24,1,CUST-2869,Corporate,Northeast,Connecticut,Home & Kitchen,Storage,Sterilite Cart,38.84,1,20,7.77,14.18,31.07,26.8,4.27,In-Store,Apple Pay,5,0
ORD-02921,2023-07-09,2023-07-12,3,CUST-3233,Consumer,Northeast,New Jersey,Clothing,Footwear,New Balance 574,92.47,5,0,0.0,23.46,462.35,55.06,187.05,Online,PayPal,5,0
ORD-02922,2023-11-29,2023-12-03,4,CUST-2387,Consumer,Northeast,New York,Home & Kitchen,Storage,ClosetMaid Organizer,70.42,1,10,7.04,5.7,63.38,45.89,17.49,Online,PayPal,4,0
ORD-02923,2024-11-23,2024-11-29,6,CUST-2416,Corporate,Midwest,Indiana,Home & Kitchen,Cookware,Lodge Cast Iron Skillet,29.32,3,10,8.8,12.71,79.16,18.76,22.88,Online,Gift Card,5,0
ORD-02924,2023-05-28,2023-05-31,3,CUST-2669,Small Business,Northeast,Massachusetts,Sports & Outdoors,Camping Gear,Yeti Cooler,249.5,1,10,24.95,17.53,224.55,156.85,67.7,Online,Apple Pay,4,0
ORD-02925,2023-07-21,2023-07-28,7,CUST-3070,Consumer,Midwest,Illinois,Electronics,Smartphones,Samsung Galaxy A54,359.65,2,5,35.97,14.94,683.33,269.7,143.93,In-Store,Credit Card,4,0
ORD-02926,2024-06-18,2024-06-22,4,CUST-2353,Small Business,Midwest,Indiana,Home & Kitchen,Appliances,Instant Pot Duo 7-in-1,91.47,1,10,9.15,24.35,82.32,65.7,16.62,Online,Apple Pay,3,0
ORD-02927,2023-04-05,2023-04-07,2,CUST-2761,Consumer,Midwest,Indiana,Home & Kitchen,Furniture,Wayfair Sofa,489.64,1,0,0.0,19.24,489.64,276.33,213.31,In-Store,Apple Pay,4,0
ORD-02928,2024-11-07,2024-11-09,2,CUST-2371,Consumer,Southeast,Florida,Home & Kitchen,Decor,Yankee Candle Set,33.6,3,15,15.12,11.99,85.68,18.57,29.97,In-Store,Credit Card,5,0
ORD-02929,2024-01-14,2024-01-20,6,CUST-1801,Corporate,West,Washington,Clothing,Accessories,Fossil Watch,136.42,1,0,0.0,8.07,136.42,101.14,35.28,Mobile App,Apple Pay,3,1
ORD-02930,2023-11-21,2023-11-22,1,CUST-3185,Consumer,Midwest,Ohio,Electronics,Smartphones,Samsung Galaxy A54,336.84,3,5,50.53,0.0,959.99,199.7,360.89,Online,PayPal,4,0
ORD-02931,2023-09-18,2023-09-23,5,CUST-1987,Consumer,Southeast,North Carolina,Home & Kitchen,Cookware,Cuisinart Knife Set,81.48,2,0,0.0,9.57,162.96,48.34,66.28,Online,Credit Card,3,0
ORD-02932,2024-03-01,2024-03-05,4,CUST-2371,Corporate,Southeast,North Carolina,Office Supplies,Organizers,Bankers Box Set,23.77,1,5,1.19,21.25,22.58,14.36,8.22,Online,Apple Pay,5,0
ORD-02933,2024-03-13,2024-03-18,5,CUST-3349,Corporate,Northeast,New York,Clothing,Accessories,Ray-Ban Aviators,156.77,2,0,0.0,11.94,313.54,112.85,87.84,Mobile App,Gift Card,1,0
ORD-02934,2023-11-01,2023-11-05,4,CUST-1993,Consumer,Northeast,New York,Sports & Outdoors,Camping Gear,Yeti Cooler,245.78,1,10,24.58,16.8,221.2,179.21,41.99,Online,PayPal,3,1
ORD-02935,2023-03-26,2023-03-27,1,CUST-1303,Consumer,Northeast,Massachusetts,Home & Kitchen,Appliances,Dyson V15 Vacuum,628.72,4,10,251.49,16.33,2263.39,384.24,726.43,In-Store,Credit Card,4,0
ORD-02936,2023-12-16,2023-12-18,2,CUST-2851,Consumer,Southwest,Utah,Home & Kitchen,Furniture,IKEA Kallax Shelf,88.41,1,0,0.0,18.37,88.41,63.48,24.93,Mobile App,Credit Card,5,0
ORD-02937,2024-05-25,2024-05-29,4,CUST-3178,Consumer,Southeast,Florida,Office Supplies,Desks & Chairs,Autonomous SmartDesk,460.13,1,0,0.0,20.19,460.13,255.52,204.61,In-Store,Debit Card,4,1
ORD-02938,2023-11-14,2023-11-18,4,CUST-3244,Small Business,Southwest,New Mexico,Electronics,Laptops,Dell Inspiron 15,552.45,1,25,138.11,10.14,414.34,377.21,37.13,In-Store,Apple Pay,3,0
ORD-02939,2023-12-18,2023-12-20,2,CUST-3053,Small Business,Northeast,Connecticut,Home & Kitchen,Cookware,All-Clad Pan Set,241.2,5,5,60.3,0.0,1145.7,145.75,416.95,In-Store,Debit Card,3,1
ORD-02940,2024-05-28,2024-06-01,4,CUST-1763,Consumer,Midwest,Ohio,Office Supplies,Paper Products,Moleskine Notebook,14.42,1,5,0.72,20.36,13.7,8.25,5.45,Online,Credit Card,4,0
ORD-02941,2023-11-04,2023-11-11,7,CUST-1169,Small Business,West,Oregon,Home & Kitchen,Decor,Yankee Candle Set,33.48,2,25,16.74,0.0,50.22,19.96,10.3,Mobile App,Gift Card,4,0
ORD-02942,2023-05-14,2023-05-17,3,CUST-2418,Corporate,Southeast,Virginia,Home & Kitchen,Cookware,All-Clad Pan Set,243.26,2,5,24.33,15.56,462.19,179.8,102.59,In-Store,Credit Card,5,0
ORD-02943,2024-07-22,2024-07-23,1,CUST-2797,Consumer,Midwest,Wisconsin,Sports & Outdoors,Camping Gear,Yeti Cooler,257.56,1,0,0.0,14.81,257.56,159.69,97.87,In-Store,Debit Card,2,0
ORD-02944,2023-06-16,2023-06-20,4,CUST-1479,Corporate,Southwest,Utah,Office Supplies,Desks & Chairs,Herman Miller Aeron,1356.38,1,25,339.1,11.14,1017.28,987.68,29.6,Online,PayPal,4,0
ORD-02945,2024-07-30,2024-07-31,1,CUST-1016,Small Business,West,Oregon,Clothing,Women's Apparel,Lululemon Tank,66.87,1,0,0.0,0.0,66.87,37.13,29.74,Mobile App,Gift Card,4,0
ORD-02946,2023-02-11,2023-02-15,4,CUST-2568,Consumer,Midwest,Ohio,Clothing,Women's Apparel,Adidas Yoga Pants,53.16,1,0,0.0,19.36,53.16,35.0,18.16,Mobile App,Gift Card,4,0
ORD-02947,2023-03-14,2023-03-20,6,CUST-2327,Consumer,West,California,Electronics,Laptops,HP Pavilion x360,615.09,1,5,30.75,16.3,584.34,395.6,188.74,Online,Apple Pay,2,0
ORD-02948,2023-03-01,2023-03-02,1,CUST-2393,Small Business,West,Arizona,Office Supplies,Organizers,AmazonBasics File Cabinet,85.84,1,5,4.29,7.41,81.55,55.19,26.36,Online,Credit Card,3,0
ORD-02949,2023-01-16,2023-01-20,4,CUST-3198,Consumer,Southeast,Georgia,Clothing,Accessories,Ray-Ban Aviators,157.58,4,10,63.03,6.75,567.29,113.28,114.17,In-Store,PayPal,4,0
ORD-02950,2024-03-01,2024-03-02,1,CUST-2816,Small Business,Southeast,Virginia,Home & Kitchen,Decor,Wall Art Canvas,57.99,3,0,0.0,0.0,173.97,37.75,60.72,Mobile App,Credit Card,3,0
ORD-02951,2023-09-27,2023-09-30,3,CUST-2751,Small Business,Northeast,Massachusetts,Home & Kitchen,Decor,Wall Art Canvas,58.43,1,15,8.76,8.6,49.67,41.62,8.05,Mobile App,Gift Card,4,0
ORD-02952,2023-06-18,2023-06-22,4,CUST-1077,Consumer,Midwest,Ohio,Clothing,Women's Apparel,Lululemon Tank,66.48,1,0,0.0,14.23,66.48,42.82,23.66,Mobile App,Credit Card,4,0
ORD-02953,2023-12-26,2023-12-29,3,CUST-2592,Corporate,West,California,Office Supplies,Stationery,Pilot G2 Pen Pack,13.13,2,0,0.0,24.08,26.26,7.85,10.56,In-Store,PayPal,2,0
ORD-02954,2023-08-19,2023-08-20,1,CUST-3259,Consumer,Northeast,Pennsylvania,Home & Kitchen,Cookware,All-Clad Pan Set,250.07,2,10,50.01,14.21,450.13,156.07,137.99,Mobile App,Gift Card,5,0
ORD-02955,2023-05-20,2023-05-22,2,CUST-2221,Consumer,Southwest,Nevada,Electronics,Monitors,Dell 24-inch FHD,208.65,1,5,10.43,0.0,198.22,128.1,70.12,In-Store,Gift Card,3,1
ORD-02956,2023-04-22,2023-04-26,4,CUST-2995,Small Business,Midwest,Michigan,Clothing,Activewear,Under Armour Shorts,39.11,1,5,1.96,0.0,37.15,24.04,13.11,Mobile App,Apple Pay,3,0
ORD-02957,2024-11-07,2024-11-08,1,CUST-2916,Corporate,Northeast,Pennsylvania,Clothing,Accessories,Ray-Ban Aviators,165.21,1,15,24.78,16.54,140.43,106.94,33.49,In-Store,Apple Pay,4,0
ORD-02958,2023-11-18,2023-11-23,5,CUST-3277,Consumer,West,Arizona,Office Supplies,Organizers,Pendaflex Folders,14.69,1,10,1.47,12.75,13.22,9.56,3.66,Mobile App,Credit Card,1,1
ORD-02959,2023-07-11,2023-07-14,3,CUST-3368,Consumer,Midwest,Ohio,Electronics,Laptops,HP Pavilion x360,612.31,1,5,30.62,16.69,581.69,405.61,176.08,Online,Apple Pay,3,1
ORD-02960,2023-05-18,2023-05-21,3,CUST-1694,Corporate,Midwest,Wisconsin,Sports & Outdoors,Team Sports,Wilson Basketball,30.47,2,5,3.05,13.63,57.89,18.71,20.47,Mobile App,Gift Card,5,0
ORD-02961,2023-06-26,2023-06-27,1,CUST-2006,Corporate,Northeast,Massachusetts,Office Supplies,Paper Products,Post-it Notes Bulk,19.47,3,5,2.92,11.98,55.49,10.75,23.24,In-Store,Apple Pay,3,0
ORD-02962,2023-09-18,2023-09-23,5,CUST-2854,Small Business,West,Arizona,Electronics,Laptops,Lenovo ThinkPad E15,734.26,2,15,220.28,23.42,1248.24,485.72,276.8,Mobile App,Apple Pay,4,0
ORD-02963,2024-03-29,2024-04-03,5,CUST-1384,Corporate,Midwest,Ohio,Home & Kitchen,Furniture,Wayfair Sofa,515.49,2,10,103.1,6.57,927.88,297.71,332.46,Online,Credit Card,4,0
ORD-02964,2023-05-03,2023-05-06,3,CUST-1023,Corporate,Northeast,Pennsylvania,Electronics,Smartphones,Samsung Galaxy A54,340.15,5,5,85.04,14.09,1615.71,191.58,657.81,Online,Credit Card,4,0
ORD-02965,2023-01-19,2023-01-26,7,CUST-2012,Consumer,West,California,Electronics,Laptops,Dell Inspiron 15,560.29,1,15,84.04,0.0,476.25,327.04,149.21,In-Store,Credit Card,1,1
ORD-02966,2024-10-19,2024-10-22,3,CUST-1309,Consumer,Midwest,Illinois,Home & Kitchen,Storage,Sterilite Cart,39.85,3,10,11.96,0.0,107.59,25.84,30.07,Online,Apple Pay,5,0
ORD-02967,2024-06-14,2024-06-18,4,CUST-3418,Corporate,West,Oregon,Sports & Outdoors,Team Sports,Rawlings Baseball Glove,50.93,4,5,10.19,9.12,193.53,33.57,59.25,Mobile App,Apple Pay,3,0
ORD-02968,2023-04-17,2023-04-19,2,CUST-3378,Consumer,Southeast,Virginia,Electronics,Monitors,LG 27-inch 4K,333.01,2,10,66.6,23.85,599.42,217.18,165.06,Mobile App,Apple Pay,4,0
ORD-02969,2024-01-23,2024-01-25,2,CUST-3057,Small Business,Midwest,Illinois,Clothing,Accessories,Fossil Watch,125.03,1,10,12.5,16.32,112.53,87.01,25.52,In-Store,Apple Pay,5,0
ORD-02970,2024-10-11,2024-10-16,5,CUST-3076,Consumer,Southeast,Virginia,Home & Kitchen,Decor,Yankee Candle Set,34.54,4,10,13.82,24.06,124.34,23.12,31.86,Mobile App,Apple Pay,3,0
ORD-02971,2023-01-17,2023-01-19,2,CUST-1719,Consumer,Northeast,Connecticut,Home & Kitchen,Furniture,West Elm Desk,339.22,3,5,50.88,9.69,966.78,236.16,258.3,In-Store,PayPal,4,0
ORD-02972,2024-03-20,2024-03-21,1,CUST-1860,Corporate,Southeast,Tennessee,Sports & Outdoors,Cycling,Bell Helmet,51.59,1,0,0.0,21.79,51.59,37.71,13.88,In-Store,Debit Card,2,0
ORD-02973,2023-05-19,2023-05-21,2,CUST-2366,Corporate,Northeast,New Jersey,Electronics,Tablets,Amazon Fire HD 10,151.25,3,10,45.38,22.74,408.37,107.35,86.32,Mobile App,Debit Card,5,0
ORD-02974,2024-05-26,2024-06-02,7,CUST-1340,Corporate,Southeast,Georgia,Electronics,Monitors,ASUS ProArt 27,437.89,2,5,43.79,19.5,831.99,279.25,273.49,In-Store,Credit Card,3,0
ORD-02975,2023-12-21,2023-12-24,3,CUST-2200,Consumer,Northeast,Pennsylvania,Home & Kitchen,Storage,Container Store Bins,25.97,2,5,2.6,24.42,49.34,16.64,16.06,In-Store,Credit Card,2,0
ORD-02976,2024-09-16,2024-09-19,3,CUST-1044,Small Business,Midwest,Michigan,Office Supplies,Stationery,Pilot G2 Pen Pack,13.42,1,5,0.67,24.39,12.75,10.0,2.75,Online,Apple Pay,5,0
ORD-02977,2024-06-01,2024-06-05,4,CUST-1029,Corporate,Midwest,Ohio,Office Supplies,Stationery,Pilot G2 Pen Pack,12.53,1,10,1.25,12.95,11.28,7.14,4.14,Online,Gift Card,2,0
ORD-02978,2023-10-02,2023-10-08,6,CUST-3386,Consumer,West,Arizona,Office Supplies,Organizers,Bankers Box Set,25.76,2,0,0.0,16.0,51.52,18.86,13.8,Mobile App,Credit Card,2,1
ORD-02979,2024-10-25,2024-10-29,4,CUST-2414,Consumer,Southeast,North Carolina,Electronics,Smartphones,iPhone SE,435.75,1,15,65.36,23.76,370.39,280.94,89.45,Mobile App,Credit Card,3,0
ORD-02980,2024-01-08,2024-01-13,5,CUST-2564,Corporate,Southeast,Florida,Clothing,Women's Apparel,Adidas Yoga Pants,55.47,4,0,0.0,11.02,221.88,35.11,81.44,Online,Apple Pay,2,1
ORD-02981,2023-07-24,2023-07-27,3,CUST-2888,Consumer,Northeast,Connecticut,Home & Kitchen,Storage,ClosetMaid Organizer,73.05,1,0,0.0,22.98,73.05,44.0,29.05,Mobile App,Gift Card,2,0
ORD-02982,2023-01-21,2023-01-24,3,CUST-3391,Consumer,West,Colorado,Office Supplies,Stationery,Staedtler Pencil Set,10.0,3,5,1.5,10.28,28.5,5.7,11.4,Mobile App,PayPal,4,0
ORD-02983,2023-03-08,2023-03-11,3,CUST-2054,Small Business,West,Oregon,Clothing,Footwear,Nike Air Max 90,126.04,2,10,25.21,21.66,226.87,78.17,70.53,Online,Debit Card,4,0
ORD-02984,2024-10-14,2024-10-18,4,CUST-3115,Small Business,West,Oregon,Electronics,Smartphones,Samsung Galaxy A54,333.7,4,0,0.0,22.3,1334.8,224.8,435.6,Mobile App,PayPal,5,0
ORD-02985,2023-09-29,2023-10-06,7,CUST-2601,Corporate,West,California,Office Supplies,Organizers,Bankers Box Set,23.78,2,0,0.0,24.87,47.56,13.31,20.94,Online,Debit Card,3,0
ORD-02986,2023-05-11,2023-05-17,6,CUST-1867,Corporate,Southeast,Georgia,Clothing,Activewear,Puma Track Pants,48.09,1,10,4.81,17.14,43.28,35.9,7.38,Online,Credit Card,1,1
ORD-02987,2023-01-03,2023-01-07,4,CUST-3347,Consumer,Southwest,Nevada,Clothing,Women's Apparel,North Face Fleece,104.23,1,0,0.0,12.27,104.23,70.99,33.24,In-Store,Apple Pay,3,0
ORD-02988,2024-03-23,2024-03-28,5,CUST-2012,Corporate,Northeast,Massachusetts,Electronics,Laptops,HP Pavilion x360,653.12,1,20,130.62,19.05,522.5,390.19,132.31,Online,PayPal,2,1
ORD-02989,2023-12-27,2024-01-02,6,CUST-1368,Consumer,West,Arizona,Sports & Outdoors,Camping Gear,REI Sleeping Bag,185.91,1,5,9.3,23.58,176.61,103.07,73.54,Online,PayPal,4,0
ORD-02990,2024-03-15,2024-03-19,4,CUST-2166,Consumer,Midwest,Wisconsin,Office Supplies,Organizers,Bankers Box Set,24.47,1,10,2.45,23.34,22.02,15.35,6.67,Online,Apple Pay,1,0
ORD-02991,2024-10-21,2024-10-28,7,CUST-2029,Consumer,West,Colorado,Clothing,Women's Apparel,North Face Fleece,104.57,1,20,20.91,8.99,83.66,62.79,20.87,In-Store,Gift Card,4,0
ORD-02992,2023-04-17,2023-04-21,4,CUST-1137,Consumer,Southeast,Georgia,Office Supplies,Stationery,Staedtler Pencil Set,9.5,1,0,0.0,6.8,9.5,5.72,3.78,Online,Credit Card,1,0
ORD-02993,2024-01-31,2024-02-03,3,CUST-3253,Consumer,West,Washington,Home & Kitchen,Appliances,Instant Pot Duo 7-in-1,87.9,2,10,17.58,20.09,158.22,63.04,32.14,In-Store,Gift Card,3,0
ORD-02994,2024-10-29,2024-11-02,4,CUST-1107,Consumer,West,Colorado,Sports & Outdoors,Cycling,Bell Helmet,51.41,1,10,5.14,5.54,46.27,35.92,10.35,Online,Credit Card,2,0
ORD-02995,2023-11-04,2023-11-08,4,CUST-1973,Consumer,West,Colorado,Electronics,Tablets,Amazon Fire HD 10,149.63,3,5,22.44,24.32,426.45,90.73,154.26,Online,Gift Card,5,0
ORD-02996,2023-01-06,2023-01-10,4,CUST-1700,Small Business,Southeast,Virginia,Office Supplies,Paper Products,Moleskine Notebook,15.52,1,25,3.88,0.0,11.64,10.12,1.52,In-Store,Gift Card,4,0
ORD-02997,2023-02-06,2023-02-12,6,CUST-3379,Consumer,Midwest,Ohio,Home & Kitchen,Appliances,Dyson V15 Vacuum,669.59,1,10,66.96,0.0,602.63,404.93,197.7,Online,Gift Card,1,0
ORD-02998,2023-05-14,2023-05-21,7,CUST-3099,Consumer,Midwest,Wisconsin,Electronics,Smartphones,iPhone SE,437.41,1,0,0.0,16.22,437.41,255.26,182.15,Online,Apple Pay,3,0
ORD-02999,2024-06-22,2024-06-23,1,CUST-3009,Consumer,Northeast,Massachusetts,Home & Kitchen,Appliances,Instant Pot Duo 7-in-1,87.09,1,0,0.0,0.0,87.09,50.87,36.22,Mobile App,Credit Card,1,0
ORD-03000,2023-04-19,2023-04-26,7,CUST-2466,Small Business,West,California,Sports & Outdoors,Team Sports,Adidas Soccer Ball,25.01,1,5,1.25,16.7,23.76,18.21,5.55,In-Store,Credit Card,3,0
ORD-03001,2023-03-28,2023-04-02,5,CUST-1255,Consumer,West,Washington,Office Supplies,Stationery,Sharpie Marker Set,17.11,5,0,0.0,18.78,85.55,11.54,27.85,Online,Apple Pay,1,1
ORD-03002,2023-08-29,2023-08-30,1,CUST-1834,Corporate,Southeast,Tennessee,Sports & Outdoors,Camping Gear,Yeti Cooler,254.32,1,0,0.0,0.0,254.32,173.6,80.72,Online,Apple Pay,4,0
ORD-03003,2023-10-03,2023-10-10,7,CUST-3436,Small Business,West,Washington,Office Supplies,Stationery,Staedtler Pencil Set,9.98,4,5,2.0,24.89,37.92,6.16,13.28,Online,Gift Card,3,0
ORD-03004,2023-11-28,2023-12-04,6,CUST-2430,Small Business,Northeast,Massachusetts,Home & Kitchen,Decor,Wall Art Canvas,57.26,3,5,8.59,6.66,163.19,42.77,34.88,In-Store,Debit Card,2,0
ORD-03005,2024-10-01,2024-10-06,5,CUST-2114,Consumer,Northeast,Connecticut,Clothing,Women's Apparel,Lululemon Tank,68.89,1,0,0.0,19.42,68.89,43.03,25.86,In-Store,Debit Card,4,0
ORD-03006,2024-11-13,2024-11-18,5,CUST-1605,Consumer,Southeast,Virginia,Electronics,Laptops,HP Pavilion x360,661.38,1,15,99.21,15.43,562.17,378.63,183.54,In-Store,PayPal,3,0
ORD-03007,2024-12-28,2025-01-04,7,CUST-1237,Consumer,Midwest,Michigan,Electronics,Headphones,Sony WH-1000XM5,297.68,1,10,29.77,6.75,267.91,196.39,71.52,In-Store,Credit Card,3,0
ORD-03008,2023-04-30,2023-05-05,5,CUST-1493,Consumer,West,California,Sports & Outdoors,Camping Gear,REI Sleeping Bag,175.88,1,0,0.0,10.3,175.88,102.32,73.56,Mobile App,Gift Card,3,0
ORD-03009,2024-10-19,2024-10-26,7,CUST-2050,Corporate,Midwest,Wisconsin,Home & Kitchen,Cookware,Lodge Cast Iron Skillet,29.53,5,10,14.77,16.15,132.88,21.39,25.93,Online,Debit Card,2,1
ORD-03010,2024-06-30,2024-07-03,3,CUST-1780,Corporate,Southwest,New Mexico,Electronics,Tablets,Amazon Fire HD 10,151.61,1,5,7.58,13.32,144.03,85.49,58.54,Online,Gift Card,4,0
ORD-03011,2023-03-29,2023-04-01,3,CUST-2763,Corporate,Southeast,Tennessee,Clothing,Accessories,Fossil Watch,134.36,1,15,20.15,0.0,114.21,80.28,33.93,Online,Gift Card,4,0
ORD-03012,2023-10-12,2023-10-19,7,CUST-2566,Consumer,Northeast,New York,Electronics,Headphones,AirPods Pro 2,248.53,1,10,24.85,0.0,223.68,155.37,68.31,Mobile App,Debit Card,4,0
ORD-03013,2023-12-03,2023-12-07,4,CUST-2047,Corporate,Southeast,Tennessee,Home & Kitchen,Cookware,All-Clad Pan Set,252.34,1,5,12.62,21.83,239.72,143.08,96.64,Online,PayPal,5,1
ORD-03014,2024-04-18,2024-04-25,7,CUST-1892,Small Business,Southwest,Texas,Clothing,Accessories,Coach Wallet,76.05,2,10,15.21,19.82,136.89,51.38,34.13,Online,Debit Card,2,0
ORD-03015,2023-01-24,2023-01-25,1,CUST-2801,Corporate,Southeast,Tennessee,Electronics,Headphones,Bose QC45,286.1,1,0,0.0,15.88,286.1,176.07,110.03,In-Store,Gift Card,4,0
ORD-03016,2024-04-19,2024-04-25,6,CUST-2413,Consumer,Southeast,North Carolina,Electronics,Monitors,LG 27-inch 4K,341.8,1,5,17.09,13.68,324.71,196.66,128.05,Mobile App,PayPal,4,0
ORD-03017,2024-09-14,2024-09-20,6,CUST-1073,Consumer,Southeast,Virginia,Home & Kitchen,Decor,Pottery Barn Throw Pillow,51.86,1,0,0.0,13.8,51.86,34.18,17.68,Mobile App,Gift Card,2,0
ORD-03018,2023-03-10,2023-03-13,3,CUST-2870,Consumer,Southwest,Oklahoma,Electronics,Monitors,LG 27-inch 4K,343.01,1,20,68.6,17.97,274.41,247.38,27.03,Online,PayPal,3,0
ORD-03019,2023-08-11,2023-08-18,7,CUST-1037,Small Business,West,California,Sports & Outdoors,Running,Garmin Forerunner 55,204.02,2,5,20.4,8.62,387.64,146.77,94.1,Online,PayPal,3,0
ORD-03020,2024-02-19,2024-02-21,2,CUST-1421,Corporate,Southwest,Oklahoma,Office Supplies,Desks & Chairs,Autonomous SmartDesk,461.56,5,0,0.0,9.67,2307.8,327.31,671.25,Online,Gift Card,4,0
ORD-03021,2024-08-05,2024-08-06,1,CUST-2375,Small Business,Northeast,New Jersey,Sports & Outdoors,Fitness Equipment,Peloton Bike Mat,62.44,1,0,0.0,23.06,62.44,42.41,20.03,Online,Apple Pay,3,0
ORD-03022,2024-06-01,2024-06-02,1,CUST-1543,Small Business,Northeast,New Jersey,Clothing,Accessories,Ray-Ban Aviators,156.15,1,10,15.62,21.9,140.53,90.15,50.38,Online,Gift Card,4,0
ORD-03023,2024-10-21,2024-10-27,6,CUST-2524,Corporate,Midwest,Illinois,Electronics,Smartphones,iPhone SE,410.34,3,10,123.1,12.97,1107.92,293.8,226.52,Online,Credit Card,3,0
ORD-03024,2023-08-14,2023-08-18,4,CUST-1969,Corporate,Northeast,New York,Home & Kitchen,Decor,Yankee Candle Set,36.22,2,0,0.0,19.76,72.44,21.21,30.02,Online,Gift Card,3,0
ORD-03025,2023-09-01,2023-09-08,7,CUST-1659,Consumer,Southeast,Tennessee,Clothing,Men's Apparel,Nike Dri-FIT Tee,36.51,1,10,3.65,15.41,32.86,23.11,9.75,Online,Gift Card,2,1
ORD-03026,2023-04-09,2023-04-16,7,CUST-2506,Consumer,Southeast,Tennessee,Office Supplies,Desks & Chairs,Herman Miller Aeron,1348.0,1,5,67.4,22.95,1280.6,763.96,516.64,Online,Credit Card,4,0
ORD-03027,2023-04-13,2023-04-16,3,CUST-2789,Corporate,Northeast,Massachusetts,Office Supplies,Paper Products,Moleskine Notebook,15.22,1,0,0.0,16.85,15.22,9.8,5.42,Online,PayPal,4,0
ORD-03028,2024-02-02,2024-02-04,2,CUST-2820,Consumer,Southwest,Nevada,Clothing,Footwear,Nike Air Max 90,124.82,1,15,18.72,0.0,106.1,71.72,34.38,Online,Apple Pay,5,0
ORD-03029,2023-12-15,2023-12-16,1,CUST-1788,Consumer,Southwest,Utah,Clothing,Women's Apparel,Adidas Yoga Pants,53.85,1,0,0.0,24.18,53.85,31.54,22.31,Online,Debit Card,5,0
ORD-03030,2024-12-11,2024-12-16,5,CUST-3369,Corporate,Northeast,Massachusetts,Office Supplies,Organizers,AmazonBasics File Cabinet,86.08,2,0,0.0,0.0,172.16,48.53,75.1,Online,Credit Card,4,1
ORD-03031,2023-08-06,2023-08-13,7,CUST-1469,Small Business,West,Colorado,Sports & Outdoors,Running,Nathan Hydration Vest,73.15,1,0,0.0,0.0,73.15,50.45,22.7,Online,Debit Card,1,0
ORD-03032,2023-02-01,2023-02-05,4,CUST-2467,Consumer,Southwest,Oklahoma,Sports & Outdoors,Fitness Equipment,Bowflex Dumbbells,364.81,3,0,0.0,12.73,1094.43,223.36,424.35,In-Store,PayPal,2,0
ORD-03033,2023-08-04,2023-08-11,7,CUST-1091,Consumer,Southeast,Georgia,Clothing,Accessories,Coach Wallet,80.58,3,0,0.0,8.32,241.74,47.26,99.96,Online,Gift Card,3,0
ORD-03034,2024-05-18,2024-05-20,2,CUST-2210,Consumer,West,Colorado,Office Supplies,Stationery,Sharpie Marker Set,16.67,1,15,2.5,16.91,14.17,9.88,4.29,In-Store,Apple Pay,4,0
ORD-03035,2023-12-17,2023-12-22,5,CUST-2186,Consumer,Northeast,Pennsylvania,Office Supplies,Desks & Chairs,Autonomous SmartDesk,439.43,1,10,43.94,23.96,395.49,312.56,82.93,Online,PayPal,3,0
ORD-03036,2023-10-13,2023-10-16,3,CUST-3401,Consumer,Southeast,North Carolina,Office Supplies,Printers,Epson EcoTank,205.56,1,10,20.56,11.01,185.0,145.58,39.42,Online,Credit Card,4,0
ORD-03037,2023-04-06,2023-04-13,7,CUST-2321,Consumer,Northeast,Connecticut,Electronics,Headphones,Sony WH-1000XM5,287.55,1,15,43.13,13.8,244.42,171.63,72.79,Online,Debit Card,2,1
ORD-03038,2023-09-28,2023-10-04,6,CUST-1108,Consumer,Southeast,Georgia,Home & Kitchen,Storage,Container Store Bins,25.84,3,5,3.88,14.36,73.64,14.27,30.83,Mobile App,Gift Card,5,0
ORD-03039,2023-09-04,2023-09-05,1,CUST-1647,Consumer,West,Arizona,Clothing,Footwear,Adidas Ultraboost,183.85,2,0,0.0,9.23,367.7,113.75,140.2,Mobile App,Gift Card,5,0
ORD-03040,2024-06-13,2024-06-19,6,CUST-1354,Consumer,Southwest,Utah,Electronics,Monitors,ASUS ProArt 27,422.27,1,20,84.45,11.06,337.82,269.61,68.21,Mobile App,PayPal,1,0
ORD-03041,2023-09-29,2023-10-01,2,CUST-1504,Small Business,Southeast,Virginia,Office Supplies,Printers,Brother Inkjet,144.91,3,10,43.47,20.06,391.26,93.31,111.33,In-Store,Debit Card,4,0
ORD-03042,2023-11-09,2023-11-11,2,CUST-1512,Consumer,Southeast,North Carolina,Electronics,Tablets,Amazon Fire HD 10,152.24,2,0,0.0,19.98,304.48,85.85,132.78,In-Store,PayPal,3,0
ORD-03043,2024-11-02,2024-11-03,1,CUST-1759,Corporate,Northeast,Massachusetts,Office Supplies,Organizers,AmazonBasics File Cabinet,86.64,2,0,0.0,17.12,173.28,48.58,76.12,In-Store,Debit Card,1,0
ORD-03044,2023-06-05,2023-06-09,4,CUST-2674,Consumer,West,Washington,Home & Kitchen,Furniture,Wayfair Sofa,504.6,1,20,100.92,21.34,403.68,282.13,121.55,Mobile App,Gift Card,3,0
ORD-03045,2024-04-04,2024-04-10,6,CUST-1890,Consumer,Southeast,Florida,Electronics,Monitors,ASUS ProArt 27,438.19,1,0,0.0,8.7,438.19,266.74,171.45,Mobile App,Credit Card,4,0
ORD-03046,2024-01-08,2024-01-10,2,CUST-1093,Consumer,Southeast,Georgia,Electronics,Laptops,Dell Inspiron 15,577.26,1,0,0.0,13.58,577.26,367.33,209.93,In-Store,PayPal,5,0
ORD-03047,2023-08-04,2023-08-08,4,CUST-1666,Small Business,Midwest,Michigan,Office Supplies,Paper Products,HP Printer Paper 5-Ream,29.27,1,10,2.93,20.08,26.34,20.79,5.55,Online,PayPal,3,1
ORD-03048,2023-04-14,2023-04-19,5,CUST-3295,Corporate,Southeast,Tennessee,Home & Kitchen,Cookware,Cuisinart Knife Set,83.39,1,5,4.17,12.04,79.22,50.62,28.6,Mobile App,Credit Card,3,0
ORD-03049,2024-05-29,2024-06-02,4,CUST-2394,Corporate,Southeast,Tennessee,Office Supplies,Paper Products,Moleskine Notebook,15.04,1,10,1.5,19.23,13.54,11.18,2.36,In-Store,Credit Card,1,1
ORD-03050,2023-07-04,2023-07-11,7,CUST-1663,Small Business,Midwest,Michigan,Home & Kitchen,Appliances,Instant Pot Duo 7-in-1,92.21,1,10,9.22,22.35,82.99,58.56,24.43,Online,Debit Card,3,0
ORD-03051,2024-05-23,2024-05-24,1,CUST-2813,Consumer,Southwest,New Mexico,Electronics,Laptops,Lenovo ThinkPad E15,738.71,4,10,295.48,21.07,2659.36,433.36,925.92,Mobile App,Gift Card,5,0
ORD-03052,2024-04-30,2024-05-03,3,CUST-2157,Consumer,West,Arizona,Electronics,Laptops,HP Pavilion x360,657.61,2,10,131.52,0.0,1183.7,463.26,257.18,Mobile App,PayPal,4,0
ORD-03053,2024-10-10,2024-10-15,5,CUST-3498,Small Business,Northeast,New York,Home & Kitchen,Decor,Pottery Barn Throw Pillow,51.79,1,10,5.18,14.75,46.61,37.88,8.73,Mobile App,Credit Card,2,1
ORD-03054,2024-08-25,2024-08-31,6,CUST-3383,Corporate,West,Washington,Office Supplies,Desks & Chairs,FlexiSpot Standing Desk,383.12,1,10,38.31,15.46,344.81,258.88,85.93,Online,Apple Pay,3,0
ORD-03055,2023-11-14,2023-11-18,4,CUST-2146,Small Business,Midwest,Illinois,Home & Kitchen,Furniture,Wayfair Sofa,484.29,2,15,145.29,7.76,823.29,358.81,105.67,In-Store,PayPal,2,0
ORD-03056,2024-02-22,2024-02-28,6,CUST-1566,Small Business,West,Colorado,Office Supplies,Printers,Brother Inkjet,148.16,1,5,7.41,0.0,140.75,88.5,52.25,Online,Gift Card,2,1
ORD-03057,2023-11-15,2023-11-18,3,CUST-3280,Consumer,Southeast,Virginia,Office Supplies,Stationery,Sharpie Marker Set,16.83,1,0,0.0,9.07,16.83,10.09,6.74,Online,Credit Card,1,1
ORD-03058,2024-06-19,2024-06-26,7,CUST-1381,Consumer,Northeast,New York,Home & Kitchen,Storage,Sterilite Cart,38.2,3,0,0.0,0.0,114.6,21.7,49.5,Online,PayPal,3,0
ORD-03059,2023-11-17,2023-11-22,5,CUST-1102,Small Business,Midwest,Illinois,Office Supplies,Printers,HP LaserJet Pro,290.57,1,5,14.53,21.06,276.04,163.75,112.29,Online,Apple Pay,4,0
ORD-03060,2024-05-25,2024-05-27,2,CUST-1442,Corporate,Northeast,New Jersey,Sports & Outdoors,Team Sports,Rawlings Baseball Glove,51.15,3,5,7.67,11.59,145.78,32.32,48.82,In-Store,Credit Card,5,0
ORD-03061,2024-10-06,2024-10-08,2,CUST-3143,Corporate,Southeast,North Carolina,Sports & Outdoors,Running,Garmin Forerunner 55,207.23,2,0,0.0,16.42,414.46,134.03,146.4,Online,Debit Card,4,0
ORD-03062,2024-10-25,2024-10-28,3,CUST-1823,Consumer,Southeast,Florida,Office Supplies,Stationery,Staedtler Pencil Set,9.79,1,15,1.47,16.63,8.32,6.82,1.5,Mobile App,Debit Card,4,0
ORD-03063,2024-06-09,2024-06-11,2,CUST-2130,Consumer,West,Oregon,Sports & Outdoors,Team Sports,Rawlings Baseball Glove,49.01,1,0,0.0,14.0,49.01,26.97,22.04,Online,Apple Pay,4,0
ORD-03064,2024-09-24,2024-09-26,2,CUST-1529,Corporate,Southwest,Texas,Home & Kitchen,Decor,Wall Art Canvas,58.95,1,0,0.0,17.65,58.95,36.5,22.45,Online,Apple Pay,1,0
ORD-03065,2023-09-13,2023-09-18,5,CUST-3496,Consumer,West,Washington,Electronics,Laptops,Dell Inspiron 15,548.48,2,0,0.0,19.6,1096.96,302.6,491.76,Online,PayPal,3,0
ORD-03066,2023-05-31,2023-06-02,2,CUST-1923,Small Business,Northeast,New Jersey,Electronics,Smartphones,Google Pixel 7a,380.83,2,5,38.08,15.72,723.58,270.0,183.58,Mobile App,Debit Card,3,0
ORD-03067,2023-11-09,2023-11-12,3,CUST-1519,Corporate,Northeast,Connecticut,Electronics,Monitors,LG 27-inch 4K,355.85,2,20,142.34,17.95,569.36,213.82,141.72,In-Store,Debit Card,3,1
ORD-03068,2023-06-30,2023-07-05,5,CUST-2302,Consumer,Midwest,Michigan,Sports & Outdoors,Running,Brooks Ghost 15,134.13,2,10,26.83,0.0,241.43,87.41,66.61,Online,Credit Card,2,0
ORD-03069,2024-11-28,2024-12-03,5,CUST-1677,Corporate,Northeast,Pennsylvania,Home & Kitchen,Cookware,Cuisinart Knife Set,79.81,1,0,0.0,24.8,79.81,55.3,24.51,Mobile App,Apple Pay,4,0
ORD-03070,2023-06-29,2023-07-01,2,CUST-1206,Consumer,Midwest,Wisconsin,Sports & Outdoors,Camping Gear,Coleman Tent 4P,134.67,1,0,0.0,0.0,134.67,83.89,50.78,Mobile App,PayPal,5,0
ORD-03071,2023-02-23,2023-02-26,3,CUST-1383,Consumer,Southeast,Florida,Office Supplies,Paper Products,HP Printer Paper 5-Ream,29.22,2,5,2.92,14.65,55.52,18.61,18.3,Mobile App,Gift Card,4,0
ORD-03072,2023-11-21,2023-11-27,6,CUST-2878,Small Business,Northeast,New Jersey,Home & Kitchen,Appliances,Dyson V15 Vacuum,655.83,1,15,98.37,19.46,557.46,365.6,191.86,In-Store,Credit Card,2,0
ORD-03073,2024-01-24,2024-01-26,2,CUST-1654,Consumer,West,Arizona,Clothing,Accessories,Coach Wallet,81.93,4,0,0.0,17.63,327.72,59.83,88.4,Online,Gift Card,5,0
ORD-03074,2023-09-26,2023-09-30,4,CUST-2363,Corporate,Midwest,Indiana,Home & Kitchen,Decor,Pottery Barn Throw Pillow,51.98,3,10,15.59,0.0,140.35,33.23,40.66,Mobile App,Credit Card,2,0
ORD-03075,2024-12-11,2024-12-18,7,CUST-1509,Consumer,Southeast,North Carolina,Sports & Outdoors,Camping Gear,Yeti Cooler,248.82,1,20,49.76,18.82,199.06,151.96,47.1,In-Store,Credit Card,4,0
ORD-03076,2024-12-18,2024-12-24,6,CUST-1494,Small Business,Midwest,Wisconsin,Office Supplies,Desks & Chairs,Autonomous SmartDesk,440.38,1,0,0.0,9.37,440.38,308.38,132.0,In-Store,Credit Card,3,0
ORD-03077,2024-06-30,2024-07-07,7,CUST-2806,Consumer,Southeast,Florida,Home & Kitchen,Cookware,All-Clad Pan Set,252.92,1,15,37.94,9.59,214.98,148.93,66.05,Mobile App,PayPal,2,0
ORD-03078,2023-08-14,2023-08-19,5,CUST-1726,Consumer,Northeast,Massachusetts,Home & Kitchen,Furniture,Wayfair Sofa,517.9,2,5,51.79,20.41,984.01,378.95,226.11,In-Store,Gift Card,3,0
ORD-03079,2024-10-19,2024-10-23,4,CUST-2756,Corporate,Midwest,Indiana,Office Supplies,Desks & Chairs,FlexiSpot Standing Desk,369.93,2,20,147.97,21.87,591.89,262.75,66.39,Online,Credit Card,4,0
ORD-03080,2024-04-16,2024-04-17,1,CUST-2050,Consumer,Midwest,Ohio,Electronics,Smartphones,Google Pixel 7a,382.69,1,5,19.13,12.85,363.56,254.22,109.34,In-Store,Gift Card,5,0
ORD-03081,2023-10-07,2023-10-10,3,CUST-1190,Consumer,West,Arizona,Electronics,Laptops,Lenovo ThinkPad E15,738.22,1,0,0.0,24.43,738.22,504.78,233.44,Online,Credit Card,4,1
ORD-03082,2024-06-22,2024-06-24,2,CUST-1688,Small Business,Southeast,North Carolina,Office Supplies,Printers,HP LaserJet Pro,289.83,3,0,0.0,23.48,869.49,201.82,264.03,In-Store,PayPal,3,0
ORD-03083,2024-05-13,2024-05-15,2,CUST-2905,Consumer,West,Washington,Clothing,Men's Apparel,Levi's 501 Jeans,57.4,2,0,0.0,9.67,114.8,36.0,42.8,Online,PayPal,5,0
ORD-03084,2024-03-27,2024-03-31,4,CUST-1951,Corporate,Southeast,Tennessee,Office Supplies,Printers,Brother Inkjet,156.36,1,0,0.0,11.62,156.36,115.79,40.57,Online,Credit Card,4,0
ORD-03085,2023-09-23,2023-09-28,5,CUST-3445,Consumer,West,Arizona,Sports & Outdoors,Team Sports,Rawlings Baseball Glove,48.94,1,5,2.45,17.27,46.49,36.48,10.01,Online,Debit Card,2,0
ORD-03086,2023-01-03,2023-01-10,7,CUST-1289,Small Business,Southwest,Utah,Electronics,Laptops,Dell Inspiron 15,561.15,1,5,28.06,7.33,533.09,369.28,163.81,In-Store,Apple Pay,2,1
ORD-03087,2024-08-23,2024-08-27,4,CUST-2433,Consumer,Midwest,Illinois,Clothing,Women's Apparel,Adidas Yoga Pants,52.73,1,10,5.27,7.99,47.46,31.1,16.36,Mobile App,PayPal,5,0
ORD-03088,2023-10-18,2023-10-24,6,CUST-2605,Small Business,West,Colorado,Clothing,Accessories,Coach Wallet,82.68,4,10,33.07,21.32,297.65,50.27,96.57,In-Store,Credit Card,3,0
ORD-03089,2024-07-25,2024-08-01,7,CUST-3478,Consumer,Southeast,Tennessee,Office Supplies,Printers,HP LaserJet Pro,296.27,3,10,88.88,24.46,799.93,175.91,272.2,Online,Credit Card,4,0
ORD-03090,2023-07-29,2023-07-31,2,CUST-1307,Consumer,Southwest,Utah,Sports & Outdoors,Team Sports,Adidas Soccer Ball,24.18,2,10,4.84,6.64,43.52,18.05,7.42,Mobile App,Gift Card,4,0
ORD-03091,2023-02-04,2023-02-11,7,CUST-3216,Consumer,Northeast,Connecticut,Clothing,Women's Apparel,North Face Fleece,96.01,1,15,14.4,7.6,81.61,56.64,24.97,In-Store,Debit Card,3,0
ORD-03092,2023-07-08,2023-07-11,3,CUST-1482,Consumer,Southwest,Utah,Home & Kitchen,Furniture,West Elm Desk,344.91,4,15,206.95,0.0,1172.69,237.79,221.53,Online,Credit Card,4,0
ORD-03093,2023-06-07,2023-06-12,5,CUST-2434,Consumer,Southeast,Tennessee,Sports & Outdoors,Running,Garmin Forerunner 55,200.25,4,10,80.1,14.79,720.9,111.18,276.18,In-Store,Gift Card,2,1
ORD-03094,2023-03-24,2023-03-31,7,CUST-1628,Consumer,Northeast,Connecticut,Office Supplies,Printers,Epson EcoTank,192.02,1,10,19.2,16.26,172.82,128.48,44.34,Mobile App,PayPal,4,0
ORD-03095,2023-01-03,2023-01-07,4,CUST-1876,Corporate,Midwest,Michigan,Office Supplies,Stationery,Sharpie Marker Set,16.3,1,5,0.81,0.0,15.49,10.82,4.67,In-Store,PayPal,4,0
ORD-03096,2024-12-11,2024-12-18,7,CUST-2377,Consumer,Southwest,Texas,Electronics,Headphones,AirPods Pro 2,255.19,3,5,38.28,8.28,727.29,190.1,156.99,Mobile App,PayPal,1,1
ORD-03097,2024-09-23,2024-09-29,6,CUST-2352,Corporate,Northeast,New York,Clothing,Women's Apparel,Lululemon Tank,66.54,1,0,0.0,23.58,66.54,46.96,19.58,Online,Apple Pay,3,0
ORD-03098,2023-09-15,2023-09-19,4,CUST-1741,Consumer,West,Colorado,Sports & Outdoors,Camping Gear,Coleman Tent 4P,129.79,2,5,12.98,0.0,246.6,76.35,93.9,Online,Debit Card,4,0
ORD-03099,2024-02-19,2024-02-24,5,CUST-2170,Consumer,West,Arizona,Home & Kitchen,Furniture,West Elm Desk,366.07,2,15,109.82,7.71,622.32,234.94,152.44,Mobile App,Apple Pay,2,0
ORD-03100,2024-10-11,2024-10-17,6,CUST-2111,Corporate,Midwest,Michigan,Home & Kitchen,Cookware,Lodge Cast Iron Skillet,28.73,2,0,0.0,11.65,57.46,21.23,15.0,Mobile App,PayPal,3,0
ORD-03101,2024-08-07,2024-08-08,1,CUST-2663,Consumer,Northeast,New Jersey,Office Supplies,Paper Products,Post-it Notes Bulk,19.26,2,0,0.0,12.12,38.52,13.82,10.88,Online,PayPal,5,1
ORD-03102,2023-07-13,2023-07-15,2,CUST-2792,Corporate,Southeast,Georgia,Office Supplies,Desks & Chairs,Herman Miller Aeron,1239.32,2,5,123.93,21.92,2354.71,683.11,988.49,Online,Apple Pay,3,0
ORD-03103,2023-06-14,2023-06-20,6,CUST-3193,Consumer,Southeast,Florida,Electronics,Monitors,ASUS ProArt 27,417.13,3,0,0.0,10.01,1251.39,283.23,401.7,In-Store,Debit Card,3,0
ORD-03104,2024-12-29,2025-01-02,4,CUST-1429,Consumer,Southeast,North Carolina,Office Supplies,Printers,HP LaserJet Pro,304.99,4,10,122.0,21.77,1097.96,228.39,184.4,In-Store,Credit Card,4,0
ORD-03105,2024-08-11,2024-08-16,5,CUST-1095,Consumer,Midwest,Wisconsin,Office Supplies,Stationery,Sharpie Marker Set,16.47,2,10,3.29,14.04,29.65,9.65,10.35,Mobile App,Apple Pay,2,0
ORD-03106,2024-02-11,2024-02-17,6,CUST-1290,Consumer,Northeast,Pennsylvania,Home & Kitchen,Storage,Sterilite Cart,40.15,2,0,0.0,20.05,80.3,25.08,30.14,Online,Apple Pay,4,0
ORD-03107,2023-11-26,2023-12-01,5,CUST-3407,Consumer,Northeast,Connecticut,Electronics,Laptops,Lenovo ThinkPad E15,741.2,1,20,148.24,17.47,592.96,465.44,127.52,Online,PayPal,1,1
ORD-03108,2023-06-03,2023-06-04,1,CUST-1658,Corporate,Northeast,Massachusetts,Home & Kitchen,Cookware,Cuisinart Knife Set,81.74,1,0,0.0,23.51,81.74,57.55,24.19,Online,PayPal,4,0
ORD-03109,2023-09-02,2023-09-04,2,CUST-3054,Consumer,Southeast,North Carolina,Office Supplies,Paper Products,Moleskine Notebook,14.58,2,10,2.92,9.97,26.24,9.93,6.38,Online,PayPal,5,0
ORD-03110,2024-10-07,2024-10-08,1,CUST-2712,Small Business,Northeast,New York,Sports & Outdoors,Running,Garmin Forerunner 55,202.2,1,0,0.0,5.69,202.2,148.26,53.94,Online,Credit Card,1,0
ORD-03111,2024-02-13,2024-02-18,5,CUST-2695,Consumer,Southeast,Florida,Sports & Outdoors,Team Sports,Wilson Basketball,29.71,2,5,2.97,23.37,56.45,17.87,20.71,Mobile App,Debit Card,5,0
ORD-03112,2023-12-20,2023-12-22,2,CUST-2970,Consumer,West,Arizona,Home & Kitchen,Appliances,Keurig K-Slim,105.95,1,0,0.0,0.0,105.95,76.85,29.1,Online,Gift Card,5,0
ORD-03113,2023-03-16,2023-03-23,7,CUST-2796,Corporate,Southwest,Nevada,Sports & Outdoors,Running,Brooks Ghost 15,141.47,1,0,0.0,5.49,141.47,100.06,41.41,In-Store,Apple Pay,4,0
ORD-03114,2024-04-17,2024-04-20,3,CUST-1472,Corporate,West,Oregon,Home & Kitchen,Decor,Pottery Barn Throw Pillow,50.29,2,0,0.0,14.74,100.58,31.43,37.72,Online,Debit Card,2,0
ORD-03115,2023-11-23,2023-11-27,4,CUST-2672,Consumer,Northeast,Massachusetts,Sports & Outdoors,Running,Brooks Ghost 15,133.99,1,5,6.7,17.74,127.29,74.49,52.8,Online,Apple Pay,3,0
ORD-03116,2024-12-12,2024-12-17,5,CUST-2692,Consumer,West,Arizona,Clothing,Women's Apparel,North Face Fleece,103.77,2,10,20.75,0.0,186.79,76.86,33.07,Online,Gift Card,2,1
ORD-03117,2023-08-09,2023-08-15,6,CUST-2379,Corporate,Southwest,Oklahoma,Home & Kitchen,Furniture,IKEA Kallax Shelf,91.53,1,10,9.15,0.0,82.38,60.72,21.66,In-Store,Debit Card,2,1
ORD-03118,2024-08-13,2024-08-16,3,CUST-1288,Corporate,Southeast,Florida,Electronics,Monitors,Dell 24-inch FHD,199.75,1,10,19.98,22.19,179.77,123.32,56.45,Online,Gift Card,2,0
ORD-03119,2023-01-05,2023-01-08,3,CUST-2172,Consumer,Northeast,New Jersey,Office Supplies,Organizers,Pendaflex Folders,14.35,1,10,1.44,5.43,12.91,10.3,2.61,Mobile App,Credit Card,5,0
ORD-03120,2024-02-22,2024-02-28,6,CUST-1225,Corporate,Midwest,Wisconsin,Sports & Outdoors,Cycling,Schwinn Hybrid Bike,350.91,1,20,70.18,8.5,280.73,231.69,49.04,Mobile App,Gift Card,2,0
ORD-03121,2024-10-20,2024-10-22,2,CUST-2907,Corporate,Southeast,North Carolina,Home & Kitchen,Furniture,Wayfair Sofa,518.1,1,0,0.0,7.86,518.1,336.55,181.55,In-Store,Apple Pay,5,0
ORD-03122,2023-01-10,2023-01-15,5,CUST-1568,Corporate,West,Oregon,Office Supplies,Stationery,Pilot G2 Pen Pack,13.02,2,0,0.0,19.56,26.04,9.19,7.66,In-Store,PayPal,1,1
ORD-03123,2023-02-25,2023-02-27,2,CUST-2257,Consumer,Southeast,Virginia,Electronics,Laptops,HP Pavilion x360,641.78,2,10,128.36,0.0,1155.2,410.31,334.58,Mobile App,Debit Card,5,0
ORD-03124,2023-08-10,2023-08-16,6,CUST-2682,Consumer,Midwest,Ohio,Sports & Outdoors,Camping Gear,Coleman Tent 4P,133.69,1,5,6.68,9.7,127.01,81.66,45.35,In-Store,Debit Card,4,0
ORD-03125,2023-09-20,2023-09-26,6,CUST-1080,Consumer,Southeast,North Carolina,Electronics,Smartphones,Google Pixel 7a,393.06,1,10,39.31,15.82,353.75,239.38,114.37,Online,Apple Pay,1,0
ORD-03126,2023-10-10,2023-10-13,3,CUST-3166,Corporate,West,Washington,Clothing,Men's Apparel,Nike Dri-FIT Tee,33.43,3,10,10.03,9.82,90.26,22.27,23.45,Online,Apple Pay,4,0
ORD-03127,2024-05-07,2024-05-11,4,CUST-2201,Corporate,West,Colorado,Office Supplies,Printers,Epson EcoTank,200.42,2,5,20.04,8.69,380.8,122.38,136.04,Online,Apple Pay,3,0
ORD-03128,2023-11-16,2023-11-21,5,CUST-2455,Small Business,Midwest,Indiana,Sports & Outdoors,Cycling,Schwinn Hybrid Bike,360.62,1,0,0.0,13.81,360.62,207.75,152.87,Online,Debit Card,1,0
ORD-03129,2023-06-28,2023-07-01,3,CUST-1207,Consumer,Northeast,New York,Home & Kitchen,Storage,Sterilite Cart,38.72,1,10,3.87,9.44,34.85,21.46,13.39,In-Store,Gift Card,3,0
ORD-03130,2023-10-24,2023-10-30,6,CUST-1891,Corporate,Midwest,Wisconsin,Sports & Outdoors,Camping Gear,Yeti Cooler,239.19,1,0,0.0,9.07,239.19,155.01,84.18,In-Store,Apple Pay,5,0
ORD-03131,2023-03-05,2023-03-12,7,CUST-3270,Small Business,West,Colorado,Home & Kitchen,Storage,ClosetMaid Organizer,72.12,2,5,7.21,21.2,137.03,53.96,29.11,Online,Gift Card,3,0
ORD-03132,2024-08-06,2024-08-12,6,CUST-2672,Small Business,Southeast,Florida,Clothing,Accessories,Coach Wallet,83.44,4,25,83.44,18.52,250.32,61.24,5.36,Online,Gift Card,3,0
ORD-03133,2024-06-28,2024-07-01,3,CUST-1502,Consumer,Southeast,Florida,Office Supplies,Desks & Chairs,Herman Miller Aeron,1245.2,1,0,0.0,20.43,1245.2,916.39,328.81,Mobile App,PayPal,5,0
ORD-03134,2024-07-29,2024-07-31,2,CUST-3076,Small Business,Midwest,Wisconsin,Sports & Outdoors,Fitness Equipment,Bowflex Dumbbells,333.45,1,5,16.67,13.76,316.78,215.94,100.84,In-Store,Credit Card,4,0
ORD-03135,2023-08-07,2023-08-08,1,CUST-2088,Corporate,Midwest,Michigan,Sports & Outdoors,Camping Gear,REI Sleeping Bag,178.02,3,0,0.0,6.37,534.06,111.24,200.34,Online,Apple Pay,4,0
ORD-03136,2023-09-10,2023-09-16,6,CUST-1131,Consumer,Southeast,Georgia,Sports & Outdoors,Team Sports,Wilson Basketball,30.3,2,15,9.09,6.66,51.51,22.03,7.45,Online,Debit Card,2,1
ORD-03137,2024-12-14,2024-12-17,3,CUST-1837,Corporate,Northeast,Pennsylvania,Sports & Outdoors,Cycling,Garmin Edge 530,290.42,3,0,0.0,9.05,871.26,206.88,250.62,In-Store,Credit Card,3,0
ORD-03138,2023-03-25,2023-03-29,4,CUST-1857,Corporate,Southeast,Florida,Electronics,Tablets,Samsung Galaxy Tab S6,339.57,1,15,50.94,22.76,288.63,222.42,66.21,Mobile App,Gift Card,4,0
ORD-03139,2023-12-25,2023-12-30,5,CUST-1087,Consumer,Southeast,North Carolina,Home & Kitchen,Storage,Container Store Bins,26.17,1,0,0.0,13.85,26.17,15.17,11.0,In-Store,Credit Card,2,1
ORD-03140,2023-12-17,2023-12-22,5,CUST-1958,Consumer,Northeast,Connecticut,Home & Kitchen,Decor,Pottery Barn Throw Pillow,49.41,2,15,14.82,8.83,84.0,28.46,27.08,In-Store,PayPal,4,0
ORD-03141,2024-09-22,2024-09-27,5,CUST-2551,Corporate,Southeast,Florida,Sports & Outdoors,Camping Gear,Coleman Tent 4P,130.41,3,5,19.56,18.32,371.67,78.25,136.92,Online,Credit Card,2,0
ORD-03142,2024-12-03,2024-12-06,3,CUST-1588,Small Business,Northeast,New York,Sports & Outdoors,Running,Garmin Forerunner 55,201.8,1,0,0.0,10.66,201.8,141.31,60.49,Online,Gift Card,1,0
ORD-03143,2023-03-08,2023-03-14,6,CUST-2104,Consumer,West,California,Office Supplies,Paper Products,HP Printer Paper 5-Ream,29.38,1,10,2.94,5.38,26.44,21.06,5.38,In-Store,Apple Pay,4,1
ORD-03144,2023-07-09,2023-07-14,5,CUST-1905,Small Business,West,Colorado,Clothing,Footwear,Nike Air Max 90,129.42,2,10,25.88,13.38,232.96,96.49,39.98,Mobile App,Debit Card,2,1
ORD-03145,2023-12-11,2023-12-13,2,CUST-3011,Small Business,Southwest,New Mexico,Sports & Outdoors,Running,Garmin Forerunner 55,190.14,2,10,38.03,22.48,342.25,113.33,115.59,Mobile App,PayPal,5,0
ORD-03146,2023-12-10,2023-12-11,1,CUST-2235,Corporate,Northeast,New York,Clothing,Men's Apparel,Levi's 501 Jeans,57.89,2,0,0.0,24.3,115.78,39.5,36.78,Online,Gift Card,4,0
ORD-03147,2024-01-17,2024-01-22,5,CUST-2245,Corporate,Southwest,New Mexico,Home & Kitchen,Furniture,IKEA Kallax Shelf,92.04,1,0,0.0,12.54,92.04,55.04,37.0,Online,Apple Pay,4,0
ORD-03148,2024-09-23,2024-09-30,7,CUST-1777,Consumer,Northeast,Massachusetts,Sports & Outdoors,Team Sports,Rawlings Baseball Glove,48.06,3,15,21.63,11.18,122.55,28.55,36.9,Online,Debit Card,3,0
ORD-03149,2024-05-18,2024-05-22,4,CUST-1142,Consumer,West,Arizona,Home & Kitchen,Appliances,Dyson V15 Vacuum,652.83,1,5,32.64,0.0,620.19,444.88,175.31,Online,PayPal,3,0
ORD-03150,2024-09-09,2024-09-12,3,CUST-2755,Consumer,Northeast,Pennsylvania,Home & Kitchen,Furniture,Wayfair Sofa,514.67,2,0,0.0,18.54,1029.34,330.04,369.26,In-Store,PayPal,5,0
ORD-03151,2024-01-16,2024-01-21,5,CUST-2497,Consumer,Midwest,Indiana,Sports & Outdoors,Cycling,Schwinn Hybrid Bike,347.33,5,20,347.33,19.37,1389.32,238.57,196.47,Mobile App,Debit Card,2,0
ORD-03152,2024-02-28,2024-03-05,6,CUST-2994,Consumer,Northeast,Massachusetts,Clothing,Women's Apparel,Lululemon Tank,70.35,2,0,0.0,8.06,140.7,40.22,60.26,Mobile App,Credit Card,3,1
ORD-03153,2024-02-15,2024-02-20,5,CUST-3375,Consumer,Northeast,Massachusetts,Sports & Outdoors,Running,Garmin Forerunner 55,203.39,5,15,152.54,16.28,864.41,129.47,217.06,In-Store,PayPal,2,0
ORD-03154,2024-01-29,2024-02-02,4,CUST-1920,Corporate,Midwest,Ohio,Office Supplies,Organizers,Bankers Box Set,25.28,1,0,0.0,9.46,25.28,17.99,7.29,Mobile App,Debit Card,4,0
ORD-03155,2023-03-28,2023-04-04,7,CUST-1397,Consumer,West,California,Sports & Outdoors,Team Sports,Adidas Soccer Ball,25.8,1,0,0.0,24.73,25.8,18.21,7.59,In-Store,Debit Card,1,0
ORD-03156,2024-02-18,2024-02-24,6,CUST-2893,Consumer,Midwest,Michigan,Electronics,Monitors,LG 27-inch 4K,365.46,1,10,36.55,20.24,328.91,249.92,78.99,Online,Debit Card,4,0
ORD-03157,2023-10-02,2023-10-07,5,CUST-2182,Consumer,Southwest,Texas,Home & Kitchen,Cookware,Lodge Cast Iron Skillet,31.06,2,10,6.21,22.74,55.91,20.72,14.47,In-Store,Credit Card,4,0
ORD-03158,2023-06-22,2023-06-29,7,CUST-2884,Corporate,Southeast,North Carolina,Clothing,Women's Apparel,Lululemon Tank,65.16,1,0,0.0,18.58,65.16,38.03,27.13,Mobile App,Gift Card,3,0
ORD-03159,2023-01-31,2023-02-01,1,CUST-1493,Small Business,Midwest,Illinois,Clothing,Footwear,Adidas Ultraboost,172.56,2,0,0.0,0.0,345.12,114.46,116.2,Online,Debit Card,3,0
ORD-03160,2023-06-04,2023-06-10,6,CUST-1216,Consumer,Midwest,Michigan,Home & Kitchen,Storage,Sterilite Cart,39.82,2,25,19.91,9.55,59.73,23.32,13.09,Online,Credit Card,3,0
ORD-03161,2023-10-02,2023-10-09,7,CUST-3328,Consumer,Southwest,New Mexico,Office Supplies,Printers,Epson EcoTank,194.25,1,0,0.0,0.0,194.25,117.66,76.59,Online,Gift Card,2,1
ORD-03162,2024-05-27,2024-06-01,5,CUST-1143,Consumer,Northeast,Massachusetts,Office Supplies,Stationery,Sharpie Marker Set,17.05,4,10,6.82,20.29,61.38,12.11,12.94,In-Store,Debit Card,1,0
ORD-03163,2023-12-25,2023-12-26,1,CUST-1236,Small Business,Midwest,Indiana,Electronics,Headphones,Sony WH-1000XM5,289.17,1,0,0.0,9.18,289.17,174.68,114.49,Online,Gift Card,5,0
ORD-03164,2024-12-25,2024-12-26,1,CUST-2145,Consumer,Northeast,Connecticut,Clothing,Activewear,Reebok Sports Bra,36.45,1,10,3.65,19.76,32.8,23.72,9.08,In-Store,Credit Card,4,0
ORD-03165,2024-06-10,2024-06-17,7,CUST-2845,Corporate,Northeast,Massachusetts,Home & Kitchen,Decor,Wall Art Canvas,59.53,1,5,2.98,13.26,56.55,36.77,19.78,Online,Debit Card,4,0
ORD-03166,2023-12-11,2023-12-18,7,CUST-2795,Small Business,Midwest,Illinois,Clothing,Accessories,Ray-Ban Aviators,155.33,3,10,46.6,0.0,419.39,97.18,127.85,In-Store,Apple Pay,5,0
ORD-03167,2024-10-19,2024-10-24,5,CUST-1476,Corporate,West,Oregon,Clothing,Women's Apparel,Lululemon Tank,68.17,2,5,6.82,14.34,129.52,46.69,36.14,Online,Gift Card,1,0
ORD-03168,2024-12-07,2024-12-13,6,CUST-1575,Corporate,Northeast,Connecticut,Home & Kitchen,Cookware,Cuisinart Knife Set,77.76,1,5,3.89,12.8,73.87,48.76,25.11,In-Store,Debit Card,5,0
ORD-03169,2023-06-30,2023-07-01,1,CUST-3041,Corporate,Northeast,New York,Home & Kitchen,Appliances,Instant Pot Duo 7-in-1,92.24,1,5,4.61,8.71,87.63,68.58,19.05,Online,Gift Card,5,0
ORD-03170,2023-02-17,2023-02-23,6,CUST-1531,Corporate,Southwest,Texas,Clothing,Women's Apparel,Adidas Yoga Pants,56.1,1,5,2.81,19.79,53.29,39.96,13.33,In-Store,Gift Card,1,0
ORD-03171,2024-09-25,2024-09-30,5,CUST-1320,Consumer,Northeast,New York,Electronics,Smartphones,Samsung Galaxy A54,343.73,1,10,34.37,5.13,309.36,221.66,87.7,Mobile App,Apple Pay,4,0
ORD-03172,2023-03-24,2023-03-26,2,CUST-1078,Corporate,Southwest,Utah,Clothing,Activewear,Under Armour Shorts,40.31,1,25,10.08,15.91,30.23,28.21,2.02,Mobile App,Credit Card,4,0
ORD-03173,2024-12-02,2024-12-03,1,CUST-2722,Corporate,Northeast,New Jersey,Clothing,Accessories,Coach Wallet,83.76,1,15,12.56,10.97,71.2,61.89,9.31,Online,Credit Card,5,0
ORD-03174,2023-03-31,2023-04-02,2,CUST-1260,Small Business,Southwest,Oklahoma,Office Supplies,Desks & Chairs,FlexiSpot Standing Desk,376.11,1,0,0.0,18.22,376.11,278.75,97.36,Mobile App,Gift Card,3,0
ORD-03175,2024-09-27,2024-10-04,7,CUST-1029,Corporate,Southeast,Tennessee,Office Supplies,Printers,Epson EcoTank,194.2,2,25,97.1,0.0,291.3,132.04,27.22,Online,Gift Card,4,0
ORD-03176,2024-05-07,2024-05-10,3,CUST-2103,Consumer,Northeast,New Jersey,Clothing,Accessories,Fossil Watch,126.57,5,5,31.64,20.21,601.21,70.49,248.76,Online,Gift Card,3,0
ORD-03177,2023-09-14,2023-09-20,6,CUST-1777,Consumer,Northeast,New Jersey,Sports & Outdoors,Cycling,Schwinn Hybrid Bike,335.71,1,15,50.36,10.25,285.35,217.94,67.41,In-Store,Gift Card,1,1
ORD-03178,2023-03-25,2023-03-31,6,CUST-1115,Small Business,Northeast,New York,Home & Kitchen,Decor,Pottery Barn Throw Pillow,48.95,2,0,0.0,20.38,97.9,29.27,39.36,Mobile App,Debit Card,5,0
ORD-03179,2024-11-16,2024-11-23,7,CUST-2917,Consumer,Northeast,Pennsylvania,Clothing,Footwear,Nike Air Max 90,126.13,1,10,12.61,8.14,113.52,70.78,42.74,In-Store,Credit Card,5,0
ORD-03180,2024-03-18,2024-03-20,2,CUST-3236,Consumer,West,Arizona,Office Supplies,Stationery,Pilot G2 Pen Pack,13.16,2,20,5.26,24.13,21.06,8.39,4.28,In-Store,Debit Card,5,0
ORD-03181,2024-10-05,2024-10-06,1,CUST-2331,Consumer,Northeast,New York,Home & Kitchen,Furniture,IKEA Kallax Shelf,94.02,2,5,9.4,8.57,178.64,58.18,62.28,Online,Apple Pay,4,0
ORD-03182,2023-05-02,2023-05-07,5,CUST-2368,Small Business,Southeast,Georgia,Office Supplies,Organizers,Bankers Box Set,26.01,5,0,0.0,10.48,130.05,19.2,34.05,Online,Gift Card,2,1
ORD-03183,2024-11-04,2024-11-11,7,CUST-2041,Small Business,Southeast,Florida,Home & Kitchen,Appliances,Instant Pot Duo 7-in-1,93.05,3,5,13.96,16.17,265.19,67.73,62.0,Online,Apple Pay,2,0
ORD-03184,2023-10-30,2023-10-31,1,CUST-2354,Consumer,Northeast,New Jersey,Clothing,Footwear,New Balance 574,91.64,2,15,27.49,19.95,155.79,51.76,52.27,Online,Debit Card,4,0
ORD-03185,2023-01-25,2023-02-01,7,CUST-2558,Consumer,Southeast,Virginia,Home & Kitchen,Furniture,West Elm Desk,349.06,3,15,157.08,22.16,890.1,195.7,303.0,In-Store,Apple Pay,4,0
ORD-03186,2023-04-13,2023-04-16,3,CUST-2208,Corporate,Southeast,North Carolina,Home & Kitchen,Appliances,Dyson V15 Vacuum,663.98,1,20,132.8,8.01,531.18,451.22,79.96,Mobile App,Apple Pay,4,0
ORD-03187,2023-08-27,2023-08-28,1,CUST-1013,Consumer,Northeast,New Jersey,Electronics,Tablets,iPad 10th Gen,457.48,1,20,91.5,15.94,365.98,328.7,37.28,In-Store,Gift Card,5,0
ORD-03188,2024-03-16,2024-03-21,5,CUST-1875,Corporate,Northeast,New Jersey,Home & Kitchen,Storage,Sterilite Cart,41.2,1,10,4.12,0.0,37.08,24.93,12.15,In-Store,Debit Card,3,0
ORD-03189,2023-03-10,2023-03-17,7,CUST-3031,Consumer,Northeast,Massachusetts,Clothing,Activewear,Puma Track Pants,49.17,2,15,14.75,18.14,83.59,34.67,14.25,Online,Gift Card,1,0
ORD-03190,2024-11-21,2024-11-23,2,CUST-1685,Small Business,West,Washington,Sports & Outdoors,Team Sports,Adidas Soccer Ball,26.13,1,15,3.92,6.51,22.21,18.25,3.96,In-Store,Gift Card,3,0
ORD-03191,2023-02-15,2023-02-22,7,CUST-1902,Consumer,Northeast,Pennsylvania,Electronics,Headphones,Bose QC45,273.68,4,20,218.94,20.75,875.78,150.83,272.46,In-Store,Credit Card,1,0
ORD-03192,2023-04-23,2023-04-30,7,CUST-3237,Consumer,West,Colorado,Clothing,Footwear,New Balance 574,87.07,2,5,8.71,20.21,165.43,54.3,56.83,In-Store,PayPal,2,0
ORD-03193,2024-01-20,2024-01-26,6,CUST-1595,Corporate,Northeast,New Jersey,Clothing,Footwear,Nike Air Max 90,124.1,4,10,49.64,14.87,446.76,71.6,160.36,Online,Gift Card,2,0
ORD-03194,2024-07-28,2024-07-30,2,CUST-2776,Corporate,Southeast,North Carolina,Electronics,Monitors,ASUS ProArt 27,429.49,1,25,107.37,22.39,322.12,296.63,25.49,Online,Credit Card,5,0
ORD-03195,2023-11-15,2023-11-19,4,CUST-1814,Corporate,Midwest,Wisconsin,Clothing,Activewear,Reebok Sports Bra,35.77,2,0,0.0,22.5,71.54,26.4,18.74,In-Store,Debit Card,4,0
ORD-03196,2024-09-24,2024-10-01,7,CUST-3274,Corporate,Midwest,Ohio,Electronics,Tablets,Samsung Galaxy Tab S6,339.92,3,15,152.96,20.8,866.8,237.32,154.84,Online,Debit Card,1,0
ORD-03197,2023-04-25,2023-04-27,2,CUST-1207,Consumer,Southeast,Tennessee,Office Supplies,Organizers,Bankers Box Set,24.47,2,5,2.45,23.12,46.49,14.54,17.41,Online,Credit Card,2,1
ORD-03198,2024-07-12,2024-07-19,7,CUST-2251,Consumer,Northeast,New York,Clothing,Activewear,Under Armour Shorts,38.04,1,10,3.8,14.35,34.24,23.54,10.7,Online,Apple Pay,5,0
ORD-03199,2023-10-22,2023-10-29,7,CUST-3286,Small Business,Northeast,New York,Home & Kitchen,Appliances,Keurig K-Slim,111.47,4,20,89.18,12.08,356.7,71.98,68.78,In-Store,Gift Card,1,1
ORD-03200,2023-04-10,2023-04-17,7,CUST-2205,Consumer,Southwest,Texas,Clothing,Accessories,Coach Wallet,81.46,1,20,16.29,14.8,65.17,53.53,11.64,Mobile App,Apple Pay,1,0
ORD-03201,2023-05-26,2023-06-02,7,CUST-2278,Corporate,Midwest,Indiana,Office Supplies,Stationery,Pilot G2 Pen Pack,13.52,3,10,4.06,6.04,36.5,9.67,7.49,Online,Debit Card,4,0
ORD-03202,2024-09-16,2024-09-17,1,CUST-2144,Corporate,Northeast,New Jersey,Sports & Outdoors,Cycling,Schwinn Hybrid Bike,351.73,1,5,17.59,16.18,334.14,236.86,97.28,Online,Debit Card,2,0
ORD-03203,2024-07-03,2024-07-08,5,CUST-1270,Corporate,West,Oregon,Electronics,Tablets,iPad 10th Gen,435.4,2,5,43.54,21.72,827.26,259.1,309.06,Online,PayPal,3,0
ORD-03204,2023-07-26,2023-07-30,4,CUST-2317,Corporate,West,Washington,Home & Kitchen,Furniture,Wayfair Sofa,489.24,1,0,0.0,12.01,489.24,309.11,180.13,Online,Apple Pay,2,1
ORD-03205,2023-11-26,2023-12-02,6,CUST-1589,Corporate,West,Colorado,Clothing,Footwear,New Balance 574,86.52,2,20,34.61,24.55,138.43,62.79,12.85,Online,Apple Pay,5,0
ORD-03206,2024-11-08,2024-11-13,5,CUST-2127,Small Business,Southwest,New Mexico,Office Supplies,Stationery,Sharpie Marker Set,16.76,1,5,0.84,16.86,15.92,9.57,6.35,Mobile App,Apple Pay,2,1
ORD-03207,2024-01-18,2024-01-22,4,CUST-1459,Corporate,Southeast,Tennessee,Office Supplies,Paper Products,Post-it Notes Bulk,19.37,1,5,0.97,20.95,18.4,11.53,6.87,Online,PayPal,5,0
ORD-03208,2023-07-05,2023-07-07,2,CUST-1203,Small Business,Northeast,Connecticut,Clothing,Men's Apparel,Nike Dri-FIT Tee,35.37,1,15,5.31,5.4,30.06,21.78,8.28,Mobile App,Apple Pay,4,0
ORD-03209,2023-07-01,2023-07-02,1,CUST-3079,Corporate,Southeast,North Carolina,Sports & Outdoors,Cycling,Bell Helmet,48.49,1,0,0.0,23.9,48.49,30.49,18.0,Online,PayPal,1,1
ORD-03210,2024-08-29,2024-09-02,4,CUST-2376,Corporate,Southeast,North Carolina,Electronics,Monitors,LG 27-inch 4K,339.61,3,10,101.88,22.51,916.95,248.58,171.21,Online,Gift Card,5,0
ORD-03211,2024-02-03,2024-02-08,5,CUST-1251,Small Business,Northeast,New York,Home & Kitchen,Cookware,Lodge Cast Iron Skillet,30.98,2,5,3.1,0.0,58.86,19.86,19.14,In-Store,Debit Card,5,0
ORD-03212,2023-04-02,2023-04-09,7,CUST-2962,Small Business,Northeast,New York,Office Supplies,Desks & Chairs,Herman Miller Aeron,1337.95,1,0,0.0,14.14,1337.95,768.07,569.88,Mobile App,Gift Card,2,0
ORD-03213,2023-07-02,2023-07-08,6,CUST-3357,Consumer,Northeast,Pennsylvania,Home & Kitchen,Appliances,Instant Pot Duo 7-in-1,92.56,5,5,23.14,16.95,439.66,61.81,130.61,Online,Debit Card,4,0
ORD-03214,2024-02-24,2024-03-02,7,CUST-1837,Corporate,Midwest,Illinois,Sports & Outdoors,Camping Gear,Coleman Tent 4P,130.39,1,5,6.52,9.31,123.87,96.45,27.42,Mobile App,Credit Card,3,0
ORD-03215,2024-11-11,2024-11-17,6,CUST-1479,Corporate,West,Washington,Office Supplies,Paper Products,HP Printer Paper 5-Ream,30.15,1,20,6.03,7.83,24.12,21.13,2.99,Mobile App,Apple Pay,3,0
ORD-03216,2023-02-19,2023-02-24,5,CUST-3426,Corporate,Southeast,Tennessee,Sports & Outdoors,Camping Gear,Yeti Cooler,250.57,1,20,50.11,0.0,200.46,178.18,22.28,Online,PayPal,3,0
ORD-03217,2023-06-17,2023-06-21,4,CUST-2569,Small Business,Midwest,Indiana,Electronics,Headphones,AirPods Pro 2,255.05,3,20,153.03,0.0,612.12,171.37,98.01,In-Store,Gift Card,3,1
ORD-03218,2023-08-26,2023-08-27,1,CUST-1467,Consumer,Midwest,Indiana,Sports & Outdoors,Running,Garmin Forerunner 55,194.6,1,5,9.73,13.05,184.87,121.51,63.36,Mobile App,PayPal,1,0
ORD-03219,2024-12-27,2025-01-03,7,CUST-3378,Corporate,Midwest,Wisconsin,Office Supplies,Desks & Chairs,Autonomous SmartDesk,434.2,1,0,0.0,0.0,434.2,286.05,148.15,Mobile App,Gift Card,1,0
ORD-03220,2024-11-03,2024-11-04,1,CUST-1735,Small Business,West,Colorado,Electronics,Monitors,LG 27-inch 4K,346.99,1,10,34.7,16.04,312.29,208.96,103.33,Online,Credit Card,4,0
ORD-03221,2024-11-26,2024-11-30,4,CUST-3170,Consumer,West,Colorado,Electronics,Headphones,AirPods Pro 2,246.48,1,10,24.65,8.65,221.83,156.9,64.93,Online,Credit Card,3,0
ORD-03222,2023-07-25,2023-07-30,5,CUST-2820,Consumer,Northeast,Massachusetts,Clothing,Women's Apparel,North Face Fleece,101.22,2,0,0.0,12.9,202.44,70.08,62.28,Online,PayPal,3,0
ORD-03223,2023-10-31,2023-11-07,7,CUST-2774,Consumer,Northeast,New Jersey,Home & Kitchen,Storage,Sterilite Cart,40.71,5,25,50.89,5.51,152.66,27.93,13.01,Mobile App,Debit Card,1,1
ORD-03224,2023-10-02,2023-10-09,7,CUST-1468,Corporate,West,Colorado,Home & Kitchen,Appliances,Dyson V15 Vacuum,656.1,5,5,164.03,15.01,3116.47,393.82,1147.37,Mobile App,Apple Pay,3,0
ORD-03225,2023-02-17,2023-02-19,2,CUST-2016,Consumer,Northeast,New York,Sports & Outdoors,Team Sports,Adidas Soccer Ball,25.41,1,5,1.27,5.49,24.14,14.24,9.9,In-Store,Debit Card,3,0
ORD-03226,2023-12-18,2023-12-24,6,CUST-1107,Consumer,Northeast,Massachusetts,Home & Kitchen,Furniture,IKEA Kallax Shelf,91.38,5,25,114.22,7.16,342.68,57.6,54.68,Mobile App,PayPal,2,1
ORD-03227,2024-08-13,2024-08-17,4,CUST-2325,Corporate,Northeast,New York,Clothing,Activewear,Puma Track Pants,49.14,1,0,0.0,12.78,49.14,30.1,19.04,In-Store,Apple Pay,3,0
ORD-03228,2023-01-27,2023-02-02,6,CUST-1414,Corporate,West,Washington,Sports & Outdoors,Camping Gear,REI Sleeping Bag,177.66,4,15,106.6,24.36,604.04,132.28,74.92,In-Store,Credit Card,2,0
ORD-03229,2023-11-03,2023-11-08,5,CUST-2934,Corporate,Northeast,Massachusetts,Home & Kitchen,Storage,Sterilite Cart,40.39,2,5,4.04,13.28,76.74,26.92,22.9,In-Store,Gift Card,3,0
ORD-03230,2023-03-15,2023-03-19,4,CUST-1105,Small Business,Northeast,Pennsylvania,Office Supplies,Desks & Chairs,Herman Miller Aeron,1320.73,1,0,0.0,17.28,1320.73,793.47,527.26,In-Store,Apple Pay,4,0
ORD-03231,2023-07-13,2023-07-19,6,CUST-1739,Small Business,Midwest,Ohio,Sports & Outdoors,Running,Nathan Hydration Vest,73.22,3,0,0.0,6.51,219.66,48.2,75.06,In-Store,PayPal,2,1
ORD-03232,2024-08-14,2024-08-15,1,CUST-2711,Consumer,Southeast,Florida,Clothing,Activewear,Reebok Sports Bra,35.99,4,10,14.4,5.05,129.56,21.26,44.52,Online,Debit Card,4,0
ORD-03233,2024-12-03,2024-12-09,6,CUST-1778,Corporate,Midwest,Michigan,Home & Kitchen,Furniture,IKEA Kallax Shelf,93.98,3,15,42.29,5.66,239.65,66.99,38.68,Mobile App,Apple Pay,2,0
ORD-03234,2023-08-17,2023-08-21,4,CUST-1346,Small Business,Northeast,Connecticut,Office Supplies,Desks & Chairs,FlexiSpot Standing Desk,395.08,1,15,59.26,17.89,335.82,222.32,113.5,In-Store,Apple Pay,3,0
ORD-03235,2024-12-26,2024-12-28,2,CUST-1198,Consumer,Northeast,Connecticut,Electronics,Headphones,Sony WH-1000XM5,291.77,3,0,0.0,16.44,875.31,167.23,373.62,Online,Apple Pay,5,0
ORD-03236,2023-08-22,2023-08-23,1,CUST-1930,Small Business,Southeast,Georgia,Electronics,Laptops,HP Pavilion x360,615.56,4,5,123.11,9.2,2339.13,443.92,563.45,Online,Apple Pay,5,0
ORD-03237,2023-07-06,2023-07-11,5,CUST-1125,Corporate,Southeast,Florida,Electronics,Tablets,iPad 10th Gen,456.33,4,10,182.53,0.0,1642.79,303.8,427.59,Online,Debit Card,1,0
ORD-03238,2023-09-17,2023-09-19,2,CUST-2808,Consumer,Midwest,Illinois,Clothing,Activewear,Puma Track Pants,50.59,5,5,12.65,15.07,240.3,29.79,91.35,Mobile App,Debit Card,4,0
ORD-03239,2024-11-21,2024-11-23,2,CUST-2717,Consumer,Northeast,Pennsylvania,Home & Kitchen,Storage,ClosetMaid Organizer,67.33,1,10,6.73,0.0,60.6,49.21,11.39,In-Store,PayPal,5,0
ORD-03240,2024-01-06,2024-01-08,2,CUST-2629,Consumer,West,California,Clothing,Activewear,Under Armour Shorts,40.41,5,20,40.41,20.68,161.64,29.45,14.39,Mobile App,Gift Card,5,0
ORD-03241,2023-04-23,2023-04-30,7,CUST-1035,Consumer,Southeast,Virginia,Sports & Outdoors,Team Sports,Rawlings Baseball Glove,48.01,1,5,2.4,0.0,45.61,28.98,16.63,Online,Gift Card,3,0
ORD-03242,2023-10-04,2023-10-05,1,CUST-3460,Consumer,Northeast,New Jersey,Office Supplies,Printers,Epson EcoTank,198.0,1,5,9.9,24.29,188.1,136.18,51.92,Mobile App,PayPal,4,0
ORD-03243,2024-06-10,2024-06-15,5,CUST-2146,Corporate,West,California,Sports & Outdoors,Team Sports,Wilson Basketball,30.14,1,10,3.01,17.11,27.13,19.68,7.45,Online,Gift Card,4,0
ORD-03244,2023-01-02,2023-01-07,5,CUST-3035,Corporate,Southeast,Georgia,Sports & Outdoors,Team Sports,Wilson Basketball,29.41,2,5,2.94,7.1,55.88,18.21,19.46,In-Store,Debit Card,5,0
ORD-03245,2024-04-21,2024-04-25,4,CUST-1958,Consumer,Southeast,Florida,Office Supplies,Organizers,Bankers Box Set,26.16,1,0,0.0,12.74,26.16,15.54,10.62,Online,Gift Card,4,0
ORD-03246,2024-07-07,2024-07-10,3,CUST-1071,Corporate,Southeast,Georgia,Sports & Outdoors,Team Sports,Rawlings Baseball Glove,49.36,1,0,0.0,0.0,49.36,36.24,13.12,In-Store,PayPal,5,0
ORD-03247,2023-11-08,2023-11-11,3,CUST-2223,Consumer,Southeast,Virginia,Home & Kitchen,Appliances,Instant Pot Duo 7-in-1,86.5,1,10,8.65,23.4,77.85,60.45,17.4,In-Store,Gift Card,5,0
ORD-03248,2024-02-22,2024-02-28,6,CUST-1390,Consumer,West,California,Electronics,Headphones,Bose QC45,268.85,1,0,0.0,16.6,268.85,195.72,73.13,In-Store,Gift Card,3,0
ORD-03249,2024-12-23,2024-12-26,3,CUST-2739,Consumer,Southwest,Nevada,Electronics,Headphones,Sony WH-1000XM5,294.22,3,0,0.0,18.49,882.66,176.14,354.24,Online,Credit Card,2,0
ORD-03250,2024-12-25,2024-12-26,1,CUST-2872,Corporate,Southwest,New Mexico,Home & Kitchen,Appliances,Keurig K-Slim,113.56,1,0,0.0,10.02,113.56,64.38,49.18,Mobile App,Apple Pay,4,0
ORD-03251,2024-03-25,2024-03-30,5,CUST-3370,Consumer,Southeast,North Carolina,Sports & Outdoors,Team Sports,Rawlings Baseball Glove,48.7,3,0,0.0,16.36,146.1,34.22,43.44,In-Store,PayPal,2,1
ORD-03252,2024-11-06,2024-11-10,4,CUST-2890,Consumer,West,Colorado,Electronics,Laptops,HP Pavilion x360,628.08,1,20,125.62,19.1,502.46,466.44,36.02,In-Store,Gift Card,2,1
ORD-03253,2024-07-05,2024-07-08,3,CUST-2249,Corporate,West,California,Home & Kitchen,Decor,Yankee Candle Set,35.02,1,15,5.25,7.82,29.77,22.88,6.89,In-Store,Gift Card,4,0
ORD-03254,2024-11-18,2024-11-20,2,CUST-2650,Consumer,West,Washington,Clothing,Women's Apparel,Lululemon Tank,68.62,1,15,10.29,17.98,58.33,47.56,10.77,Online,Credit Card,5,0
ORD-03255,2024-12-02,2024-12-05,3,CUST-1341,Consumer,Southeast,Florida,Home & Kitchen,Decor,Wall Art Canvas,59.68,3,0,0.0,0.0,179.04,43.84,47.52,In-Store,PayPal,4,0
ORD-03256,2024-03-15,2024-03-17,2,CUST-2785,Consumer,West,California,Clothing,Footwear,Nike Air Max 90,133.27,2,5,13.33,23.61,253.21,77.46,98.29,Online,Credit Card,4,0
ORD-03257,2023-02-18,2023-02-25,7,CUST-1110,Consumer,Southeast,North Carolina,Electronics,Tablets,iPad 10th Gen,458.67,1,0,0.0,13.44,458.67,290.48,168.19,Online,PayPal,2,1
ORD-03258,2024-03-25,2024-03-29,4,CUST-3470,Consumer,Northeast,Connecticut,Sports & Outdoors,Running,Nathan Hydration Vest,71.92,1,20,14.38,17.32,57.54,42.69,14.85,Mobile App,PayPal,4,0
ORD-03259,2023-08-18,2023-08-23,5,CUST-1592,Corporate,Southeast,Virginia,Clothing,Footwear,New Balance 574,89.83,1,0,0.0,8.51,89.83,55.01,34.82,In-Store,Credit Card,1,1
ORD-03260,2024-03-12,2024-03-19,7,CUST-3258,Consumer,Southwest,New Mexico,Home & Kitchen,Storage,Sterilite Cart,39.78,3,10,11.93,18.16,107.41,26.39,28.24,Mobile App,PayPal,3,0
ORD-03261,2023-05-05,2023-05-08,3,CUST-1123,Small Business,Northeast,Connecticut,Home & Kitchen,Decor,Pottery Barn Throw Pillow,47.67,2,0,0.0,8.74,95.34,30.27,34.8,Mobile App,Gift Card,5,0
ORD-03262,2024-01-23,2024-01-29,6,CUST-1527,Consumer,West,Oregon,Sports & Outdoors,Fitness Equipment,Peloton Bike Mat,58.16,1,5,2.91,20.64,55.25,41.94,13.31,Online,Debit Card,1,0
ORD-03263,2024-05-29,2024-05-30,1,CUST-1124,Consumer,Northeast,Connecticut,Office Supplies,Stationery,Sharpie Marker Set,16.33,1,5,0.82,7.76,15.51,12.07,3.44,Mobile App,Debit Card,3,0
ORD-03264,2024-02-14,2024-02-16,2,CUST-3410,Small Business,Southeast,Georgia,Office Supplies,Desks & Chairs,Autonomous SmartDesk,442.39,3,5,66.36,0.0,1260.81,277.57,428.1,Online,PayPal,4,0
ORD-03265,2023-01-20,2023-01-23,3,CUST-1089,Consumer,Southeast,Tennessee,Office Supplies,Stationery,Pilot G2 Pen Pack,13.12,2,5,1.31,22.17,24.93,8.17,8.59,Mobile App,PayPal,5,0
ORD-03266,2024-02-13,2024-02-19,6,CUST-1635,Consumer,Midwest,Indiana,Electronics,Tablets,Amazon Fire HD 10,151.02,2,10,30.2,17.78,271.84,102.43,66.98,In-Store,Gift Card,3,0
ORD-03267,2024-01-19,2024-01-26,7,CUST-2053,Corporate,West,California,Clothing,Men's Apparel,Levi's 501 Jeans,59.4,1,10,5.94,0.0,53.46,40.56,12.9,In-Store,Debit Card,3,0
ORD-03268,2024-09-21,2024-09-28,7,CUST-1770,Small Business,Midwest,Indiana,Home & Kitchen,Decor,Wall Art Canvas,61.95,2,15,18.59,0.0,105.31,40.05,25.21,Mobile App,PayPal,3,0
ORD-03269,2024-01-29,2024-01-31,2,CUST-1580,Corporate,West,California,Home & Kitchen,Appliances,Dyson V15 Vacuum,642.75,1,20,128.55,10.69,514.2,435.7,78.5,Online,Debit Card,3,0
ORD-03270,2024-03-16,2024-03-20,4,CUST-2568,Consumer,Southwest,Nevada,Office Supplies,Printers,Brother Inkjet,157.01,3,5,23.55,23.66,447.48,88.38,182.34,In-Store,Apple Pay,5,0
ORD-03271,2023-11-11,2023-11-16,5,CUST-1069,Consumer,Southeast,Tennessee,Sports & Outdoors,Running,Garmin Forerunner 55,209.43,1,15,31.41,18.51,178.02,134.92,43.1,Online,PayPal,4,0
ORD-03272,2024-04-08,2024-04-09,1,CUST-2248,Small Business,Southeast,Tennessee,Electronics,Smartphones,iPhone SE,438.58,2,10,87.72,9.04,789.44,324.1,141.24,Mobile App,Apple Pay,5,0
ORD-03273,2024-02-09,2024-02-11,2,CUST-3283,Consumer,West,Washington,Electronics,Headphones,AirPods Pro 2,245.35,3,10,73.61,15.7,662.44,163.5,171.94,Mobile App,PayPal,5,0
ORD-03274,2023-01-24,2023-01-31,7,CUST-3439,Consumer,Midwest,Wisconsin,Home & Kitchen,Furniture,Wayfair Sofa,492.67,1,20,98.53,22.21,394.14,305.19,88.95,Mobile App,Credit Card,2,0
ORD-03275,2024-04-25,2024-04-29,4,CUST-2163,Consumer,Midwest,Wisconsin,Electronics,Tablets,Samsung Galaxy Tab S6,317.62,1,10,31.76,8.21,285.86,224.86,61.0,Mobile App,Gift Card,5,0
ORD-03276,2024-09-08,2024-09-09,1,CUST-1159,Small Business,Southeast,Tennessee,Sports & Outdoors,Running,Nathan Hydration Vest,69.06,1,10,6.91,22.17,62.15,50.52,11.63,In-Store,Apple Pay,4,0
ORD-03277,2024-08-17,2024-08-20,3,CUST-1414,Consumer,Southeast,Tennessee,Office Supplies,Stationery,Staedtler Pencil Set,10.29,3,0,0.0,21.43,30.87,6.31,11.94,Mobile App,Credit Card,3,0
ORD-03278,2024-01-28,2024-02-03,6,CUST-2553,Small Business,West,Washington,Sports & Outdoors,Team Sports,Adidas Soccer Ball,24.94,2,5,2.49,24.79,47.39,17.57,12.25,Mobile App,Debit Card,2,1
ORD-03279,2023-08-01,2023-08-02,1,CUST-1493,Consumer,Southwest,New Mexico,Electronics,Monitors,Dell 24-inch FHD,193.86,3,0,0.0,20.08,581.58,129.17,194.07,Online,Gift Card,4,0
ORD-03280,2024-01-15,2024-01-21,6,CUST-2564,Corporate,Southwest,Utah,Electronics,Tablets,Amazon Fire HD 10,142.71,2,15,42.81,15.85,242.61,82.99,76.63,Mobile App,PayPal,3,0
ORD-03281,2023-10-10,2023-10-12,2,CUST-2638,Consumer,Southeast,Virginia,Electronics,Tablets,iPad 10th Gen,457.99,1,10,45.8,11.62,412.19,283.7,128.49,Online,PayPal,5,0
ORD-03282,2024-06-30,2024-07-03,3,CUST-1472,Corporate,West,Oregon,Office Supplies,Paper Products,HP Printer Paper 5-Ream,30.71,1,0,0.0,23.53,30.71,17.21,13.5,In-Store,Apple Pay,4,0
ORD-03283,2023-11-01,2023-11-08,7,CUST-2757,Consumer,Midwest,Illinois,Office Supplies,Desks & Chairs,Autonomous SmartDesk,427.55,4,20,342.04,15.98,1368.16,267.52,298.08,Mobile App,Apple Pay,1,1
ORD-03284,2024-03-03,2024-03-05,2,CUST-2627,Consumer,Midwest,Indiana,Electronics,Monitors,LG 27-inch 4K,337.45,3,10,101.23,7.16,911.12,191.04,338.0,Online,PayPal,5,1
ORD-03285,2024-01-09,2024-01-15,6,CUST-1157,Corporate,Midwest,Wisconsin,Electronics,Laptops,HP Pavilion x360,649.92,2,5,64.99,20.96,1234.85,370.68,493.49,Online,Debit Card,5,0
ORD-03286,2024-07-10,2024-07-12,2,CUST-3240,Consumer,Southeast,Florida,Electronics,Smartphones,Samsung Galaxy A54,356.93,1,0,0.0,12.61,356.93,198.06,158.87,In-Store,Gift Card,3,0
ORD-03287,2023-03-15,2023-03-17,2,CUST-2511,Consumer,West,Colorado,Electronics,Monitors,LG 27-inch 4K,333.03,1,5,16.65,22.12,316.38,232.5,83.88,Online,Credit Card,4,0
ORD-03288,2024-01-21,2024-01-22,1,CUST-1163,Corporate,Southeast,Virginia,Electronics,Monitors,Dell 24-inch FHD,209.75,1,0,0.0,17.4,209.75,125.26,84.49,Online,Gift Card,4,0
ORD-03289,2023-07-18,2023-07-24,6,CUST-3192,Consumer,Northeast,New York,Sports & Outdoors,Cycling,Garmin Edge 530,298.78,2,25,149.39,5.67,448.17,186.95,74.27,Online,Credit Card,3,0
ORD-03290,2023-08-08,2023-08-09,1,CUST-1358,Consumer,Southwest,Texas,Office Supplies,Desks & Chairs,Herman Miller Aeron,1286.3,1,5,64.31,17.01,1221.99,937.59,284.4,In-Store,PayPal,2,1
ORD-03291,2024-07-28,2024-07-30,2,CUST-1096,Consumer,Southeast,Florida,Home & Kitchen,Appliances,Keurig K-Slim,110.54,1,0,0.0,13.21,110.54,80.19,30.35,Online,Gift Card,3,0
ORD-03292,2024-12-17,2024-12-19,2,CUST-1112,Corporate,West,Oregon,Electronics,Laptops,Dell Inspiron 15,566.77,4,10,226.71,19.22,2040.37,377.58,530.05,Online,PayPal,4,0
ORD-03293,2024-02-14,2024-02-17,3,CUST-1688,Consumer,Southeast,Florida,Home & Kitchen,Storage,Sterilite Cart,38.2,1,0,0.0,19.01,38.2,25.52,12.68,Mobile App,Gift Card,3,0
ORD-03294,2023-12-23,2023-12-24,1,CUST-3262,Consumer,Southeast,Tennessee,Electronics,Tablets,iPad 10th Gen,432.64,1,0,0.0,12.54,432.64,279.71,152.93,Mobile App,Debit Card,2,1
ORD-03295,2024-02-28,2024-03-01,2,CUST-2466,Consumer,Northeast,Connecticut,Office Supplies,Desks & Chairs,FlexiSpot Standing Desk,373.92,1,0,0.0,13.84,373.92,277.55,96.37,Online,Credit Card,5,0
ORD-03296,2024-04-20,2024-04-24,4,CUST-2763,Corporate,Northeast,New Jersey,Sports & Outdoors,Cycling,Garmin Edge 530,294.47,3,10,88.34,20.78,795.07,163.47,304.66,Mobile App,Debit Card,4,0
ORD-03297,2024-08-12,2024-08-16,4,CUST-1740,Consumer,Southwest,Utah,Office Supplies,Desks & Chairs,Autonomous SmartDesk,431.36,2,0,0.0,8.61,862.72,322.53,217.66,In-Store,Credit Card,3,0
ORD-03298,2024-05-24,2024-05-26,2,CUST-1500,Consumer,Northeast,New Jersey,Home & Kitchen,Furniture,IKEA Kallax Shelf,86.37,3,5,12.96,0.0,246.15,56.74,75.93,Mobile App,Gift Card,2,1
ORD-03299,2024-08-14,2024-08-21,7,CUST-1735,Consumer,Northeast,Pennsylvania,Electronics,Tablets,iPad 10th Gen,459.3,5,10,229.65,6.06,2066.85,300.03,566.7,Online,Apple Pay,1,0
ORD-03300,2024-06-25,2024-07-01,6,CUST-2748,Consumer,Southeast,Virginia,Electronics,Smartphones,Google Pixel 7a,389.29,1,0,0.0,22.92,389.29,250.63,138.66,In-Store,Apple Pay,4,0
ORD-03301,2023-10-16,2023-10-21,5,CUST-1501,Consumer,Northeast,Connecticut,Sports & Outdoors,Fitness Equipment,Resistance Band Set,24.66,4,5,4.93,20.36,93.71,15.4,32.11,Mobile App,Gift Card,2,0
ORD-03302,2024-04-16,2024-04-22,6,CUST-3073,Consumer,Midwest,Michigan,Home & Kitchen,Storage,Sterilite Cart,38.48,2,15,11.54,23.9,65.42,25.65,14.12,Online,Credit Card,2,1
ORD-03303,2024-01-07,2024-01-12,5,CUST-3438,Consumer,West,California,Electronics,Monitors,ASUS ProArt 27,412.94,2,10,82.59,0.0,743.29,235.05,273.19,In-Store,PayPal,2,0
ORD-03304,2024-03-19,2024-03-22,3,CUST-1920,Consumer,Southeast,Virginia,Electronics,Monitors,ASUS ProArt 27,443.75,1,0,0.0,24.46,443.75,266.33,177.42,Online,Gift Card,2,0
ORD-03305,2024-01-13,2024-01-15,2,CUST-2167,Corporate,Northeast,Pennsylvania,Sports & Outdoors,Team Sports,Wilson Basketball,28.53,3,10,8.56,20.85,77.03,20.94,14.21,Online,Gift Card,5,0
ORD-03306,2024-03-07,2024-03-11,4,CUST-2139,Consumer,Midwest,Ohio,Electronics,Headphones,Bose QC45,290.4,2,15,87.12,18.49,493.68,208.25,77.18,Online,Gift Card,1,0
ORD-03307,2023-12-16,2023-12-17,1,CUST-2201,Consumer,West,Oregon,Office Supplies,Paper Products,HP Printer Paper 5-Ream,31.35,2,5,3.13,17.33,59.57,17.65,24.27,In-Store,Gift Card,5,0
ORD-03308,2023-06-17,2023-06-21,4,CUST-1788,Corporate,Southwest,New Mexico,Home & Kitchen,Decor,Yankee Candle Set,34.58,1,0,0.0,10.92,34.58,25.34,9.24,Mobile App,Credit Card,5,0
ORD-03309,2023-12-15,2023-12-16,1,CUST-2099,Consumer,Midwest,Ohio,Clothing,Footwear,Nike Air Max 90,135.17,1,10,13.52,23.72,121.65,96.65,25.0,Online,Apple Pay,5,0
ORD-03310,2023-07-21,2023-07-25,4,CUST-3304,Consumer,Northeast,New Jersey,Home & Kitchen,Decor,Wall Art Canvas,59.5,1,5,2.98,8.89,56.52,38.63,17.89,Mobile App,Debit Card,5,0
ORD-03311,2024-05-24,2024-05-27,3,CUST-1664,Consumer,West,Arizona,Office Supplies,Organizers,Pendaflex Folders,14.41,1,5,0.72,11.32,13.69,9.01,4.68,Mobile App,Debit Card,5,0
ORD-03312,2024-06-17,2024-06-21,4,CUST-1887,Small Business,Northeast,New Jersey,Home & Kitchen,Decor,Yankee Candle Set,35.83,4,5,7.17,11.11,136.15,24.68,37.43,Online,Gift Card,4,0
ORD-03313,2023-06-15,2023-06-17,2,CUST-1673,Consumer,Midwest,Indiana,Office Supplies,Paper Products,HP Printer Paper 5-Ream,28.58,3,20,17.15,15.81,68.59,16.28,19.75,Online,Gift Card,5,0
ORD-03314,2023-02-06,2023-02-12,6,CUST-2766,Corporate,West,Oregon,Sports & Outdoors,Cycling,Bell Helmet,48.51,4,0,0.0,0.0,194.04,30.84,70.68,Online,Apple Pay,1,0
ORD-03315,2024-11-24,2024-11-30,6,CUST-3099,Consumer,Northeast,Connecticut,Office Supplies,Printers,Epson EcoTank,204.89,1,25,51.22,5.92,153.67,115.78,37.89,In-Store,PayPal,1,1
ORD-03316,2024-06-25,2024-07-02,7,CUST-1913,Consumer,Southeast,Virginia,Home & Kitchen,Furniture,Wayfair Sofa,501.31,1,0,0.0,23.22,501.31,311.28,190.03,Mobile App,Credit Card,5,0
ORD-03317,2023-12-10,2023-12-12,2,CUST-3500,Corporate,Southwest,Texas,Sports & Outdoors,Team Sports,Rawlings Baseball Glove,48.08,1,20,9.62,16.47,38.46,31.81,6.65,Online,Credit Card,3,0
ORD-03318,2023-01-19,2023-01-21,2,CUST-2844,Consumer,Southeast,Tennessee,Electronics,Tablets,Samsung Galaxy Tab S6,327.34,5,10,163.67,7.8,1473.03,183.39,556.08,Online,Gift Card,5,0
ORD-03319,2024-02-18,2024-02-21,3,CUST-1040,Small Business,Southwest,Utah,Home & Kitchen,Cookware,Lodge Cast Iron Skillet,30.89,1,10,3.09,8.1,27.8,22.11,5.69,Online,Apple Pay,3,0
ORD-03320,2023-02-12,2023-02-14,2,CUST-1365,Small Business,Northeast,New York,Home & Kitchen,Decor,Pottery Barn Throw Pillow,51.9,1,5,2.6,8.52,49.3,30.99,18.31,In-Store,Credit Card,5,0
ORD-03321,2024-08-30,2024-09-03,4,CUST-2710,Consumer,Southeast,Florida,Electronics,Laptops,Dell Inspiron 15,549.34,2,0,0.0,0.0,1098.68,381.52,335.64,In-Store,PayPal,3,0
ORD-03322,2024-10-28,2024-10-31,3,CUST-2076,Consumer,Northeast,New York,Sports & Outdoors,Fitness Equipment,Resistance Band Set,25.34,1,10,2.53,14.11,22.81,16.34,6.47,Online,Debit Card,5,0
ORD-03323,2024-03-14,2024-03-21,7,CUST-3484,Corporate,West,Washington,Clothing,Activewear,Reebok Sports Bra,34.66,1,15,5.2,11.13,29.46,19.31,10.15,In-Store,Credit Card,3,0
ORD-03324,2023-08-20,2023-08-25,5,CUST-2583,Corporate,Southeast,Florida,Home & Kitchen,Furniture,Wayfair Sofa,493.53,1,15,74.03,6.14,419.5,352.87,66.63,Mobile App,PayPal,3,0
ORD-03325,2024-07-30,2024-08-06,7,CUST-1546,Consumer,Southeast,North Carolina,Office Supplies,Printers,Brother Inkjet,154.86,2,20,61.94,13.56,247.78,114.83,18.12,Online,Credit Card,1,0
ORD-03326,2023-07-03,2023-07-09,6,CUST-1767,Consumer,Midwest,Michigan,Electronics,Laptops,HP Pavilion x360,635.89,1,5,31.79,6.95,604.1,452.8,151.3,Online,Debit Card,1,0
ORD-03327,2023-01-26,2023-02-01,6,CUST-2871,Small Business,Midwest,Ohio,Home & Kitchen,Furniture,West Elm Desk,348.7,2,10,69.74,10.77,627.66,242.52,142.62,In-Store,Debit Card,2,1
ORD-03328,2023-08-20,2023-08-22,2,CUST-3185,Small Business,Southeast,Florida,Clothing,Accessories,Coach Wallet,78.02,1,5,3.9,16.84,74.12,50.67,23.45,In-Store,PayPal,5,0
ORD-03329,2023-11-23,2023-11-28,5,CUST-2656,Small Business,West,Oregon,Office Supplies,Organizers,AmazonBasics File Cabinet,94.21,1,0,0.0,10.77,94.21,56.49,37.72,In-Store,Debit Card,1,0
ORD-03330,2023-02-03,2023-02-08,5,CUST-1199,Corporate,Southeast,North Carolina,Electronics,Tablets,Samsung Galaxy Tab S6,340.16,2,5,34.02,18.54,646.3,234.05,178.2,Online,PayPal,3,0
ORD-03331,2023-04-14,2023-04-20,6,CUST-2408,Corporate,Southeast,North Carolina,Electronics,Monitors,ASUS ProArt 27,433.12,1,5,21.66,11.93,411.46,283.31,128.15,Online,Debit Card,5,0
ORD-03332,2023-09-02,2023-09-05,3,CUST-1123,Consumer,Southeast,North Carolina,Sports & Outdoors,Running,Nathan Hydration Vest,70.36,2,0,0.0,9.7,140.72,52.03,36.66,Online,Gift Card,3,0
ORD-03333,2023-07-06,2023-07-08,2,CUST-1420,Consumer,Southeast,North Carolina,Home & Kitchen,Decor,Wall Art Canvas,58.05,1,20,11.61,9.8,46.44,42.6,3.84,Online,Gift Card,4,0
ORD-03334,2023-05-07,2023-05-09,2,CUST-2790,Corporate,Northeast,Pennsylvania,Home & Kitchen,Storage,Sterilite Cart,41.76,1,10,4.18,12.88,37.58,28.24,9.34,Mobile App,Debit Card,3,0
ORD-03335,2023-07-22,2023-07-25,3,CUST-1790,Consumer,Southeast,Florida,Sports & Outdoors,Running,Brooks Ghost 15,139.28,1,0,0.0,5.79,139.28,81.9,57.38,Online,Apple Pay,5,0
ORD-03336,2023-03-24,2023-03-28,4,CUST-3045,Small Business,Midwest,Ohio,Electronics,Smartphones,Google Pixel 7a,384.96,1,0,0.0,9.33,384.96,264.23,120.73,In-Store,Gift Card,1,0
ORD-03337,2024-07-26,2024-07-30,4,CUST-2775,Consumer,Midwest,Wisconsin,Electronics,Monitors,ASUS ProArt 27,427.96,1,15,64.19,22.23,363.77,236.31,127.46,In-Store,Debit Card,5,0
ORD-03338,2023-11-25,2023-11-28,3,CUST-3116,Consumer,Midwest,Ohio,Office Supplies,Desks & Chairs,FlexiSpot Standing Desk,372.14,1,0,0.0,0.0,372.14,260.21,111.93,Online,Gift Card,3,0
ORD-03339,2024-09-07,2024-09-08,1,CUST-2152,Small Business,Midwest,Indiana,Clothing,Activewear,Puma Track Pants,48.56,1,0,0.0,19.42,48.56,31.44,17.12,Online,Debit Card,4,0
ORD-03340,2024-08-07,2024-08-12,5,CUST-3078,Small Business,Southeast,Florida,Electronics,Smartphones,Samsung Galaxy A54,332.87,3,0,0.0,12.58,998.61,243.85,267.06,Mobile App,Credit Card,4,0
ORD-03341,2023-12-30,2024-01-06,7,CUST-2955,Consumer,Southeast,North Carolina,Electronics,Tablets,iPad 10th Gen,459.17,2,0,0.0,23.49,918.34,335.08,248.18,Online,Apple Pay,1,0
ORD-03342,2024-12-24,2024-12-26,2,CUST-3154,Corporate,Northeast,New York,Electronics,Laptops,Lenovo ThinkPad E15,725.89,1,10,72.59,17.35,653.3,525.1,128.2,Mobile App,Apple Pay,4,1
ORD-03343,2024-08-29,2024-08-30,1,CUST-2576,Consumer,Southeast,Virginia,Home & Kitchen,Appliances,Keurig K-Slim,106.85,1,0,0.0,23.69,106.85,68.24,38.61,Online,Debit Card,5,0
ORD-03344,2023-08-18,2023-08-25,7,CUST-1295,Consumer,Southwest,Nevada,Clothing,Footwear,Nike Air Max 90,131.39,3,5,19.71,0.0,374.46,88.5,108.96,Mobile App,Credit Card,2,0
ORD-03345,2023-05-16,2023-05-19,3,CUST-1382,Consumer,Southeast,Virginia,Electronics,Headphones,AirPods Pro 2,254.23,5,0,0.0,15.87,1271.15,158.66,477.85,Online,Gift Card,3,0
ORD-03346,2024-05-10,2024-05-17,7,CUST-2710,Corporate,Southwest,New Mexico,Sports & Outdoors,Cycling,Garmin Edge 530,303.65,1,25,75.91,10.73,227.74,170.35,57.39,In-Store,Credit Card,2,0
ORD-03347,2024-06-21,2024-06-25,4,CUST-2409,Consumer,Southwest,Utah,Office Supplies,Organizers,Pendaflex Folders,14.82,2,10,2.96,21.22,26.68,8.85,8.98,Mobile App,PayPal,3,0
ORD-03348,2023-01-04,2023-01-11,7,CUST-2196,Corporate,Midwest,Ohio,Clothing,Women's Apparel,Adidas Yoga Pants,52.5,2,5,5.25,19.08,99.75,37.85,24.05,Online,PayPal,4,0
ORD-03349,2024-09-21,2024-09-26,5,CUST-2525,Consumer,Southeast,Georgia,Home & Kitchen,Cookware,Cuisinart Knife Set,77.67,4,5,15.53,14.61,295.15,52.95,83.35,Online,Credit Card,2,0
ORD-03350,2023-05-11,2023-05-17,6,CUST-1708,Consumer,West,California,Office Supplies,Desks & Chairs,Herman Miller Aeron,1356.89,4,10,542.76,13.5,4884.8,890.81,1321.56,In-Store,Credit Card,3,0
ORD-03351,2023-08-26,2023-08-29,3,CUST-1420,Consumer,Northeast,Pennsylvania,Electronics,Laptops,Dell Inspiron 15,531.57,2,0,0.0,18.64,1063.14,326.67,409.8,Online,Credit Card,4,0
ORD-03352,2023-02-27,2023-03-01,2,CUST-2532,Consumer,West,California,Clothing,Women's Apparel,Lululemon Tank,65.88,1,15,9.88,10.54,56.0,42.97,13.03,Online,PayPal,5,0
ORD-03353,2024-10-27,2024-11-01,5,CUST-2446,Small Business,Northeast,Connecticut,Clothing,Women's Apparel,Adidas Yoga Pants,57.65,1,0,0.0,12.37,57.65,41.4,16.25,Online,Gift Card,1,1
ORD-03354,2023-12-10,2023-12-17,7,CUST-1514,Small Business,Southwest,Nevada,Clothing,Activewear,Puma Track Pants,48.57,1,0,0.0,0.0,48.57,27.23,21.34,Online,Debit Card,4,0
ORD-03355,2024-09-13,2024-09-14,1,CUST-3125,Consumer,Southwest,Oklahoma,Home & Kitchen,Appliances,Instant Pot Duo 7-in-1,88.35,2,10,17.67,22.57,159.03,55.39,48.25,In-Store,PayPal,4,0
ORD-03356,2023-11-29,2023-12-04,5,CUST-2744,Corporate,Midwest,Illinois,Office Supplies,Printers,HP LaserJet Pro,298.98,1,25,74.75,18.91,224.23,201.27,22.96,Online,Apple Pay,3,0
ORD-03357,2023-12-04,2023-12-07,3,CUST-2990,Consumer,West,Washington,Electronics,Laptops,Lenovo ThinkPad E15,775.97,4,0,0.0,19.81,3103.88,570.06,823.64,Online,Gift Card,5,0
ORD-03358,2023-03-10,2023-03-11,1,CUST-2505,Corporate,Southeast,North Carolina,Sports & Outdoors,Running,Brooks Ghost 15,139.01,2,5,13.9,15.69,264.12,90.14,83.84,In-Store,Credit Card,3,0
ORD-03359,2023-05-30,2023-06-05,6,CUST-1366,Consumer,Midwest,Michigan,Sports & Outdoors,Team Sports,Adidas Soccer Ball,25.89,3,0,0.0,18.98,77.67,19.15,20.22,Online,Gift Card,4,0
ORD-03360,2023-04-19,2023-04-20,1,CUST-2684,Consumer,Midwest,Illinois,Electronics,Headphones,Bose QC45,293.55,3,15,132.1,15.22,748.55,192.87,169.94,In-Store,PayPal,5,0
ORD-03361,2024-04-08,2024-04-10,2,CUST-3407,Corporate,Southeast,Florida,Sports & Outdoors,Team Sports,Adidas Soccer Ball,23.98,1,0,0.0,19.63,23.98,16.94,7.04,In-Store,Gift Card,4,0
ORD-03362,2024-09-25,2024-09-27,2,CUST-2823,Small Business,Southeast,Florida,Clothing,Activewear,Puma Track Pants,49.6,1,0,0.0,17.5,49.6,36.99,12.61,In-Store,Credit Card,3,0
ORD-03363,2024-07-02,2024-07-03,1,CUST-3307,Small Business,Midwest,Ohio,Electronics,Smartphones,Google Pixel 7a,398.61,1,0,0.0,0.0,398.61,294.77,103.84,In-Store,Debit Card,4,0
ORD-03364,2023-06-14,2023-06-20,6,CUST-2625,Consumer,Northeast,Massachusetts,Home & Kitchen,Appliances,Keurig K-Slim,104.55,1,0,0.0,8.98,104.55,69.33,35.22,Online,Debit Card,4,0
ORD-03365,2024-04-19,2024-04-26,7,CUST-3115,Small Business,Southeast,North Carolina,Office Supplies,Desks & Chairs,Herman Miller Aeron,1360.21,4,5,272.04,9.82,5168.8,813.54,1914.64,Online,Credit Card,5,0
ORD-03366,2023-07-28,2023-08-01,4,CUST-1345,Corporate,Northeast,Connecticut,Office Supplies,Paper Products,Moleskine Notebook,14.9,1,0,0.0,16.57,14.9,10.84,4.06,In-Store,Debit Card,4,0
ORD-03367,2024-08-21,2024-08-23,2,CUST-1874,Corporate,Southwest,Nevada,Clothing,Accessories,Coach Wallet,76.22,2,15,22.87,7.91,129.57,46.03,37.51,In-Store,Gift Card,5,0
ORD-03368,2024-08-15,2024-08-18,3,CUST-1584,Consumer,Southeast,Virginia,Electronics,Monitors,Dell 24-inch FHD,196.31,1,15,29.45,18.71,166.86,114.57,52.29,Online,Debit Card,4,0
ORD-03369,2023-04-07,2023-04-13,6,CUST-1441,Consumer,Northeast,New Jersey,Sports & Outdoors,Running,Nathan Hydration Vest,66.74,3,15,30.03,21.45,170.19,39.17,52.68,In-Store,Credit Card,4,0
ORD-03370,2024-12-09,2024-12-10,1,CUST-3250,Corporate,West,Arizona,Electronics,Smartphones,iPhone SE,412.99,1,20,82.6,17.83,330.39,295.12,35.27,Mobile App,PayPal,4,0
ORD-03371,2023-05-16,2023-05-22,6,CUST-1699,Consumer,Southwest,Oklahoma,Office Supplies,Organizers,Pendaflex Folders,15.07,1,5,0.75,15.12,14.32,10.08,4.24,In-Store,Apple Pay,2,1
ORD-03372,2023-07-14,2023-07-20,6,CUST-3229,Corporate,Northeast,Massachusetts,Sports & Outdoors,Cycling,Schwinn Hybrid Bike,346.75,3,0,0.0,0.0,1040.25,257.28,268.41,Mobile App,Apple Pay,2,0
ORD-03373,2024-07-11,2024-07-17,6,CUST-3271,Consumer,Southwest,Oklahoma,Electronics,Headphones,AirPods Pro 2,244.24,3,20,146.54,0.0,586.18,135.58,179.44,Online,PayPal,4,1
ORD-03374,2023-04-18,2023-04-20,2,CUST-1076,Consumer,Northeast,Connecticut,Electronics,Headphones,AirPods Pro 2,252.1,1,0,0.0,23.25,252.1,179.79,72.31,Online,Apple Pay,4,0
ORD-03375,2023-06-10,2023-06-13,3,CUST-2168,Consumer,Northeast,New Jersey,Electronics,Tablets,iPad 10th Gen,433.38,3,20,260.03,12.14,1040.11,260.62,258.25,Online,Apple Pay,5,0
ORD-03376,2023-06-01,2023-06-05,4,CUST-1194,Consumer,Southwest,Nevada,Electronics,Headphones,Sony WH-1000XM5,307.77,3,15,138.5,0.0,784.81,225.13,109.42,In-Store,Gift Card,4,0
ORD-03377,2023-11-13,2023-11-16,3,CUST-1406,Small Business,Northeast,New Jersey,Sports & Outdoors,Cycling,Bell Helmet,50.37,2,5,5.04,14.53,95.7,28.47,38.76,In-Store,Credit Card,3,1
ORD-03378,2023-10-13,2023-10-14,1,CUST-1901,Corporate,Northeast,Massachusetts,Electronics,Smartphones,iPhone SE,434.18,2,15,130.25,0.0,738.11,310.52,117.07,Online,Gift Card,4,0
ORD-03379,2023-09-29,2023-10-05,6,CUST-1203,Corporate,Northeast,Connecticut,Electronics,Headphones,Bose QC45,281.92,4,10,112.77,0.0,1014.91,162.28,365.79,Online,Credit Card,3,0
ORD-03380,2023-01-29,2023-02-01,3,CUST-3050,Consumer,Southeast,Tennessee,Office Supplies,Printers,HP LaserJet Pro,304.1,1,0,0.0,19.27,304.1,215.1,89.0,Online,Apple Pay,3,0
ORD-03381,2023-02-13,2023-02-16,3,CUST-2551,Consumer,West,Washington,Electronics,Headphones,Sony WH-1000XM5,299.81,1,20,59.96,14.53,239.85,203.07,36.78,In-Store,Apple Pay,4,0
ORD-03382,2024-11-06,2024-11-12,6,CUST-1661,Small Business,Southeast,Virginia,Home & Kitchen,Storage,Sterilite Cart,40.03,1,0,0.0,24.7,40.03,25.16,14.87,Mobile App,Debit Card,2,1
ORD-03383,2023-04-24,2023-04-28,4,CUST-1175,Consumer,Southeast,North Carolina,Home & Kitchen,Appliances,Dyson V15 Vacuum,664.38,1,10,66.44,7.39,597.94,403.53,194.41,Online,Gift Card,4,0
ORD-03384,2023-02-24,2023-03-01,5,CUST-2873,Corporate,Southeast,Tennessee,Electronics,Monitors,ASUS ProArt 27,441.32,1,5,22.07,0.0,419.25,278.06,141.19,In-Store,Debit Card,3,0
ORD-03385,2024-08-13,2024-08-18,5,CUST-2525,Corporate,West,California,Home & Kitchen,Decor,Wall Art Canvas,57.09,1,0,0.0,24.36,57.09,31.96,25.13,Online,Debit Card,5,0
ORD-03386,2023-04-25,2023-05-02,7,CUST-1783,Corporate,Northeast,Connecticut,Home & Kitchen,Furniture,IKEA Kallax Shelf,88.18,2,10,17.64,0.0,158.72,65.58,27.56,Online,PayPal,3,0
ORD-03387,2023-04-13,2023-04-14,1,CUST-1887,Consumer,Northeast,New York,Home & Kitchen,Cookware,All-Clad Pan Set,260.32,1,10,26.03,23.25,234.29,162.36,71.93,In-Store,Apple Pay,4,0
ORD-03388,2024-01-24,2024-01-27,3,CUST-1496,Consumer,West,California,Office Supplies,Desks & Chairs,Autonomous SmartDesk,436.7,2,15,131.01,8.01,742.39,288.04,166.31,Online,Credit Card,5,0
ORD-03389,2024-04-26,2024-05-03,7,CUST-1473,Small Business,Midwest,Illinois,Sports & Outdoors,Cycling,Schwinn Hybrid Bike,351.58,1,15,52.74,0.0,298.84,254.87,43.97,Online,Gift Card,3,0
ORD-03390,2023-05-02,2023-05-04,2,CUST-1360,Corporate,Southeast,Virginia,Electronics,Smartphones,Samsung Galaxy A54,359.23,1,5,17.96,0.0,341.27,216.07,125.2,Online,Gift Card,3,0
ORD-03391,2023-07-23,2023-07-29,6,CUST-2544,Small Business,Midwest,Ohio,Electronics,Smartphones,Samsung Galaxy A54,338.95,5,20,338.95,12.61,1355.8,199.84,356.6,Online,Credit Card,5,0
ORD-03392,2023-07-02,2023-07-04,2,CUST-2055,Corporate,Northeast,New Jersey,Office Supplies,Printers,Brother Inkjet,143.64,1,5,7.18,7.25,136.46,106.21,30.25,Online,Gift Card,3,0
ORD-03393,2024-04-07,2024-04-09,2,CUST-2814,Consumer,Southeast,Tennessee,Clothing,Accessories,Ray-Ban Aviators,153.73,1,0,0.0,12.38,153.73,90.76,62.97,Mobile App,Apple Pay,5,0
ORD-03394,2023-12-25,2023-12-30,5,CUST-2394,Small Business,Northeast,New York,Sports & Outdoors,Cycling,Bell Helmet,52.28,1,0,0.0,15.12,52.28,31.48,20.8,In-Store,Apple Pay,1,1
ORD-03395,2024-06-17,2024-06-23,6,CUST-1875,Consumer,Southeast,Florida,Home & Kitchen,Furniture,Wayfair Sofa,511.87,3,0,0.0,16.3,1535.61,287.86,672.03,In-Store,Debit Card,2,0
ORD-03396,2024-09-08,2024-09-09,1,CUST-1781,Consumer,West,Washington,Office Supplies,Stationery,Pilot G2 Pen Pack,12.77,1,10,1.28,0.0,11.49,8.27,3.22,Online,PayPal,5,0
ORD-03397,2024-09-24,2024-09-27,3,CUST-2203,Consumer,Northeast,Pennsylvania,Clothing,Accessories,Ray-Ban Aviators,154.38,2,10,30.88,7.4,277.88,109.45,58.98,Mobile App,Gift Card,5,0
ORD-03398,2023-02-25,2023-02-27,2,CUST-1535,Corporate,Northeast,Connecticut,Home & Kitchen,Cookware,Cuisinart Knife Set,78.23,1,0,0.0,14.98,78.23,44.26,33.97,In-Store,Debit Card,3,0
ORD-03399,2023-08-26,2023-09-02,7,CUST-1604,Consumer,Southwest,Texas,Sports & Outdoors,Team Sports,Rawlings Baseball Glove,48.73,1,15,7.31,21.32,41.42,34.59,6.83,In-Store,Debit Card,4,0
ORD-03400,2023-08-24,2023-08-31,7,CUST-3222,Corporate,Midwest,Wisconsin,Clothing,Activewear,Puma Track Pants,50.0,1,10,5.0,20.8,45.0,34.07,10.93,Online,Credit Card,4,0
ORD-03401,2024-02-26,2024-03-03,6,CUST-3128,Corporate,Midwest,Indiana,Home & Kitchen,Storage,Container Store Bins,25.93,1,15,3.89,0.0,22.04,19.06,2.98,Online,PayPal,2,1
ORD-03402,2023-05-14,2023-05-20,6,CUST-1488,Consumer,Southeast,Florida,Office Supplies,Printers,Epson EcoTank,202.46,1,10,20.25,0.0,182.21,135.14,47.07,Online,Apple Pay,3,0
ORD-03403,2024-07-09,2024-07-10,1,CUST-3097,Corporate,Midwest,Michigan,Home & Kitchen,Furniture,West Elm Desk,348.14,3,15,156.66,24.35,887.76,240.0,167.76,In-Store,Credit Card,5,0
ORD-03404,2024-07-13,2024-07-16,3,CUST-3489,Consumer,Northeast,Massachusetts,Home & Kitchen,Cookware,All-Clad Pan Set,240.42,1,5,12.02,10.28,228.4,171.02,57.38,In-Store,Debit Card,5,0
ORD-03405,2024-08-01,2024-08-07,6,CUST-2922,Consumer,Southeast,Georgia,Electronics,Headphones,AirPods Pro 2,245.2,3,10,73.56,13.46,662.04,156.61,192.21,In-Store,Credit Card,4,0
ORD-03406,2023-01-25,2023-01-31,6,CUST-3106,Consumer,Southeast,Florida,Clothing,Women's Apparel,Lululemon Tank,65.71,3,10,19.71,8.69,177.42,36.44,68.1,Mobile App,Debit Card,5,1
ORD-03407,2023-05-03,2023-05-09,6,CUST-1954,Consumer,West,Arizona,Sports & Outdoors,Team Sports,Rawlings Baseball Glove,51.78,1,10,5.18,17.67,46.6,37.8,8.8,Online,Credit Card,2,0
ORD-03408,2024-01-07,2024-01-11,4,CUST-3295,Consumer,Midwest,Wisconsin,Office Supplies,Organizers,Pendaflex Folders,14.78,5,15,11.08,17.22,62.82,10.64,9.62,Mobile App,Gift Card,5,0
ORD-03409,2023-11-24,2023-12-01,7,CUST-3306,Consumer,West,Washington,Clothing,Men's Apparel,Nike Dri-FIT Tee,35.78,1,25,8.95,20.68,26.83,22.91,3.92,In-Store,Gift Card,3,0
ORD-03410,2024-02-16,2024-02-22,6,CUST-2953,Consumer,Southeast,Georgia,Home & Kitchen,Appliances,Keurig K-Slim,112.7,1,10,11.27,0.0,101.43,65.28,36.15,Online,PayPal,5,0
ORD-03411,2024-03-16,2024-03-19,3,CUST-1208,Corporate,Northeast,Massachusetts,Home & Kitchen,Furniture,Wayfair Sofa,518.77,3,0,0.0,21.75,1556.31,356.99,485.34,Mobile App,Debit Card,4,0
ORD-03412,2023-08-31,2023-09-07,7,CUST-2366,Consumer,Midwest,Ohio,Sports & Outdoors,Running,Brooks Ghost 15,142.34,5,5,35.59,15.22,676.11,79.82,277.01,Online,Gift Card,2,1
ORD-03413,2023-08-20,2023-08-24,4,CUST-1000,Consumer,Southwest,Texas,Office Supplies,Organizers,AmazonBasics File Cabinet,87.17,1,0,0.0,19.67,87.17,56.91,30.26,Online,Apple Pay,2,0
ORD-03414,2024-01-18,2024-01-24,6,CUST-3473,Consumer,West,Arizona,Clothing,Activewear,Puma Track Pants,47.93,1,0,0.0,18.42,47.93,27.19,20.74,In-Store,Credit Card,4,1
ORD-03415,2024-05-03,2024-05-07,4,CUST-2065,Consumer,Northeast,Pennsylvania,Home & Kitchen,Furniture,West Elm Desk,354.89,1,25,88.72,10.75,266.17,243.49,22.68,Online,PayPal,4,0
ORD-03416,2024-10-06,2024-10-11,5,CUST-2324,Small Business,Northeast,New Jersey,Sports & Outdoors,Team Sports,Rawlings Baseball Glove,49.3,2,0,0.0,5.59,98.6,27.74,43.12,Mobile App,Gift Card,2,0
ORD-03417,2024-10-12,2024-10-17,5,CUST-1888,Consumer,West,California,Home & Kitchen,Appliances,Instant Pot Duo 7-in-1,87.34,4,25,87.34,21.62,262.02,53.76,46.98,In-Store,Apple Pay,4,0
ORD-03418,2024-05-14,2024-05-20,6,CUST-1729,Corporate,West,Colorado,Sports & Outdoors,Running,Brooks Ghost 15,133.85,2,10,26.77,23.58,240.93,94.03,52.87,Mobile App,PayPal,1,0
ORD-03419,2024-07-18,2024-07-25,7,CUST-2191,Consumer,West,California,Electronics,Tablets,Amazon Fire HD 10,142.79,1,5,7.14,16.29,135.65,84.31,51.34,Mobile App,Credit Card,3,0
ORD-03420,2024-03-19,2024-03-20,1,CUST-2515,Corporate,Northeast,Pennsylvania,Clothing,Women's Apparel,Lululemon Tank,66.29,2,0,0.0,16.03,132.58,39.91,52.76,Online,Gift Card,2,1
ORD-03421,2024-07-06,2024-07-09,3,CUST-2099,Corporate,West,Oregon,Clothing,Accessories,Ray-Ban Aviators,163.61,2,15,49.08,15.0,278.14,121.09,35.96,Online,Apple Pay,5,1
ORD-03422,2023-11-29,2023-12-04,5,CUST-2051,Small Business,Midwest,Michigan,Sports & Outdoors,Fitness Equipment,Resistance Band Set,25.29,3,20,15.17,13.57,60.7,16.4,11.5,Online,Debit Card,3,0
ORD-03423,2024-10-25,2024-10-28,3,CUST-2967,Corporate,West,Arizona,Home & Kitchen,Storage,Container Store Bins,25.12,1,10,2.51,15.03,22.61,15.47,7.14,In-Store,Debit Card,5,0
ORD-03424,2024-04-30,2024-05-01,1,CUST-1275,Consumer,Northeast,Pennsylvania,Sports & Outdoors,Cycling,Garmin Edge 530,312.9,1,25,78.22,0.0,234.68,206.9,27.78,Mobile App,Apple Pay,4,0
ORD-03425,2023-02-02,2023-02-05,3,CUST-2045,Consumer,Midwest,Wisconsin,Office Supplies,Organizers,Bankers Box Set,24.92,2,15,7.48,0.0,42.36,13.98,14.4,In-Store,PayPal,3,0
ORD-03426,2023-11-20,2023-11-21,1,CUST-3151,Consumer,Northeast,New Jersey,Home & Kitchen,Decor,Yankee Candle Set,36.43,1,25,9.11,11.63,27.32,20.5,6.82,Online,Debit Card,4,0
ORD-03427,2024-10-17,2024-10-18,1,CUST-2931,Small Business,Southwest,Texas,Sports & Outdoors,Cycling,Bell Helmet,48.35,1,15,7.25,0.0,41.1,35.08,6.02,Online,Gift Card,5,0
ORD-03428,2024-10-19,2024-10-24,5,CUST-1948,Corporate,Southeast,Florida,Home & Kitchen,Appliances,Keurig K-Slim,106.46,4,0,0.0,13.58,425.84,66.4,160.24,Mobile App,Credit Card,4,0
ORD-03429,2023-12-30,2024-01-05,6,CUST-1038,Consumer,Midwest,Illinois,Sports & Outdoors,Camping Gear,Coleman Tent 4P,135.74,1,15,20.36,24.61,115.38,97.76,17.62,Online,Apple Pay,3,0
ORD-03430,2023-06-24,2023-06-27,3,CUST-3027,Corporate,West,Oregon,Clothing,Accessories,Coach Wallet,77.74,1,20,15.55,7.28,62.19,47.89,14.3,In-Store,Gift Card,3,0
ORD-03431,2023-09-29,2023-09-30,1,CUST-1192,Consumer,Southwest,Nevada,Sports & Outdoors,Camping Gear,Coleman Tent 4P,134.05,2,15,40.22,24.45,227.88,98.83,30.22,In-Store,Credit Card,5,0
ORD-03432,2024-03-25,2024-03-27,2,CUST-2664,Corporate,Southeast,Florida,Home & Kitchen,Storage,ClosetMaid Organizer,70.92,4,5,14.18,5.89,269.5,48.71,74.66,Online,Apple Pay,4,0
ORD-03433,2024-05-04,2024-05-09,5,CUST-1116,Consumer,West,Washington,Home & Kitchen,Cookware,All-Clad Pan Set,257.96,1,0,0.0,0.0,257.96,166.94,91.02,In-Store,Apple Pay,4,0
ORD-03434,2024-01-05,2024-01-11,6,CUST-2087,Consumer,Southeast,Georgia,Electronics,Headphones,Bose QC45,278.19,5,20,278.19,12.71,1112.76,186.55,180.01,Mobile App,Debit Card,2,0
ORD-03435,2023-06-24,2023-06-29,5,CUST-1596,Consumer,Southeast,North Carolina,Home & Kitchen,Cookware,Cuisinart Knife Set,81.03,3,10,24.31,15.11,218.78,60.05,38.63,Online,Gift Card,3,0
ORD-03436,2023-03-14,2023-03-21,7,CUST-2698,Consumer,Midwest,Ohio,Clothing,Men's Apparel,Nike Dri-FIT Tee,35.36,1,0,0.0,18.81,35.36,26.49,8.87,Online,PayPal,4,0
ORD-03437,2023-06-22,2023-06-25,3,CUST-2053,Consumer,Northeast,Pennsylvania,Home & Kitchen,Furniture,Wayfair Sofa,511.23,4,0,0.0,20.35,2044.92,354.4,627.32,Mobile App,Credit Card,2,0
ORD-03438,2024-03-27,2024-04-01,5,CUST-1539,Small Business,Northeast,New Jersey,Electronics,Smartphones,Google Pixel 7a,414.93,4,5,82.99,18.47,1576.73,260.96,532.89,Online,PayPal,3,0
ORD-03439,2024-07-26,2024-07-29,3,CUST-2892,Small Business,Midwest,Illinois,Sports & Outdoors,Fitness Equipment,Resistance Band Set,24.84,4,5,4.97,6.23,94.39,14.36,36.95,Online,Gift Card,5,0
ORD-03440,2023-05-30,2023-05-31,1,CUST-3275,Consumer,Northeast,Massachusetts,Sports & Outdoors,Running,Garmin Forerunner 55,207.79,1,10,20.78,13.72,187.01,135.98,51.03,Online,Credit Card,3,0
ORD-03441,2023-11-27,2023-12-01,4,CUST-2716,Corporate,Midwest,Michigan,Sports & Outdoors,Cycling,Schwinn Hybrid Bike,362.02,1,5,18.1,0.0,343.92,211.31,132.61,Online,PayPal,2,0
ORD-03442,2024-04-26,2024-04-27,1,CUST-2009,Consumer,Northeast,Massachusetts,Sports & Outdoors,Team Sports,Wilson Basketball,30.89,3,10,9.27,0.0,83.4,17.86,29.82,Mobile App,PayPal,5,0
ORD-03443,2023-08-13,2023-08-16,3,CUST-2601,Small Business,Northeast,Pennsylvania,Office Supplies,Desks & Chairs,FlexiSpot Standing Desk,370.63,2,5,37.06,21.85,704.2,269.18,165.84,In-Store,Apple Pay,5,1
ORD-03444,2024-08-03,2024-08-05,2,CUST-1260,Consumer,Northeast,Pennsylvania,Clothing,Activewear,Reebok Sports Bra,36.0,1,0,0.0,18.85,36.0,20.38,15.62,Mobile App,Apple Pay,3,0
ORD-03445,2023-02-05,2023-02-11,6,CUST-2224,Consumer,Southeast,Florida,Office Supplies,Printers,Epson EcoTank,197.51,2,0,0.0,7.96,395.02,129.53,135.96,In-Store,Apple Pay,5,0
ORD-03446,2024-01-01,2024-01-03,2,CUST-2585,Consumer,Northeast,New York,Office Supplies,Desks & Chairs,FlexiSpot Standing Desk,363.15,1,5,18.16,20.04,344.99,216.23,128.76,Online,PayPal,2,0
ORD-03447,2023-04-10,2023-04-16,6,CUST-1184,Corporate,Southwest,Utah,Office Supplies,Desks & Chairs,Autonomous SmartDesk,459.62,1,0,0.0,0.0,459.62,258.93,200.69,Mobile App,Debit Card,3,0
ORD-03448,2024-11-30,2024-12-03,3,CUST-3417,Corporate,West,Washington,Office Supplies,Organizers,AmazonBasics File Cabinet,88.72,2,25,44.36,24.38,133.08,56.98,19.12,Online,PayPal,4,0
ORD-03449,2023-11-12,2023-11-14,2,CUST-2308,Small Business,Northeast,New Jersey,Home & Kitchen,Storage,ClosetMaid Organizer,69.19,2,0,0.0,8.86,138.38,46.14,46.1,Mobile App,Gift Card,5,1
ORD-03450,2024-01-05,2024-01-06,1,CUST-2291,Small Business,Northeast,New Jersey,Home & Kitchen,Cookware,Cuisinart Knife Set,78.04,5,10,39.02,24.95,351.18,44.88,126.78,Online,Apple Pay,5,0
ORD-03451,2024-06-24,2024-06-26,2,CUST-2722,Consumer,West,California,Clothing,Women's Apparel,North Face Fleece,95.1,1,10,9.51,17.56,85.59,60.44,25.15,Online,Debit Card,5,0
ORD-03452,2024-04-25,2024-04-27,2,CUST-3344,Consumer,West,Arizona,Electronics,Monitors,LG 27-inch 4K,339.89,2,0,0.0,8.51,679.78,246.0,187.78,Online,Credit Card,4,0
ORD-03453,2024-07-16,2024-07-23,7,CUST-2731,Consumer,Northeast,New York,Office Supplies,Stationery,Staedtler Pencil Set,9.7,2,20,3.88,8.75,15.52,6.5,2.52,In-Store,Gift Card,3,1
ORD-03454,2023-01-22,2023-01-24,2,CUST-2016,Small Business,Northeast,Massachusetts,Clothing,Activewear,Reebok Sports Bra,35.8,1,20,7.16,10.31,28.64,24.24,4.4,Mobile App,Gift Card,4,1
ORD-03455,2024-01-14,2024-01-18,4,CUST-2070,Consumer,Midwest,Wisconsin,Electronics,Tablets,Amazon Fire HD 10,149.78,2,15,44.93,14.99,254.63,110.87,32.89,Online,Credit Card,3,0
ORD-03456,2023-10-07,2023-10-13,6,CUST-2984,Corporate,Northeast,New Jersey,Home & Kitchen,Storage,Sterilite Cart,39.52,2,10,7.9,0.0,71.14,25.8,19.54,Mobile App,Apple Pay,1,0
ORD-03457,2024-01-17,2024-01-24,7,CUST-2604,Consumer,Northeast,New Jersey,Clothing,Footwear,New Balance 574,88.2,2,0,0.0,20.5,176.4,55.33,65.74,Online,Gift Card,4,0
ORD-03458,2024-01-01,2024-01-04,3,CUST-1771,Consumer,West,Colorado,Sports & Outdoors,Team Sports,Rawlings Baseball Glove,51.39,4,0,0.0,10.03,205.56,36.85,58.16,Mobile App,Apple Pay,4,0
ORD-03459,2024-10-29,2024-11-05,7,CUST-2736,Consumer,West,Colorado,Clothing,Women's Apparel,Lululemon Tank,68.05,1,5,3.4,12.18,64.65,38.39,26.26,Mobile App,Credit Card,5,0
ORD-03460,2024-02-03,2024-02-04,1,CUST-1876,Consumer,Southeast,North Carolina,Office Supplies,Desks & Chairs,FlexiSpot Standing Desk,388.05,2,15,116.42,0.0,659.68,249.95,159.78,Online,Credit Card,5,0
ORD-03461,2024-10-17,2024-10-24,7,CUST-2111,Consumer,Southeast,Tennessee,Sports & Outdoors,Fitness Equipment,Peloton Bike Mat,62.11,4,5,12.42,16.74,236.02,36.32,90.74,Mobile App,PayPal,2,0
ORD-03462,2024-06-30,2024-07-05,5,CUST-1048,Consumer,Midwest,Michigan,Office Supplies,Stationery,Staedtler Pencil Set,9.99,3,5,1.5,13.81,28.47,6.14,10.05,Mobile App,Debit Card,4,0
ORD-03463,2024-10-12,2024-10-16,4,CUST-1026,Consumer,Northeast,Massachusetts,Office Supplies,Stationery,Pilot G2 Pen Pack,12.89,2,0,0.0,20.26,25.78,9.58,6.62,In-Store,PayPal,3,0
ORD-03464,2024-08-03,2024-08-10,7,CUST-2924,Small Business,West,Colorado,Electronics,Tablets,Samsung Galaxy Tab S6,336.42,1,0,0.0,8.88,336.42,230.25,106.17,Online,Debit Card,4,1
ORD-03465,2023-05-18,2023-05-20,2,CUST-2310,Consumer,Southwest,Nevada,Home & Kitchen,Storage,ClosetMaid Organizer,73.35,2,0,0.0,5.39,146.7,45.57,55.56,Online,Credit Card,2,1
ORD-03466,2023-06-05,2023-06-10,5,CUST-2189,Consumer,Southeast,Georgia,Clothing,Men's Apparel,Levi's 501 Jeans,60.11,1,25,15.03,14.38,45.08,41.55,3.53,In-Store,Debit Card,5,0
ORD-03467,2023-05-18,2023-05-25,7,CUST-2049,Consumer,Northeast,New York,Electronics,Monitors,Dell 24-inch FHD,199.39,1,5,9.97,5.91,189.42,125.59,63.83,In-Store,Gift Card,3,0
ORD-03468,2023-04-21,2023-04-23,2,CUST-1574,Corporate,Midwest,Illinois,Office Supplies,Paper Products,Post-it Notes Bulk,20.79,1,5,1.04,0.0,19.75,14.55,5.2,Mobile App,Gift Card,3,0
ORD-03469,2024-04-23,2024-04-27,4,CUST-1945,Corporate,Southeast,Georgia,Home & Kitchen,Appliances,Dyson V15 Vacuum,646.53,1,0,0.0,21.12,646.53,369.09,277.44,In-Store,PayPal,5,0
ORD-03470,2024-04-22,2024-04-24,2,CUST-1524,Corporate,Southeast,Virginia,Electronics,Tablets,Amazon Fire HD 10,149.21,5,5,37.3,16.9,708.75,110.12,158.15,Online,Gift Card,4,0
ORD-03471,2023-09-11,2023-09-15,4,CUST-1082,Corporate,Northeast,Connecticut,Office Supplies,Desks & Chairs,FlexiSpot Standing Desk,374.46,1,0,0.0,21.61,374.46,276.14,98.32,Online,Apple Pay,4,0
ORD-03472,2023-10-05,2023-10-06,1,CUST-2389,Consumer,Midwest,Michigan,Home & Kitchen,Storage,Sterilite Cart,39.57,4,0,0.0,16.26,158.28,23.3,65.08,Online,Gift Card,4,0
ORD-03473,2023-09-24,2023-09-29,5,CUST-3340,Consumer,West,Arizona,Home & Kitchen,Furniture,IKEA Kallax Shelf,85.52,1,0,0.0,16.53,85.52,63.3,22.22,In-Store,Apple Pay,3,0
ORD-03474,2024-02-20,2024-02-26,6,CUST-3322,Small Business,West,Colorado,Sports & Outdoors,Team Sports,Wilson Basketball,29.05,3,10,8.71,8.88,78.44,21.34,14.42,In-Store,Apple Pay,3,0
ORD-03475,2024-05-13,2024-05-18,5,CUST-1022,Consumer,West,Arizona,Office Supplies,Paper Products,HP Printer Paper 5-Ream,30.22,1,20,6.04,18.98,24.18,22.59,1.59,Online,Debit Card,3,0
ORD-03476,2024-06-03,2024-06-06,3,CUST-2347,Small Business,West,California,Office Supplies,Printers,Epson EcoTank,197.56,1,25,49.39,22.49,148.17,139.29,8.88,Online,Debit Card,2,1
ORD-03477,2023-01-24,2023-01-27,3,CUST-3183,Consumer,Southeast,Virginia,Sports & Outdoors,Team Sports,Rawlings Baseball Glove,51.85,3,0,0.0,20.03,155.55,37.25,43.8,In-Store,PayPal,3,0
ORD-03478,2024-08-06,2024-08-12,6,CUST-1729,Consumer,West,Washington,Home & Kitchen,Appliances,Dyson V15 Vacuum,680.45,1,25,170.11,10.68,510.34,491.9,18.44,In-Store,Credit Card,2,1
ORD-03479,2024-11-06,2024-11-09,3,CUST-2985,Consumer,Northeast,Massachusetts,Home & Kitchen,Furniture,West Elm Desk,359.44,3,5,53.92,18.73,1024.4,220.45,363.05,Online,Credit Card,3,0
ORD-03480,2023-05-21,2023-05-22,1,CUST-1781,Corporate,Northeast,Pennsylvania,Office Supplies,Organizers,Pendaflex Folders,14.25,4,0,0.0,14.91,57.0,10.44,15.24,Online,Credit Card,3,0
ORD-03481,2024-04-20,2024-04-27,7,CUST-1773,Small Business,Midwest,Illinois,Electronics,Headphones,Bose QC45,277.44,1,10,27.74,0.0,249.7,207.28,42.42,Online,PayPal,2,0
ORD-03482,2023-06-29,2023-06-30,1,CUST-2990,Small Business,West,California,Electronics,Monitors,LG 27-inch 4K,342.98,2,15,102.89,7.41,583.07,235.38,112.31,In-Store,Credit Card,5,0
ORD-03483,2023-02-26,2023-02-27,1,CUST-1676,Consumer,Northeast,Massachusetts,Clothing,Accessories,Fossil Watch,128.46,1,15,19.27,7.17,109.19,95.75,13.44,In-Store,PayPal,4,0
ORD-03484,2024-08-13,2024-08-18,5,CUST-3077,Consumer,Southeast,Florida,Electronics,Smartphones,Samsung Galaxy A54,338.02,1,20,67.6,9.34,270.42,251.6,18.82,In-Store,Gift Card,2,1
ORD-03485,2023-05-04,2023-05-11,7,CUST-2390,Corporate,Southeast,Georgia,Sports & Outdoors,Camping Gear,Yeti Cooler,255.32,1,0,0.0,6.69,255.32,180.34,74.98,Online,Credit Card,3,0
ORD-03486,2023-08-18,2023-08-24,6,CUST-2247,Corporate,West,California,Electronics,Tablets,Amazon Fire HD 10,157.49,1,10,15.75,22.11,141.74,111.52,30.22,In-Store,Debit Card,3,0
ORD-03487,2024-12-05,2024-12-12,7,CUST-1466,Consumer,Midwest,Wisconsin,Sports & Outdoors,Team Sports,Rawlings Baseball Glove,48.7,3,5,7.31,18.1,138.79,33.26,39.01,Mobile App,PayPal,2,1
ORD-03488,2024-03-21,2024-03-26,5,CUST-1596,Consumer,West,California,Electronics,Tablets,iPad 10th Gen,469.11,4,0,0.0,21.26,1876.44,286.31,731.2,Online,PayPal,3,0
ORD-03489,2024-10-25,2024-10-31,6,CUST-1517,Small Business,Midwest,Illinois,Office Supplies,Organizers,Bankers Box Set,24.22,2,10,4.84,0.0,43.6,17.03,9.54,In-Store,Gift Card,3,0
ORD-03490,2023-02-22,2023-02-23,1,CUST-1077,Consumer,West,Oregon,Sports & Outdoors,Cycling,Bell Helmet,51.07,2,5,5.11,23.91,97.03,37.08,22.87,Mobile App,Gift Card,3,0
ORD-03491,2023-04-10,2023-04-17,7,CUST-2935,Corporate,Northeast,Pennsylvania,Office Supplies,Stationery,Pilot G2 Pen Pack,13.18,1,0,0.0,16.66,13.18,7.68,5.5,Online,Credit Card,2,0
ORD-03492,2024-07-18,2024-07-19,1,CUST-3129,Consumer,West,California,Office Supplies,Paper Products,HP Printer Paper 5-Ream,28.9,2,25,14.45,11.88,43.35,19.91,3.53,Online,Credit Card,4,0
ORD-03493,2024-11-03,2024-11-10,7,CUST-3225,Consumer,West,California,Home & Kitchen,Decor,Wall Art Canvas,61.77,2,0,0.0,0.0,123.54,37.21,49.12,Online,PayPal,4,0
ORD-03494,2023-07-10,2023-07-17,7,CUST-2284,Corporate,West,Arizona,Electronics,Tablets,Samsung Galaxy Tab S6,337.99,5,0,0.0,18.53,1689.95,206.25,658.7,In-Store,Debit Card,3,0
ORD-03495,2023-09-07,2023-09-13,6,CUST-3061,Consumer,Northeast,Pennsylvania,Clothing,Women's Apparel,North Face Fleece,101.1,1,0,0.0,15.09,101.1,58.4,42.7,Online,Debit Card,5,0
ORD-03496,2023-12-16,2023-12-20,4,CUST-2052,Corporate,Northeast,Pennsylvania,Sports & Outdoors,Cycling,Bell Helmet,48.44,2,0,0.0,21.14,96.88,29.12,38.64,Online,PayPal,2,1
ORD-03497,2024-12-16,2024-12-21,5,CUST-2496,Corporate,Midwest,Michigan,Electronics,Tablets,Samsung Galaxy Tab S6,334.49,3,25,250.87,24.63,752.6,204.09,140.33,In-Store,Credit Card,3,0
ORD-03498,2023-10-04,2023-10-09,5,CUST-3348,Consumer,Southwest,Texas,Clothing,Activewear,Under Armour Shorts,39.8,1,0,0.0,23.57,39.8,27.44,12.36,Online,Debit Card,2,0
ORD-03499,2023-12-10,2023-12-16,6,CUST-2555,Corporate,Southwest,Oklahoma,Clothing,Accessories,Coach Wallet,77.75,3,5,11.66,11.41,221.59,56.01,53.56,Online,PayPal,5,0
ORD-03500,2024-12-28,2025-01-04,7,CUST-3421,Consumer,Southwest,New Mexico,Office Supplies,Organizers,Bankers Box Set,23.77,2,20,9.51,21.72,38.03,16.5,5.03,Online,Credit Card,1,1
ORD-03501,2023-10-17,2023-10-21,4,CUST-1829,Consumer,Southeast,Georgia,Electronics,Laptops,HP Pavilion x360,650.7,5,5,162.68,22.81,3090.82,466.97,755.97,Mobile App,PayPal,5,0
ORD-03502,2023-11-24,2023-11-29,5,CUST-1862,Consumer,West,California,Home & Kitchen,Decor,Yankee Candle Set,35.44,1,10,3.54,19.35,31.9,25.42,6.48,Online,Apple Pay,5,0
ORD-03503,2023-12-15,2023-12-16,1,CUST-2292,Small Business,Southwest,Utah,Clothing,Activewear,Puma Track Pants,49.86,3,5,7.48,18.12,142.1,31.98,46.16,Mobile App,PayPal,4,0
ORD-03504,2024-04-19,2024-04-23,4,CUST-1752,Consumer,Southeast,Florida,Sports & Outdoors,Camping Gear,Coleman Tent 4P,128.59,1,0,0.0,0.0,128.59,82.24,46.35,In-Store,Gift Card,3,0
ORD-03505,2023-10-15,2023-10-17,2,CUST-2832,Consumer,Southwest,Nevada,Clothing,Women's Apparel,Lululemon Tank,70.84,1,5,3.54,11.88,67.3,46.09,21.21,In-Store,Apple Pay,4,0
ORD-03506,2024-10-07,2024-10-11,4,CUST-2371,Corporate,Southeast,Virginia,Clothing,Women's Apparel,North Face Fleece,95.55,1,10,9.55,15.75,86.0,53.57,32.43,In-Store,Credit Card,3,0
ORD-03507,2023-02-07,2023-02-13,6,CUST-2235,Corporate,Northeast,Massachusetts,Electronics,Headphones,Bose QC45,276.14,2,10,55.23,15.79,497.05,168.96,159.13,Online,Credit Card,3,0
ORD-03508,2024-07-21,2024-07-23,2,CUST-1533,Small Business,West,Colorado,Sports & Outdoors,Fitness Equipment,Resistance Band Set,24.87,2,5,2.49,21.72,47.25,15.62,16.01,Mobile App,Debit Card,4,0
ORD-03509,2024-07-04,2024-07-07,3,CUST-1181,Consumer,West,Colorado,Clothing,Women's Apparel,Lululemon Tank,68.87,1,10,6.89,12.74,61.98,39.08,22.9,Mobile App,Debit Card,5,0
ORD-03510,2024-05-15,2024-05-19,4,CUST-1114,Corporate,Southwest,Nevada,Sports & Outdoors,Camping Gear,REI Sleeping Bag,179.02,1,5,8.95,18.96,170.07,101.15,68.92,Online,Apple Pay,4,0
ORD-03511,2023-06-10,2023-06-16,6,CUST-1753,Small Business,Northeast,New York,Clothing,Women's Apparel,Lululemon Tank,66.34,3,10,19.9,8.48,179.12,48.79,32.75,Online,Apple Pay,3,0
ORD-03512,2024-03-08,2024-03-10,2,CUST-1978,Corporate,Northeast,Massachusetts,Electronics,Laptops,Lenovo ThinkPad E15,781.36,2,20,312.54,24.27,1250.18,504.5,241.18,Online,Credit Card,5,0
ORD-03513,2023-04-29,2023-05-04,5,CUST-2259,Corporate,Southeast,Virginia,Sports & Outdoors,Fitness Equipment,Peloton Bike Mat,62.88,1,0,0.0,11.55,62.88,43.0,19.88,In-Store,Apple Pay,1,0
ORD-03514,2024-09-24,2024-09-28,4,CUST-1115,Corporate,Midwest,Wisconsin,Home & Kitchen,Decor,Wall Art Canvas,62.04,2,0,0.0,23.19,124.08,34.29,55.5,Mobile App,Debit Card,4,0
ORD-03515,2023-09-22,2023-09-24,2,CUST-1052,Corporate,Northeast,Pennsylvania,Home & Kitchen,Furniture,Wayfair Sofa,507.11,1,5,25.36,5.06,481.75,347.4,134.35,Online,Debit Card,4,0
ORD-03516,2023-10-25,2023-10-31,6,CUST-1693,Corporate,West,California,Office Supplies,Organizers,Bankers Box Set,25.98,1,10,2.6,15.45,23.38,19.46,3.92,In-Store,PayPal,4,0
ORD-03517,2023-11-04,2023-11-11,7,CUST-1095,Corporate,Northeast,Connecticut,Electronics,Smartphones,Google Pixel 7a,398.33,2,15,119.5,10.62,677.16,273.93,129.3,Mobile App,PayPal,4,0
ORD-03518,2023-12-17,2023-12-21,4,CUST-2739,Consumer,Southeast,Georgia,Electronics,Laptops,Lenovo ThinkPad E15,742.18,2,0,0.0,20.85,1484.36,521.96,440.44,In-Store,PayPal,3,0
ORD-03519,2023-08-22,2023-08-23,1,CUST-2442,Consumer,Southeast,Florida,Home & Kitchen,Furniture,IKEA Kallax Shelf,87.25,2,0,0.0,9.56,174.5,55.63,63.24,Mobile App,Debit Card,5,0
ORD-03520,2024-02-10,2024-02-11,1,CUST-1628,Consumer,Midwest,Ohio,Sports & Outdoors,Team Sports,Rawlings Baseball Glove,51.13,1,0,0.0,11.58,51.13,37.32,13.81,Mobile App,Debit Card,2,1
ORD-03521,2024-09-16,2024-09-18,2,CUST-1282,Small Business,Northeast,Pennsylvania,Sports & Outdoors,Camping Gear,Coleman Tent 4P,126.02,3,0,0.0,20.48,378.06,78.63,142.17,Online,Apple Pay,3,0
ORD-03522,2023-08-13,2023-08-15,2,CUST-1955,Consumer,Midwest,Indiana,Electronics,Headphones,Bose QC45,287.45,1,10,28.75,13.97,258.7,203.4,55.3,Mobile App,PayPal,5,0
ORD-03523,2023-05-03,2023-05-08,5,CUST-3400,Consumer,Midwest,Illinois,Sports & Outdoors,Running,Nathan Hydration Vest,66.7,2,0,0.0,12.7,133.4,46.9,39.6,In-Store,PayPal,2,1
ORD-03524,2023-08-20,2023-08-24,4,CUST-1322,Corporate,Northeast,Connecticut,Electronics,Headphones,Bose QC45,276.15,2,20,110.46,9.12,441.84,187.8,66.24,Online,Credit Card,1,1
ORD-03525,2023-09-06,2023-09-07,1,CUST-2113,Consumer,West,Washington,Electronics,Smartphones,Samsung Galaxy A54,349.89,1,20,69.98,9.57,279.91,222.34,57.57,In-Store,Credit Card,4,0
ORD-03526,2023-05-12,2023-05-13,1,CUST-3395,Corporate,Northeast,New Jersey,Office Supplies,Organizers,AmazonBasics File Cabinet,87.96,2,10,17.59,11.59,158.33,53.51,51.31,In-Store,Gift Card,5,0
ORD-03527,2023-06-13,2023-06-16,3,CUST-3174,Small Business,Northeast,New York,Home & Kitchen,Appliances,Dyson V15 Vacuum,651.82,1,10,65.18,19.86,586.64,388.97,197.67,Online,Apple Pay,4,0
ORD-03528,2023-05-12,2023-05-19,7,CUST-2847,Consumer,Midwest,Illinois,Electronics,Headphones,Sony WH-1000XM5,300.14,1,0,0.0,21.93,300.14,192.27,107.87,Mobile App,PayPal,1,0
ORD-03529,2023-02-01,2023-02-02,1,CUST-2864,Consumer,Southeast,North Carolina,Home & Kitchen,Cookware,Lodge Cast Iron Skillet,30.03,2,5,3.0,8.43,57.06,22.22,12.62,In-Store,Gift Card,1,1
ORD-03530,2024-08-27,2024-08-28,1,CUST-3416,Consumer,Midwest,Michigan,Office Supplies,Organizers,Pendaflex Folders,15.02,1,20,3.0,23.2,12.02,10.75,1.27,Mobile App,Debit Card,5,0
ORD-03531,2024-07-19,2024-07-24,5,CUST-3152,Small Business,West,Colorado,Sports & Outdoors,Running,Brooks Ghost 15,142.85,5,15,107.14,0.0,607.11,83.75,188.36,Online,PayPal,2,1
ORD-03532,2024-10-05,2024-10-09,4,CUST-2818,Corporate,Midwest,Michigan,Clothing,Women's Apparel,North Face Fleece,102.3,2,0,0.0,9.62,204.6,60.71,83.18,Mobile App,Apple Pay,4,0
ORD-03533,2024-10-29,2024-10-31,2,CUST-2060,Corporate,Midwest,Wisconsin,Electronics,Tablets,Amazon Fire HD 10,146.25,2,10,29.25,12.4,263.25,103.46,56.33,Mobile App,PayPal,5,0
ORD-03534,2023-12-01,2023-12-06,5,CUST-1339,Corporate,Northeast,Massachusetts,Office Supplies,Paper Products,HP Printer Paper 5-Ream,30.05,3,0,0.0,12.99,90.15,19.42,31.89,In-Store,Credit Card,3,0
ORD-03535,2024-01-29,2024-02-04,6,CUST-2132,Consumer,Southeast,Virginia,Electronics,Tablets,iPad 10th Gen,457.89,2,20,183.16,20.41,732.62,321.71,89.2,Online,Apple Pay,2,0
ORD-03536,2024-03-09,2024-03-14,5,CUST-1896,Consumer,Northeast,New York,Clothing,Footwear,New Balance 574,90.38,2,20,36.15,11.69,144.61,57.2,30.21,Online,Debit Card,3,0
ORD-03537,2023-05-29,2023-06-01,3,CUST-3449,Corporate,West,California,Clothing,Footwear,Adidas Ultraboost,186.83,2,0,0.0,15.13,373.66,120.79,132.08,Mobile App,Credit Card,4,0
ORD-03538,2024-08-31,2024-09-05,5,CUST-1673,Consumer,Southeast,Georgia,Clothing,Accessories,Coach Wallet,82.62,1,0,0.0,17.62,82.62,59.86,22.76,Online,Credit Card,1,0
ORD-03539,2023-07-22,2023-07-24,2,CUST-1400,Corporate,Northeast,Massachusetts,Office Supplies,Desks & Chairs,Herman Miller Aeron,1254.79,1,25,313.7,7.57,941.09,813.29,127.8,In-Store,PayPal,5,0
ORD-03540,2023-04-16,2023-04-19,3,CUST-1829,Small Business,Southeast,North Carolina,Office Supplies,Stationery,Staedtler Pencil Set,10.48,2,10,2.1,6.4,18.86,7.74,3.38,In-Store,Apple Pay,4,0
ORD-03541,2023-04-30,2023-05-07,7,CUST-2148,Consumer,West,Arizona,Clothing,Activewear,Under Armour Shorts,40.59,2,5,4.06,12.88,77.12,29.65,17.82,Online,Gift Card,1,0
ORD-03542,2024-12-30,2025-01-03,4,CUST-3085,Corporate,Northeast,New Jersey,Sports & Outdoors,Fitness Equipment,Resistance Band Set,24.57,2,20,9.83,19.92,39.31,16.24,6.83,Online,PayPal,4,0
ORD-03543,2023-11-19,2023-11-25,6,CUST-3295,Consumer,Midwest,Ohio,Electronics,Tablets,Amazon Fire HD 10,156.34,3,10,46.9,23.51,422.12,91.59,147.35,Online,Debit Card,4,0
ORD-03544,2024-06-13,2024-06-17,4,CUST-3131,Corporate,Northeast,Pennsylvania,Clothing,Activewear,Under Armour Shorts,41.93,2,15,12.58,22.74,71.28,31.42,8.44,Online,Apple Pay,4,0
ORD-03545,2023-04-09,2023-04-11,2,CUST-2951,Corporate,Midwest,Michigan,Home & Kitchen,Cookware,All-Clad Pan Set,261.61,2,0,0.0,20.91,523.22,145.14,232.94,Online,Gift Card,5,0
ORD-03546,2024-11-15,2024-11-20,5,CUST-2526,Consumer,West,Oregon,Home & Kitchen,Storage,Container Store Bins,25.75,2,5,2.58,7.95,48.92,14.23,20.46,Online,Gift Card,1,0
ORD-03547,2023-06-05,2023-06-07,2,CUST-2503,Small Business,Southwest,Texas,Clothing,Women's Apparel,Lululemon Tank,66.09,1,0,0.0,17.18,66.09,41.83,24.26,In-Store,Apple Pay,4,0
ORD-03548,2024-02-29,2024-03-03,3,CUST-3079,Small Business,Southwest,Nevada,Sports & Outdoors,Fitness Equipment,Bowflex Dumbbells,334.14,1,0,0.0,23.29,334.14,238.92,95.22,Mobile App,Apple Pay,5,0
ORD-03549,2024-06-25,2024-07-01,6,CUST-2652,Small Business,Southwest,New Mexico,Home & Kitchen,Decor,Wall Art Canvas,57.55,1,0,0.0,6.43,57.55,32.84,24.71,In-Store,PayPal,4,0
ORD-03550,2024-09-24,2024-09-29,5,CUST-2910,Corporate,Northeast,New York,Sports & Outdoors,Team Sports,Wilson Basketball,29.48,2,5,2.95,12.18,56.01,20.91,14.19,Mobile App,Apple Pay,1,1
ORD-03551,2024-06-14,2024-06-15,1,CUST-1286,Small Business,Northeast,Massachusetts,Sports & Outdoors,Fitness Equipment,Resistance Band Set,25.88,1,0,0.0,20.22,25.88,19.34,6.54,Mobile App,PayPal,5,0
ORD-03552,2024-08-07,2024-08-12,5,CUST-1840,Small Business,West,California,Sports & Outdoors,Cycling,Bell Helmet,47.68,2,15,14.3,23.42,81.06,26.75,27.56,Mobile App,Credit Card,5,0
ORD-03553,2024-08-26,2024-08-28,2,CUST-1596,Small Business,Northeast,New Jersey,Sports & Outdoors,Cycling,Schwinn Hybrid Bike,350.21,1,15,52.53,7.75,297.68,223.86,73.82,Online,PayPal,5,1
ORD-03554,2024-02-08,2024-02-09,1,CUST-3086,Consumer,West,Oregon,Sports & Outdoors,Camping Gear,REI Sleeping Bag,173.91,1,5,8.7,0.0,165.21,103.78,61.43,Mobile App,Debit Card,5,0
ORD-03555,2024-05-26,2024-05-27,1,CUST-1282,Corporate,Southeast,Florida,Clothing,Activewear,Reebok Sports Bra,35.0,1,0,0.0,0.0,35.0,19.82,15.18,In-Store,Gift Card,3,0
ORD-03556,2023-07-16,2023-07-18,2,CUST-1462,Corporate,West,Arizona,Clothing,Accessories,Ray-Ban Aviators,156.5,1,20,31.3,18.99,125.2,102.51,22.69,Online,Credit Card,5,0
ORD-03557,2023-08-10,2023-08-17,7,CUST-2525,Consumer,Northeast,New York,Sports & Outdoors,Camping Gear,Coleman Tent 4P,125.54,3,10,37.66,19.06,338.96,88.19,74.39,In-Store,Debit Card,4,0
ORD-03558,2023-11-23,2023-11-24,1,CUST-1480,Consumer,Southeast,North Carolina,Home & Kitchen,Decor,Yankee Candle Set,36.67,1,0,0.0,21.67,36.67,26.92,9.75,Mobile App,Debit Card,4,0
ORD-03559,2023-10-12,2023-10-16,4,CUST-3040,Consumer,Midwest,Illinois,Sports & Outdoors,Fitness Equipment,Peloton Bike Mat,60.38,3,5,9.06,9.06,172.08,39.2,54.48,Mobile App,PayPal,5,0
ORD-03560,2024-09-13,2024-09-15,2,CUST-1493,Consumer,Southeast,Virginia,Home & Kitchen,Appliances,Keurig K-Slim,114.42,1,0,0.0,22.47,114.42,82.36,32.06,In-Store,PayPal,4,0
ORD-03561,2023-06-17,2023-06-18,1,CUST-1965,Corporate,Southwest,Nevada,Office Supplies,Printers,HP LaserJet Pro,311.89,1,20,62.38,22.49,249.51,197.51,52.0,In-Store,PayPal,5,0
ORD-03562,2023-11-16,2023-11-20,4,CUST-3270,Consumer,Northeast,Massachusetts,Sports & Outdoors,Fitness Equipment,Resistance Band Set,25.01,4,5,5.0,5.43,95.04,17.68,24.32,In-Store,Debit Card,5,0
ORD-03563,2024-08-11,2024-08-17,6,CUST-2206,Corporate,Southeast,Virginia,Office Supplies,Paper Products,Post-it Notes Bulk,19.75,3,20,11.85,5.12,47.4,11.36,13.32,Mobile App,Debit Card,1,1
ORD-03564,2024-11-14,2024-11-18,4,CUST-1660,Consumer,Southeast,North Carolina,Electronics,Tablets,iPad 10th Gen,442.25,3,25,331.69,17.09,995.06,252.38,237.92,Mobile App,PayPal,4,0
ORD-03565,2024-04-17,2024-04-22,5,CUST-2978,Consumer,Southwest,Nevada,Electronics,Laptops,Lenovo ThinkPad E15,770.3,1,0,0.0,24.46,770.3,438.93,331.37,In-Store,Debit Card,3,0
ORD-03566,2023-09-26,2023-10-02,6,CUST-1999,Consumer,Northeast,Massachusetts,Office Supplies,Organizers,AmazonBasics File Cabinet,91.4,1,5,4.57,7.34,86.83,51.64,35.19,Mobile App,Credit Card,3,0
ORD-03567,2024-12-07,2024-12-14,7,CUST-3011,Corporate,Midwest,Wisconsin,Office Supplies,Paper Products,Post-it Notes Bulk,20.92,3,15,9.41,21.96,53.35,11.68,18.31,Mobile App,Gift Card,4,0
ORD-03568,2023-12-28,2024-01-01,4,CUST-2032,Consumer,Northeast,Massachusetts,Office Supplies,Stationery,Pilot G2 Pen Pack,12.41,2,10,2.48,11.93,22.34,7.92,6.5,Mobile App,Credit Card,3,0
ORD-03569,2023-04-13,2023-04-17,4,CUST-1347,Consumer,West,Washington,Electronics,Laptops,Lenovo ThinkPad E15,724.56,3,0,0.0,8.55,2173.68,401.66,968.7,In-Store,Gift Card,5,0
ORD-03570,2024-08-29,2024-08-30,1,CUST-3290,Consumer,Midwest,Illinois,Electronics,Smartphones,Google Pixel 7a,387.09,2,10,77.42,15.21,696.76,244.12,208.52,Online,Gift Card,5,0
ORD-03571,2023-02-25,2023-03-02,5,CUST-1958,Corporate,Northeast,Pennsylvania,Electronics,Smartphones,Samsung Galaxy A54,359.9,2,0,0.0,14.24,719.8,204.07,311.66,Mobile App,PayPal,3,0
ORD-03572,2024-03-01,2024-03-07,6,CUST-1067,Corporate,Midwest,Ohio,Clothing,Men's Apparel,Nike Dri-FIT Tee,34.39,2,0,0.0,0.0,68.78,21.84,25.1,Online,Debit Card,5,0
ORD-03573,2024-05-06,2024-05-13,7,CUST-1317,Consumer,Northeast,Massachusetts,Office Supplies,Desks & Chairs,Autonomous SmartDesk,433.62,2,0,0.0,20.15,867.24,292.74,281.76,Mobile App,Debit Card,5,0
ORD-03574,2023-02-02,2023-02-07,5,CUST-2521,Consumer,Southeast,North Carolina,Home & Kitchen,Appliances,Instant Pot Duo 7-in-1,85.8,2,10,17.16,0.0,154.44,62.95,28.54,In-Store,PayPal,3,0
ORD-03575,2024-10-04,2024-10-05,1,CUST-1245,Small Business,Northeast,New York,Home & Kitchen,Furniture,West Elm Desk,361.41,2,0,0.0,21.77,722.82,251.21,220.4,Mobile App,Apple Pay,5,0
ORD-03576,2024-06-17,2024-06-19,2,CUST-2515,Small Business,Northeast,Connecticut,Electronics,Smartphones,Google Pixel 7a,402.3,1,5,20.11,10.67,382.19,256.57,125.62,In-Store,Credit Card,4,0
ORD-03577,2023-04-24,2023-04-29,5,CUST-3441,Consumer,Southeast,North Carolina,Sports & Outdoors,Team Sports,Rawlings Baseball Glove,49.96,3,0,0.0,0.0,149.88,34.99,44.91,Online,PayPal,3,0
ORD-03578,2023-03-08,2023-03-10,2,CUST-3364,Corporate,West,Colorado,Home & Kitchen,Appliances,Keurig K-Slim,114.03,2,0,0.0,6.11,228.06,76.72,74.62,Mobile App,PayPal,4,0
ORD-03579,2023-03-13,2023-03-19,6,CUST-3233,Corporate,Southwest,Utah,Clothing,Footwear,New Balance 574,88.88,1,20,17.78,24.7,71.1,63.84,7.26,In-Store,PayPal,3,0
ORD-03580,2024-01-16,2024-01-20,4,CUST-1135,Small Business,Southeast,Virginia,Electronics,Headphones,Sony WH-1000XM5,299.16,1,5,14.96,7.63,284.2,224.19,60.01,Online,Apple Pay,2,0
ORD-03581,2023-09-13,2023-09-14,1,CUST-2756,Consumer,Northeast,New Jersey,Home & Kitchen,Appliances,Dyson V15 Vacuum,650.03,1,0,0.0,14.33,650.03,399.36,250.67,Online,Gift Card,3,0
ORD-03582,2024-09-11,2024-09-14,3,CUST-3466,Consumer,Northeast,Massachusetts,Home & Kitchen,Appliances,Keurig K-Slim,105.16,2,0,0.0,6.98,210.32,67.07,76.18,Mobile App,Gift Card,3,0
ORD-03583,2023-06-22,2023-06-24,2,CUST-2306,Small Business,Southeast,Georgia,Sports & Outdoors,Camping Gear,REI Sleeping Bag,188.35,4,0,0.0,9.55,753.4,123.27,260.32,Online,Gift Card,4,0
ORD-03584,2023-12-12,2023-12-18,6,CUST-1993,Small Business,Midwest,Wisconsin,Clothing,Accessories,Fossil Watch,124.65,1,10,12.46,24.27,112.19,77.77,34.42,Online,Apple Pay,1,0
ORD-03585,2024-11-20,2024-11-22,2,CUST-2308,Consumer,Midwest,Illinois,Office Supplies,Stationery,Staedtler Pencil Set,10.2,2,5,1.02,16.42,19.38,6.92,5.54,Online,Apple Pay,5,0
ORD-03586,2024-07-21,2024-07-27,6,CUST-1747,Consumer,Southeast,Florida,Office Supplies,Desks & Chairs,Herman Miller Aeron,1238.36,4,10,495.34,19.09,4458.1,928.06,745.86,Online,Credit Card,3,0
ORD-03587,2024-01-08,2024-01-09,1,CUST-1426,Consumer,West,Washington,Office Supplies,Organizers,Pendaflex Folders,15.08,1,5,0.75,10.25,14.33,8.37,5.96,In-Store,PayPal,5,0
ORD-03588,2024-05-22,2024-05-29,7,CUST-2751,Consumer,Southeast,Georgia,Clothing,Accessories,Coach Wallet,76.25,2,15,22.88,9.48,129.62,54.84,19.94,Online,Gift Card,2,0
ORD-03589,2023-10-16,2023-10-23,7,CUST-1212,Corporate,Southeast,North Carolina,Office Supplies,Printers,Epson EcoTank,194.07,3,0,0.0,23.29,582.21,116.38,233.07,In-Store,Apple Pay,1,0
ORD-03590,2023-08-12,2023-08-13,1,CUST-2656,Consumer,West,California,Home & Kitchen,Furniture,IKEA Kallax Shelf,87.48,1,10,8.75,7.88,78.73,57.05,21.68,Online,Credit Card,5,0
ORD-03591,2023-06-27,2023-07-02,5,CUST-2909,Consumer,Northeast,Connecticut,Sports & Outdoors,Team Sports,Adidas Soccer Ball,25.44,2,5,2.54,13.66,48.34,14.52,19.3,Mobile App,PayPal,1,0
ORD-03592,2023-09-08,2023-09-09,1,CUST-1934,Small Business,Southeast,Tennessee,Sports & Outdoors,Team Sports,Adidas Soccer Ball,25.96,2,0,0.0,7.16,51.92,15.37,21.18,Mobile App,Gift Card,2,0
ORD-03593,2023-12-04,2023-12-09,5,CUST-1088,Corporate,Northeast,Massachusetts,Electronics,Monitors,ASUS ProArt 27,426.78,1,15,64.02,12.2,362.76,244.16,118.6,Online,Debit Card,4,0
ORD-03594,2024-03-07,2024-03-14,7,CUST-2089,Small Business,Northeast,Connecticut,Electronics,Smartphones,iPhone SE,427.87,1,0,0.0,17.18,427.87,281.61,146.26,In-Store,Debit Card,4,0
ORD-03595,2023-03-01,2023-03-06,5,CUST-2285,Consumer,West,Washington,Home & Kitchen,Cookware,Cuisinart Knife Set,83.08,1,0,0.0,22.01,83.08,54.37,28.71,In-Store,Gift Card,3,0
ORD-03596,2024-03-23,2024-03-25,2,CUST-2347,Consumer,Southeast,Georgia,Home & Kitchen,Decor,Wall Art Canvas,61.43,1,0,0.0,15.39,61.43,34.63,26.8,Online,Debit Card,4,0
ORD-03597,2023-10-24,2023-10-27,3,CUST-1897,Consumer,Northeast,New York,Electronics,Laptops,Dell Inspiron 15,554.67,5,15,416.0,7.72,2357.35,363.31,540.8,In-Store,Credit Card,5,0
ORD-03598,2023-11-14,2023-11-15,1,CUST-2599,Corporate,Southeast,Virginia,Electronics,Laptops,Dell Inspiron 15,551.82,1,10,55.18,8.94,496.64,350.71,145.93,Mobile App,Credit Card,5,0
ORD-03599,2023-12-10,2023-12-13,3,CUST-2093,Consumer,West,California,Electronics,Headphones,Bose QC45,290.24,1,5,14.51,12.31,275.73,184.96,90.77,Online,Gift Card,2,0
ORD-03600,2024-08-20,2024-08-26,6,CUST-1557,Consumer,Southwest,New Mexico,Sports & Outdoors,Cycling,Bell Helmet,48.29,1,25,12.07,17.15,36.22,27.32,8.9,Mobile App,PayPal,1,0
ORD-03601,2023-05-05,2023-05-07,2,CUST-1722,Consumer,Midwest,Illinois,Office Supplies,Desks & Chairs,Autonomous SmartDesk,468.78,2,5,46.88,22.72,890.68,333.08,224.52,Mobile App,Gift Card,4,0
ORD-03602,2023-07-02,2023-07-09,7,CUST-1842,Corporate,West,Colorado,Electronics,Laptops,Dell Inspiron 15,557.79,4,0,0.0,15.38,2231.16,332.16,902.52,In-Store,PayPal,3,0
ORD-03603,2024-03-12,2024-03-19,7,CUST-2870,Corporate,Southeast,North Carolina,Home & Kitchen,Decor,Pottery Barn Throw Pillow,49.75,1,0,0.0,11.59,49.75,36.82,12.93,Online,Apple Pay,3,0
ORD-03604,2024-12-04,2024-12-07,3,CUST-1711,Corporate,Northeast,New Jersey,Office Supplies,Desks & Chairs,Herman Miller Aeron,1285.07,1,5,64.25,21.65,1220.82,857.38,363.44,Online,Gift Card,3,0
ORD-03605,2023-10-06,2023-10-10,4,CUST-1361,Consumer,Southeast,Florida,Home & Kitchen,Appliances,Dyson V15 Vacuum,680.45,2,25,340.23,10.41,1020.67,502.12,16.43,Mobile App,Credit Card,4,1
ORD-03606,2024-01-28,2024-02-01,4,CUST-3365,Consumer,Midwest,Wisconsin,Electronics,Headphones,Bose QC45,283.31,1,0,0.0,12.83,283.31,189.84,93.47,Mobile App,Gift Card,4,0
ORD-03607,2023-04-14,2023-04-19,5,CUST-1472,Consumer,Midwest,Michigan,Office Supplies,Organizers,Bankers Box Set,26.09,1,5,1.3,19.3,24.79,17.4,7.39,Online,PayPal,3,0
ORD-03608,2023-03-10,2023-03-15,5,CUST-2623,Consumer,West,Arizona,Electronics,Smartphones,Google Pixel 7a,408.08,1,5,20.4,17.03,387.68,258.94,128.74,Mobile App,Gift Card,1,1
ORD-03609,2023-09-09,2023-09-12,3,CUST-1083,Consumer,Southeast,Florida,Sports & Outdoors,Camping Gear,Coleman Tent 4P,125.15,2,0,0.0,11.12,250.3,78.68,92.94,Online,Gift Card,5,1
ORD-03610,2023-04-25,2023-04-29,4,CUST-1097,Consumer,Southeast,Georgia,Home & Kitchen,Furniture,West Elm Desk,345.3,5,0,0.0,9.75,1726.5,191.61,768.45,In-Store,Debit Card,5,0
ORD-03611,2023-03-19,2023-03-21,2,CUST-3266,Consumer,West,Oregon,Clothing,Women's Apparel,North Face Fleece,101.61,1,20,20.32,16.87,81.29,60.74,20.55,Mobile App,Credit Card,5,0
ORD-03612,2024-05-17,2024-05-19,2,CUST-1567,Consumer,Northeast,New York,Electronics,Headphones,AirPods Pro 2,241.6,1,0,0.0,9.23,241.6,176.47,65.13,In-Store,Debit Card,3,0
ORD-03613,2024-08-30,2024-09-06,7,CUST-2551,Consumer,Northeast,New Jersey,Home & Kitchen,Decor,Pottery Barn Throw Pillow,49.61,3,0,0.0,0.0,148.83,36.53,39.24,Online,PayPal,4,0
ORD-03614,2023-02-15,2023-02-20,5,CUST-3077,Corporate,West,Washington,Clothing,Women's Apparel,Adidas Yoga Pants,52.79,2,0,0.0,23.65,105.58,35.9,33.78,Online,Credit Card,4,0
ORD-03615,2024-12-13,2024-12-15,2,CUST-3081,Corporate,West,California,Office Supplies,Paper Products,Post-it Notes Bulk,19.27,2,15,5.78,16.98,32.76,11.02,10.72,Online,PayPal,4,0
ORD-03616,2023-08-22,2023-08-24,2,CUST-2431,Consumer,Northeast,Massachusetts,Clothing,Activewear,Puma Track Pants,47.67,3,10,14.3,8.51,128.71,26.47,49.3,Online,PayPal,5,0
ORD-03617,2023-12-18,2023-12-22,4,CUST-3183,Consumer,West,Oregon,Home & Kitchen,Cookware,All-Clad Pan Set,252.5,1,15,37.88,14.78,214.62,171.5,43.12,In-Store,Debit Card,3,0
ORD-03618,2023-08-07,2023-08-12,5,CUST-2351,Small Business,Northeast,Pennsylvania,Home & Kitchen,Decor,Wall Art Canvas,58.3,2,15,17.49,0.0,99.11,38.38,22.35,Online,Credit Card,4,1
ORD-03619,2023-08-09,2023-08-10,1,CUST-3211,Consumer,Northeast,Connecticut,Home & Kitchen,Cookware,Cuisinart Knife Set,79.55,2,10,15.91,12.08,143.19,49.35,44.49,Mobile App,PayPal,5,0
ORD-03620,2023-08-17,2023-08-20,3,CUST-2066,Consumer,Southwest,New Mexico,Clothing,Footwear,Adidas Ultraboost,185.33,1,10,18.53,0.0,166.8,114.41,52.39,Mobile App,Credit Card,4,0
ORD-03621,2023-03-27,2023-03-31,4,CUST-1161,Corporate,Northeast,New Jersey,Sports & Outdoors,Camping Gear,REI Sleeping Bag,182.42,1,20,36.48,0.0,145.94,105.0,40.94,Online,Debit Card,5,0
ORD-03622,2024-02-11,2024-02-16,5,CUST-2855,Consumer,Midwest,Wisconsin,Sports & Outdoors,Running,Brooks Ghost 15,141.73,1,5,7.09,15.87,134.64,105.49,29.15,Online,Gift Card,4,0
ORD-03623,2023-11-17,2023-11-22,5,CUST-3328,Corporate,Midwest,Illinois,Office Supplies,Paper Products,Moleskine Notebook,15.41,2,0,0.0,7.56,30.82,8.72,13.38,Online,Gift Card,4,0
ORD-03624,2023-09-08,2023-09-14,6,CUST-1053,Corporate,Northeast,Connecticut,Home & Kitchen,Appliances,Instant Pot Duo 7-in-1,88.1,2,5,8.81,22.44,167.39,57.28,52.83,Online,Credit Card,4,0
ORD-03625,2024-02-10,2024-02-11,1,CUST-1302,Consumer,West,Washington,Clothing,Women's Apparel,Adidas Yoga Pants,57.26,2,25,28.63,0.0,85.89,42.56,0.77,In-Store,PayPal,5,0
ORD-03626,2023-12-14,2023-12-19,5,CUST-2865,Corporate,West,Oregon,Home & Kitchen,Decor,Yankee Candle Set,35.42,2,0,0.0,16.89,70.84,24.99,20.86,Online,Credit Card,3,0
ORD-03627,2023-01-04,2023-01-09,5,CUST-1087,Corporate,Northeast,New Jersey,Sports & Outdoors,Fitness Equipment,Resistance Band Set,25.67,1,5,1.28,18.19,24.39,16.85,7.54,Online,PayPal,3,0
ORD-03628,2024-01-09,2024-01-14,5,CUST-1136,Corporate,Northeast,Massachusetts,Office Supplies,Organizers,Bankers Box Set,25.5,1,0,0.0,10.44,25.5,15.61,9.89,Mobile App,Debit Card,4,0
ORD-03629,2023-03-29,2023-04-05,7,CUST-2699,Corporate,Northeast,Massachusetts,Sports & Outdoors,Camping Gear,REI Sleeping Bag,182.35,5,10,91.17,6.36,820.58,107.84,281.38,In-Store,Credit Card,1,0
ORD-03630,2023-02-18,2023-02-22,4,CUST-1987,Small Business,West,Arizona,Sports & Outdoors,Team Sports,Adidas Soccer Ball,24.44,2,10,4.89,5.66,43.99,16.74,10.51,In-Store,Apple Pay,5,0
ORD-03631,2023-04-16,2023-04-18,2,CUST-2972,Corporate,Southwest,Texas,Office Supplies,Printers,Brother Inkjet,155.36,1,10,15.54,7.78,139.82,113.6,26.22,Online,Debit Card,4,0
ORD-03632,2024-12-11,2024-12-17,6,CUST-2173,Consumer,Midwest,Illinois,Sports & Outdoors,Running,Brooks Ghost 15,146.65,1,15,22.0,5.78,124.65,94.1,30.55,Online,PayPal,3,0
ORD-03633,2024-08-18,2024-08-20,2,CUST-2294,Small Business,West,Washington,Sports & Outdoors,Fitness Equipment,Bowflex Dumbbells,350.43,1,5,17.52,19.22,332.91,259.05,73.86,In-Store,Debit Card,4,0
ORD-03634,2024-05-07,2024-05-12,5,CUST-1709,Consumer,Southeast,North Carolina,Office Supplies,Paper Products,Post-it Notes Bulk,20.64,1,0,0.0,15.26,20.64,11.77,8.87,In-Store,Gift Card,2,0
ORD-03635,2024-11-19,2024-11-21,2,CUST-1578,Consumer,Southwest,Oklahoma,Office Supplies,Stationery,Pilot G2 Pen Pack,12.52,1,25,3.13,23.16,9.39,7.21,2.18,Online,Credit Card,4,0
ORD-03636,2023-07-16,2023-07-22,6,CUST-3217,Small Business,Southwest,Oklahoma,Sports & Outdoors,Running,Garmin Forerunner 55,190.24,3,5,28.54,0.0,542.18,133.74,140.96,Online,Apple Pay,2,0
ORD-03637,2023-11-15,2023-11-20,5,CUST-2947,Small Business,Midwest,Wisconsin,Office Supplies,Paper Products,Moleskine Notebook,15.3,5,0,0.0,12.79,76.5,9.75,27.75,Online,Apple Pay,3,0
ORD-03638,2023-10-26,2023-10-30,4,CUST-2335,Corporate,West,Oregon,Electronics,Laptops,HP Pavilion x360,658.5,3,5,98.78,7.94,1876.72,456.14,508.3,Mobile App,Apple Pay,5,1
ORD-03639,2024-12-08,2024-12-13,5,CUST-2137,Consumer,Southeast,North Carolina,Sports & Outdoors,Team Sports,Wilson Basketball,30.52,4,5,6.1,0.0,115.98,20.68,33.26,Mobile App,Apple Pay,3,0
ORD-03640,2024-07-11,2024-07-13,2,CUST-1652,Consumer,Northeast,Pennsylvania,Home & Kitchen,Decor,Yankee Candle Set,34.82,1,0,0.0,5.95,34.82,23.04,11.78,In-Store,Debit Card,3,0
ORD-03641,2024-11-21,2024-11-25,4,CUST-2861,Small Business,Northeast,New Jersey,Home & Kitchen,Appliances,Instant Pot Duo 7-in-1,88.79,4,5,17.76,6.32,337.4,65.79,74.24,In-Store,Apple Pay,2,1
ORD-03642,2024-08-09,2024-08-14,5,CUST-1799,Corporate,Midwest,Illinois,Electronics,Smartphones,Google Pixel 7a,390.73,2,0,0.0,14.71,781.46,230.59,320.28,Mobile App,Credit Card,1,0
ORD-03643,2023-07-04,2023-07-09,5,CUST-2129,Consumer,Northeast,Massachusetts,Home & Kitchen,Furniture,West Elm Desk,332.83,2,5,33.28,14.7,632.38,236.41,159.56,Online,Credit Card,3,0
ORD-03644,2024-07-10,2024-07-17,7,CUST-2024,Consumer,Northeast,Connecticut,Sports & Outdoors,Running,Garmin Forerunner 55,202.72,2,5,20.27,18.29,385.17,143.75,97.67,In-Store,Apple Pay,2,0
ORD-03645,2024-05-02,2024-05-09,7,CUST-3169,Consumer,West,Colorado,Electronics,Tablets,iPad 10th Gen,441.14,3,0,0.0,13.99,1323.42,274.68,499.38,Mobile App,Credit Card,4,0
ORD-03646,2023-12-16,2023-12-19,3,CUST-2761,Small Business,Southeast,Virginia,Office Supplies,Paper Products,Post-it Notes Bulk,20.33,2,5,2.03,8.71,38.63,13.28,12.07,Mobile App,Debit Card,5,0
ORD-03647,2023-02-17,2023-02-21,4,CUST-2811,Consumer,Southwest,New Mexico,Electronics,Smartphones,iPhone SE,435.92,5,0,0.0,13.9,2179.6,243.16,963.8,Online,Gift Card,1,0
ORD-03648,2024-03-21,2024-03-26,5,CUST-1276,Small Business,Northeast,Massachusetts,Electronics,Tablets,Samsung Galaxy Tab S6,324.6,2,0,0.0,6.29,649.2,216.95,215.3,Online,PayPal,2,1
ORD-03649,2024-10-30,2024-11-01,2,CUST-1439,Consumer,Midwest,Illinois,Home & Kitchen,Storage,Container Store Bins,25.26,1,10,2.53,18.11,22.73,16.73,6.0,Mobile App,PayPal,4,0
ORD-03650,2024-09-26,2024-10-02,6,CUST-1505,Corporate,Southwest,Oklahoma,Electronics,Monitors,ASUS ProArt 27,425.0,5,0,0.0,5.25,2125.0,253.48,857.6,Online,Credit Card,5,0
ORD-03651,2023-09-09,2023-09-15,6,CUST-1390,Consumer,Southwest,New Mexico,Clothing,Accessories,Ray-Ban Aviators,154.75,1,15,23.21,8.77,131.54,86.07,45.47,Mobile App,PayPal,4,0
ORD-03652,2024-02-19,2024-02-22,3,CUST-3406,Consumer,Southeast,North Carolina,Sports & Outdoors,Fitness Equipment,Peloton Bike Mat,59.45,3,10,17.84,17.23,160.51,34.05,58.36,Online,Credit Card,4,0
ORD-03653,2023-09-16,2023-09-20,4,CUST-1678,Consumer,Midwest,Indiana,Office Supplies,Desks & Chairs,Herman Miller Aeron,1305.54,1,10,130.55,0.0,1174.99,974.0,200.99,Mobile App,Debit Card,4,0
ORD-03654,2023-06-01,2023-06-08,7,CUST-2846,Corporate,Northeast,Massachusetts,Office Supplies,Stationery,Pilot G2 Pen Pack,12.87,1,0,0.0,11.58,12.87,7.98,4.89,Mobile App,Credit Card,2,0
ORD-03655,2024-09-27,2024-09-29,2,CUST-1263,Consumer,Southeast,Virginia,Home & Kitchen,Decor,Pottery Barn Throw Pillow,49.54,2,10,9.91,12.96,89.17,27.53,34.11,Online,PayPal,4,0
ORD-03656,2023-05-25,2023-05-27,2,CUST-2993,Corporate,West,California,Sports & Outdoors,Camping Gear,REI Sleeping Bag,177.87,2,0,0.0,22.29,355.74,101.71,152.32,Mobile App,PayPal,4,0
ORD-03657,2024-06-17,2024-06-19,2,CUST-1549,Corporate,Southeast,Florida,Clothing,Accessories,Coach Wallet,82.19,1,0,0.0,19.67,82.19,45.56,36.63,Mobile App,Credit Card,5,0
ORD-03658,2024-04-05,2024-04-08,3,CUST-1802,Small Business,Southwest,New Mexico,Office Supplies,Desks & Chairs,Herman Miller Aeron,1252.4,1,0,0.0,24.55,1252.4,931.91,320.49,In-Store,Gift Card,3,0
ORD-03659,2024-02-05,2024-02-10,5,CUST-1524,Consumer,Midwest,Ohio,Sports & Outdoors,Camping Gear,Coleman Tent 4P,127.41,3,25,95.56,0.0,286.67,76.58,56.93,Online,Gift Card,2,1
ORD-03660,2023-04-22,2023-04-24,2,CUST-2851,Consumer,Southwest,New Mexico,Office Supplies,Printers,HP LaserJet Pro,291.54,1,20,58.31,8.69,233.23,215.83,17.4,Online,PayPal,5,0
ORD-03661,2024-10-07,2024-10-14,7,CUST-3386,Small Business,West,California,Home & Kitchen,Storage,Sterilite Cart,40.12,2,10,8.02,9.54,72.22,26.16,19.9,Mobile App,Credit Card,2,0
ORD-03662,2023-12-17,2023-12-21,4,CUST-2198,Small Business,Southeast,Georgia,Office Supplies,Printers,Brother Inkjet,144.44,3,0,0.0,9.17,433.32,96.7,143.22,In-Store,PayPal,3,0
ORD-03663,2024-08-08,2024-08-15,7,CUST-3451,Corporate,Southwest,Oklahoma,Office Supplies,Stationery,Sharpie Marker Set,16.51,3,0,0.0,6.03,49.53,11.98,13.59,Online,Apple Pay,1,1
ORD-03664,2024-10-03,2024-10-10,7,CUST-3352,Corporate,Midwest,Ohio,Office Supplies,Paper Products,Post-it Notes Bulk,19.34,1,0,0.0,0.0,19.34,12.61,6.73,Online,Apple Pay,2,0
ORD-03665,2024-04-19,2024-04-22,3,CUST-2145,Corporate,Southwest,Texas,Sports & Outdoors,Running,Brooks Ghost 15,140.78,1,20,28.16,23.12,112.62,105.25,7.37,In-Store,Apple Pay,3,0
ORD-03666,2023-01-24,2023-01-29,5,CUST-2752,Consumer,Northeast,New Jersey,Sports & Outdoors,Running,Brooks Ghost 15,144.2,1,5,7.21,17.2,136.99,92.14,44.85,Mobile App,Debit Card,3,0
ORD-03667,2023-04-07,2023-04-12,5,CUST-2124,Small Business,West,Arizona,Sports & Outdoors,Team Sports,Rawlings Baseball Glove,51.06,1,0,0.0,15.13,51.06,29.84,21.22,Online,Credit Card,5,0
ORD-03668,2024-09-12,2024-09-15,3,CUST-1642,Corporate,Northeast,Massachusetts,Home & Kitchen,Decor,Wall Art Canvas,57.6,2,5,5.76,7.32,109.44,41.15,27.14,In-Store,Credit Card,5,0
ORD-03669,2023-03-03,2023-03-08,5,CUST-1940,Small Business,Southwest,Nevada,Clothing,Accessories,Coach Wallet,78.56,4,5,15.71,22.82,298.53,53.71,83.69,Online,Apple Pay,2,0
ORD-03670,2024-07-13,2024-07-19,6,CUST-1116,Consumer,Southeast,North Carolina,Electronics,Headphones,AirPods Pro 2,260.22,5,25,325.28,19.0,975.82,177.43,88.67,Online,Apple Pay,2,1
ORD-03671,2024-02-12,2024-02-17,5,CUST-1744,Corporate,Southwest,Oklahoma,Office Supplies,Paper Products,HP Printer Paper 5-Ream,29.57,1,0,0.0,0.0,29.57,20.18,9.39,In-Store,Debit Card,3,0
ORD-03672,2023-10-07,2023-10-11,4,CUST-2398,Consumer,Midwest,Indiana,Electronics,Smartphones,Google Pixel 7a,415.3,1,0,0.0,0.0,415.3,303.86,111.44,Mobile App,Gift Card,2,0
ORD-03673,2024-11-19,2024-11-20,1,CUST-1193,Consumer,Midwest,Wisconsin,Home & Kitchen,Storage,ClosetMaid Organizer,68.75,1,10,6.88,12.81,61.87,42.29,19.58,In-Store,Debit Card,5,0
ORD-03674,2023-01-10,2023-01-15,5,CUST-2865,Consumer,Northeast,Connecticut,Clothing,Accessories,Ray-Ban Aviators,167.56,1,20,33.51,21.26,134.05,103.69,30.36,Online,Gift Card,4,0
ORD-03675,2024-05-21,2024-05-28,7,CUST-1179,Small Business,West,Arizona,Clothing,Women's Apparel,Lululemon Tank,66.58,2,5,6.66,10.28,126.5,47.78,30.94,Mobile App,Apple Pay,2,0
ORD-03676,2023-05-20,2023-05-25,5,CUST-2660,Consumer,Southwest,Nevada,Office Supplies,Organizers,Pendaflex Folders,14.51,1,15,2.18,10.46,12.33,8.91,3.42,Mobile App,PayPal,2,1
ORD-03677,2023-12-20,2023-12-27,7,CUST-2821,Corporate,Midwest,Indiana,Office Supplies,Printers,Brother Inkjet,152.49,1,0,0.0,17.92,152.49,105.85,46.64,Mobile App,PayPal,5,0
ORD-03678,2023-06-13,2023-06-14,1,CUST-3377,Corporate,Southeast,North Carolina,Clothing,Activewear,Under Armour Shorts,41.25,3,10,12.38,7.76,111.37,24.95,36.52,Mobile App,Credit Card,4,0
ORD-03679,2023-10-16,2023-10-18,2,CUST-1497,Corporate,Northeast,Connecticut,Electronics,Tablets,iPad 10th Gen,467.35,1,0,0.0,11.16,467.35,280.11,187.24,In-Store,Credit Card,5,0
ORD-03680,2024-03-28,2024-04-02,5,CUST-2212,Small Business,West,Oregon,Office Supplies,Desks & Chairs,FlexiSpot Standing Desk,366.33,1,5,18.32,7.23,348.01,242.97,105.04,In-Store,Apple Pay,1,1
ORD-03681,2024-09-29,2024-10-03,4,CUST-2891,Small Business,Northeast,Connecticut,Office Supplies,Organizers,Bankers Box Set,25.35,3,10,7.61,7.85,68.44,17.83,14.95,Online,Apple Pay,4,0
ORD-03682,2023-05-31,2023-06-01,1,CUST-1727,Consumer,Northeast,Connecticut,Office Supplies,Paper Products,HP Printer Paper 5-Ream,31.32,2,10,6.26,19.27,56.38,20.26,15.86,Online,PayPal,5,0
ORD-03683,2024-06-29,2024-06-30,1,CUST-2284,Small Business,Southeast,Georgia,Home & Kitchen,Cookware,All-Clad Pan Set,254.39,1,5,12.72,14.17,241.67,158.5,83.17,Online,PayPal,3,0
ORD-03684,2024-07-29,2024-08-04,6,CUST-1964,Consumer,Southeast,North Carolina,Home & Kitchen,Decor,Yankee Candle Set,33.96,1,0,0.0,0.0,33.96,24.85,9.11,Online,Debit Card,3,0
ORD-03685,2024-11-08,2024-11-12,4,CUST-1445,Corporate,Midwest,Illinois,Home & Kitchen,Decor,Pottery Barn Throw Pillow,49.42,3,25,37.06,10.94,111.2,36.31,2.27,Online,Gift Card,5,0
ORD-03686,2024-06-10,2024-06-13,3,CUST-2470,Small Business,Southeast,Tennessee,Office Supplies,Stationery,Pilot G2 Pen Pack,13.13,3,5,1.97,16.13,37.42,7.28,15.58,Mobile App,Apple Pay,4,0
ORD-03687,2023-06-16,2023-06-23,7,CUST-1704,Small Business,Southeast,Florida,Sports & Outdoors,Camping Gear,Yeti Cooler,243.46,1,25,60.87,0.0,182.59,135.63,46.96,Mobile App,Debit Card,4,0
ORD-03688,2024-10-20,2024-10-24,4,CUST-1449,Corporate,Midwest,Illinois,Office Supplies,Stationery,Staedtler Pencil Set,10.29,2,15,3.09,14.49,17.49,7.28,2.93,Online,Gift Card,4,0
ORD-03689,2024-08-15,2024-08-20,5,CUST-2823,Corporate,Southeast,Virginia,Office Supplies,Stationery,Staedtler Pencil Set,9.87,1,0,0.0,13.66,9.87,5.62,4.25,Online,PayPal,3,0
ORD-03690,2023-08-09,2023-08-15,6,CUST-1447,Corporate,Southwest,Texas,Clothing,Accessories,Ray-Ban Aviators,153.35,2,20,61.34,21.0,245.36,95.21,54.94,Mobile App,Apple Pay,4,0
ORD-03691,2024-03-15,2024-03-20,5,CUST-1462,Consumer,Southeast,North Carolina,Office Supplies,Organizers,Bankers Box Set,24.82,2,0,0.0,21.48,49.64,16.23,17.18,Mobile App,PayPal,3,0
ORD-03692,2023-05-12,2023-05-19,7,CUST-3489,Consumer,Northeast,New York,Clothing,Accessories,Coach Wallet,79.75,3,20,47.85,18.53,191.4,45.56,54.72,In-Store,PayPal,3,0
ORD-03693,2023-05-09,2023-05-10,1,CUST-2089,Small Business,West,Colorado,Office Supplies,Desks & Chairs,FlexiSpot Standing Desk,380.22,1,5,19.01,18.69,361.21,225.46,135.75,In-Store,Gift Card,3,0
ORD-03694,2023-06-12,2023-06-14,2,CUST-3295,Consumer,Northeast,New York,Electronics,Smartphones,Google Pixel 7a,380.27,3,0,0.0,15.54,1140.81,264.83,346.32,In-Store,PayPal,3,0
ORD-03695,2024-12-20,2024-12-24,4,CUST-1560,Consumer,Southeast,Virginia,Clothing,Women's Apparel,Lululemon Tank,71.37,3,15,32.12,20.42,181.99,41.57,57.28,Online,Debit Card,5,0
ORD-03696,2024-05-12,2024-05-16,4,CUST-3137,Consumer,Midwest,Michigan,Clothing,Footwear,Nike Air Max 90,132.59,5,5,33.15,20.34,629.8,96.78,145.9,Online,Gift Card,4,0
ORD-03697,2024-03-20,2024-03-25,5,CUST-2452,Consumer,Northeast,Pennsylvania,Sports & Outdoors,Cycling,Schwinn Hybrid Bike,346.52,1,10,34.65,19.47,311.87,217.85,94.02,In-Store,Gift Card,2,1
ORD-03698,2024-02-25,2024-03-03,7,CUST-1890,Corporate,Northeast,Massachusetts,Electronics,Laptops,Lenovo ThinkPad E15,742.66,1,5,37.13,17.52,705.53,419.12,286.41,In-Store,Credit Card,5,0
ORD-03699,2024-11-29,2024-11-30,1,CUST-1746,Consumer,Southeast,Georgia,Sports & Outdoors,Cycling,Schwinn Hybrid Bike,354.6,1,10,35.46,19.39,319.14,209.89,109.25,Mobile App,PayPal,5,0
ORD-03700,2023-10-18,2023-10-19,1,CUST-1176,Consumer,West,Colorado,Office Supplies,Paper Products,Post-it Notes Bulk,20.96,3,10,6.29,21.95,56.59,14.53,13.0,Mobile App,Credit Card,5,0
ORD-03701,2023-12-03,2023-12-09,6,CUST-2514,Corporate,Northeast,New York,Sports & Outdoors,Running,Garmin Forerunner 55,199.89,1,5,9.99,0.0,189.9,122.66,67.24,Online,PayPal,4,0
ORD-03702,2023-01-18,2023-01-23,5,CUST-2157,Corporate,Southeast,Virginia,Sports & Outdoors,Cycling,Bell Helmet,51.82,2,10,10.36,0.0,93.28,34.43,24.42,Mobile App,PayPal,2,0
ORD-03703,2023-07-20,2023-07-22,2,CUST-3442,Small Business,Southeast,North Carolina,Home & Kitchen,Furniture,West Elm Desk,362.04,5,10,181.02,19.16,1629.18,202.76,615.38,Online,PayPal,5,0
ORD-03704,2024-09-25,2024-10-01,6,CUST-2594,Consumer,Northeast,Connecticut,Clothing,Footwear,Nike Air Max 90,132.96,3,20,79.78,15.85,319.1,75.71,91.97,Online,Credit Card,3,0
ORD-03705,2024-01-05,2024-01-06,1,CUST-2961,Consumer,Southwest,Utah,Sports & Outdoors,Fitness Equipment,Peloton Bike Mat,62.76,1,0,0.0,0.0,62.76,44.87,17.89,Mobile App,Apple Pay,4,0
ORD-03706,2023-10-09,2023-10-13,4,CUST-1150,Corporate,Southwest,New Mexico,Clothing,Activewear,Puma Track Pants,48.74,1,0,0.0,6.41,48.74,29.81,18.93,In-Store,Debit Card,5,0
ORD-03707,2024-07-06,2024-07-11,5,CUST-1261,Consumer,Northeast,Connecticut,Clothing,Activewear,Reebok Sports Bra,34.39,1,10,3.44,14.33,30.95,22.23,8.72,Online,Credit Card,4,0
ORD-03708,2023-06-04,2023-06-10,6,CUST-2689,Corporate,Southeast,Tennessee,Home & Kitchen,Appliances,Keurig K-Slim,115.29,1,0,0.0,13.28,115.29,66.16,49.13,Online,Apple Pay,3,0
ORD-03709,2023-02-14,2023-02-15,1,CUST-2373,Consumer,West,Arizona,Electronics,Smartphones,Google Pixel 7a,382.74,2,15,114.82,17.72,650.66,274.34,101.98,Online,Apple Pay,5,0
ORD-03710,2024-01-14,2024-01-17,3,CUST-3076,Corporate,West,Oregon,Clothing,Accessories,Coach Wallet,81.15,1,20,16.23,0.0,64.92,45.68,19.24,Online,Apple Pay,4,0
ORD-03711,2024-06-07,2024-06-13,6,CUST-1384,Small Business,Northeast,Massachusetts,Electronics,Tablets,Amazon Fire HD 10,142.91,2,0,0.0,0.0,285.82,98.71,88.4,In-Store,PayPal,4,0
ORD-03712,2023-07-26,2023-07-31,5,CUST-3308,Corporate,Southeast,Tennessee,Electronics,Laptops,Dell Inspiron 15,536.91,1,0,0.0,13.3,536.91,352.56,184.35,Online,PayPal,2,0
ORD-03713,2024-12-21,2024-12-23,2,CUST-1133,Consumer,Southwest,Utah,Sports & Outdoors,Cycling,Schwinn Hybrid Bike,360.69,3,0,0.0,11.92,1082.07,233.66,381.09,In-Store,Debit Card,5,0
ORD-03714,2024-12-28,2025-01-04,7,CUST-1034,Corporate,Midwest,Illinois,Sports & Outdoors,Fitness Equipment,Resistance Band Set,24.19,3,25,18.14,11.52,54.43,16.62,4.57,Mobile App,Credit Card,2,0
ORD-03715,2023-01-08,2023-01-09,1,CUST-1381,Corporate,Northeast,Pennsylvania,Office Supplies,Paper Products,HP Printer Paper 5-Ream,30.35,3,25,22.76,20.56,68.29,22.33,1.3,Online,Apple Pay,5,0
ORD-03716,2024-01-06,2024-01-11,5,CUST-1028,Consumer,Southeast,North Carolina,Sports & Outdoors,Camping Gear,REI Sleeping Bag,179.93,1,10,17.99,24.97,161.94,110.07,51.87,Online,PayPal,3,0
ORD-03717,2024-08-16,2024-08-18,2,CUST-2393,Consumer,Southeast,Tennessee,Office Supplies,Desks & Chairs,FlexiSpot Standing Desk,398.58,1,10,39.86,0.0,358.72,247.78,110.94,Mobile App,Apple Pay,5,0
ORD-03718,2023-04-10,2023-04-14,4,CUST-3273,Consumer,Northeast,New York,Home & Kitchen,Appliances,Instant Pot Duo 7-in-1,87.64,2,15,26.29,10.52,148.99,48.22,52.55,Mobile App,Gift Card,4,0
ORD-03719,2024-04-01,2024-04-07,6,CUST-3159,Corporate,West,Colorado,Home & Kitchen,Furniture,IKEA Kallax Shelf,91.1,2,25,45.55,0.0,136.65,67.37,1.91,Online,Apple Pay,3,0
ORD-03720,2023-12-13,2023-12-14,1,CUST-1167,Corporate,Southeast,Virginia,Electronics,Smartphones,iPhone SE,433.15,1,0,0.0,18.27,433.15,276.27,156.88,Online,PayPal,5,1
ORD-03721,2023-12-09,2023-12-12,3,CUST-2539,Corporate,Northeast,New Jersey,Home & Kitchen,Storage,ClosetMaid Organizer,69.92,1,5,3.5,22.99,66.42,39.28,27.14,Online,Debit Card,4,0
ORD-03722,2024-08-19,2024-08-20,1,CUST-1105,Small Business,Midwest,Ohio,Home & Kitchen,Furniture,IKEA Kallax Shelf,89.26,3,0,0.0,12.06,267.78,63.21,78.15,Online,Debit Card,4,0
ORD-03723,2023-12-20,2023-12-24,4,CUST-1255,Small Business,West,Colorado,Office Supplies,Stationery,Sharpie Marker Set,16.79,1,5,0.84,7.81,15.95,12.16,3.79,Mobile App,Debit Card,5,0
ORD-03724,2024-08-18,2024-08-19,1,CUST-1541,Corporate,West,Washington,Clothing,Footwear,Nike Air Max 90,128.27,1,5,6.41,14.8,121.86,88.6,33.26,In-Store,Debit Card,5,0
ORD-03725,2023-04-15,2023-04-17,2,CUST-3328,Corporate,West,Arizona,Clothing,Accessories,Coach Wallet,76.05,2,0,0.0,0.0,152.1,50.77,50.56,Mobile App,PayPal,2,0
ORD-03726,2024-07-05,2024-07-09,4,CUST-1147,Consumer,Southeast,Tennessee,Office Supplies,Stationery,Pilot G2 Pen Pack,12.52,1,0,0.0,22.35,12.52,6.91,5.61,Mobile App,Debit Card,4,0
ORD-03727,2024-09-14,2024-09-21,7,CUST-2276,Consumer,Southeast,Georgia,Clothing,Footwear,Adidas Ultraboost,172.21,1,15,25.83,8.08,146.38,95.7,50.68,In-Store,PayPal,1,0
ORD-03728,2023-12-06,2023-12-10,4,CUST-1432,Corporate,Northeast,New Jersey,Sports & Outdoors,Cycling,Schwinn Hybrid Bike,338.9,1,5,16.95,22.42,321.95,211.06,110.89,Online,Credit Card,4,0
ORD-03729,2023-10-28,2023-10-30,2,CUST-2777,Corporate,Midwest,Indiana,Clothing,Activewear,Reebok Sports Bra,33.9,2,5,3.39,10.7,64.41,19.53,25.35,In-Store,Gift Card,4,0
ORD-03730,2024-03-20,2024-03-24,4,CUST-2909,Small Business,West,Oregon,Electronics,Laptops,Lenovo ThinkPad E15,729.38,2,10,145.88,5.83,1312.88,462.86,387.16,Online,Credit Card,4,0
ORD-03731,2023-10-17,2023-10-23,6,CUST-2262,Consumer,Northeast,New York,Electronics,Laptops,HP Pavilion x360,638.96,1,25,159.74,7.53,479.22,475.95,3.27,Mobile App,Debit Card,2,0
ORD-03732,2024-12-03,2024-12-09,6,CUST-1739,Consumer,Southeast,Florida,Clothing,Activewear,Reebok Sports Bra,34.73,4,0,0.0,11.4,138.92,21.05,54.72,Mobile App,PayPal,2,0
ORD-03733,2023-06-11,2023-06-15,4,CUST-2454,Consumer,Midwest,Indiana,Electronics,Headphones,AirPods Pro 2,246.09,2,0,0.0,19.51,492.18,149.46,193.26,Online,PayPal,3,1
ORD-03734,2023-12-25,2023-12-29,4,CUST-3272,Consumer,Southeast,Tennessee,Office Supplies,Desks & Chairs,FlexiSpot Standing Desk,382.51,4,10,153.0,10.35,1377.04,280.26,256.0,In-Store,Gift Card,4,0
ORD-03735,2023-12-09,2023-12-11,2,CUST-2853,Small Business,Midwest,Illinois,Electronics,Laptops,Dell Inspiron 15,567.6,3,15,255.42,6.63,1447.38,328.63,461.49,Online,Apple Pay,4,0
ORD-03736,2024-03-05,2024-03-12,7,CUST-1578,Small Business,Northeast,New York,Office Supplies,Stationery,Pilot G2 Pen Pack,12.38,3,0,0.0,15.34,37.14,8.77,10.83,Online,Debit Card,3,0
ORD-03737,2024-10-30,2024-10-31,1,CUST-3277,Corporate,Midwest,Illinois,Electronics,Headphones,AirPods Pro 2,252.76,3,15,113.74,14.57,644.54,166.75,144.29,Online,Credit Card,4,0
ORD-03738,2023-02-24,2023-02-26,2,CUST-2576,Small Business,Northeast,Connecticut,Sports & Outdoors,Running,Garmin Forerunner 55,196.28,2,10,39.26,24.65,353.3,116.15,121.0,Online,Debit Card,5,1
ORD-03739,2023-10-10,2023-10-11,1,CUST-1869,Corporate,West,Arizona,Home & Kitchen,Cookware,All-Clad Pan Set,246.48,2,5,24.65,22.14,468.31,181.5,105.31,Online,Gift Card,3,0
ORD-03740,2023-06-03,2023-06-05,2,CUST-2658,Consumer,Southeast,Tennessee,Electronics,Headphones,Sony WH-1000XM5,286.7,2,10,57.34,13.3,516.06,185.26,145.54,Online,Debit Card,3,0
ORD-03741,2024-03-03,2024-03-08,5,CUST-1916,Consumer,Northeast,New Jersey,Home & Kitchen,Furniture,Wayfair Sofa,476.85,1,0,0.0,14.5,476.85,343.65,133.2,In-Store,Apple Pay,1,0
ORD-03742,2023-03-06,2023-03-10,4,CUST-2969,Consumer,Southeast,North Carolina,Office Supplies,Stationery,Staedtler Pencil Set,9.7,3,20,5.82,15.79,23.28,5.44,6.96,Mobile App,Apple Pay,5,0
ORD-03743,2024-10-06,2024-10-11,5,CUST-1361,Corporate,West,Colorado,Office Supplies,Stationery,Sharpie Marker Set,16.21,3,10,4.86,19.17,43.77,10.24,13.05,Mobile App,Apple Pay,4,0
ORD-03744,2023-07-10,2023-07-11,1,CUST-2509,Consumer,Northeast,Pennsylvania,Sports & Outdoors,Team Sports,Wilson Basketball,30.34,5,0,0.0,14.21,151.7,22.6,38.7,Mobile App,Credit Card,4,0
ORD-03745,2024-11-23,2024-11-28,5,CUST-3146,Consumer,Southeast,Florida,Home & Kitchen,Storage,ClosetMaid Organizer,70.93,3,5,10.64,10.5,202.15,43.82,70.69,In-Store,Credit Card,3,0
ORD-03746,2024-12-21,2024-12-28,7,CUST-1942,Small Business,Midwest,Ohio,Clothing,Men's Apparel,Nike Dri-FIT Tee,35.78,2,0,0.0,0.0,71.56,25.16,21.24,Online,Debit Card,4,0
ORD-03747,2024-09-07,2024-09-12,5,CUST-2677,Consumer,Southwest,New Mexico,Home & Kitchen,Cookware,Lodge Cast Iron Skillet,28.57,4,0,0.0,0.0,114.28,20.67,31.6,In-Store,Debit Card,5,0
ORD-03748,2023-02-21,2023-02-27,6,CUST-1807,Small Business,Midwest,Indiana,Office Supplies,Stationery,Pilot G2 Pen Pack,12.67,5,25,15.84,0.0,47.51,9.21,1.46,Online,Debit Card,3,0
ORD-03749,2024-12-24,2024-12-29,5,CUST-2797,Consumer,Northeast,Pennsylvania,Office Supplies,Stationery,Sharpie Marker Set,17.21,5,0,0.0,17.38,86.05,9.54,38.35,Online,Gift Card,3,0
ORD-03750,2023-11-21,2023-11-25,4,CUST-1345,Corporate,Southwest,Texas,Office Supplies,Printers,Epson EcoTank,191.29,5,25,239.11,18.48,717.34,135.94,37.64,In-Store,PayPal,2,1
ORD-03751,2024-08-22,2024-08-26,4,CUST-1249,Corporate,Northeast,Pennsylvania,Clothing,Activewear,Puma Track Pants,47.57,1,0,0.0,15.96,47.57,28.57,19.0,In-Store,Apple Pay,3,0
ORD-03752,2024-04-11,2024-04-16,5,CUST-1593,Corporate,Midwest,Illinois,Clothing,Accessories,Fossil Watch,125.08,3,0,0.0,11.39,375.24,79.41,137.01,Mobile App,Debit Card,2,0
ORD-03753,2024-05-09,2024-05-11,2,CUST-3379,Corporate,Northeast,Massachusetts,Electronics,Tablets,Amazon Fire HD 10,154.54,1,20,30.91,0.0,123.63,97.86,25.77,Mobile App,Debit Card,4,0
ORD-03754,2023-02-18,2023-02-23,5,CUST-3455,Small Business,Northeast,Connecticut,Clothing,Footwear,New Balance 574,91.45,1,0,0.0,0.0,91.45,62.42,29.03,Mobile App,Debit Card,1,0
ORD-03755,2023-02-05,2023-02-07,2,CUST-1008,Consumer,Midwest,Ohio,Home & Kitchen,Storage,Container Store Bins,26.01,2,25,13.01,22.06,39.01,17.67,3.67,In-Store,Debit Card,4,0
ORD-03756,2023-07-30,2023-07-31,1,CUST-1503,Small Business,Northeast,Massachusetts,Clothing,Accessories,Ray-Ban Aviators,156.15,3,5,23.42,19.6,445.03,108.6,119.23,Online,Apple Pay,4,0
ORD-03757,2024-12-12,2024-12-18,6,CUST-2432,Consumer,Northeast,New York,Sports & Outdoors,Fitness Equipment,Bowflex Dumbbells,353.51,1,10,35.35,13.04,318.16,242.43,75.73,Online,Credit Card,4,0
ORD-03758,2023-08-03,2023-08-10,7,CUST-2050,Consumer,Southwest,Utah,Electronics,Tablets,iPad 10th Gen,430.74,1,15,64.61,7.02,366.13,313.76,52.37,In-Store,Debit Card,2,0
ORD-03759,2023-05-21,2023-05-25,4,CUST-2737,Corporate,Midwest,Ohio,Electronics,Headphones,Bose QC45,276.86,1,0,0.0,24.06,276.86,196.54,80.32,Online,PayPal,4,0
ORD-03760,2023-06-04,2023-06-05,1,CUST-2596,Consumer,Northeast,Pennsylvania,Electronics,Headphones,Sony WH-1000XM5,289.17,3,0,0.0,0.0,867.51,175.46,341.13,Online,PayPal,5,1
ORD-03761,2023-10-17,2023-10-21,4,CUST-1010,Corporate,Southeast,Tennessee,Clothing,Men's Apparel,Levi's 501 Jeans,57.38,2,0,0.0,12.18,114.76,33.02,48.72,Online,Apple Pay,3,0
ORD-03762,2024-10-01,2024-10-07,6,CUST-2518,Consumer,Northeast,Massachusetts,Sports & Outdoors,Team Sports,Rawlings Baseball Glove,48.41,3,15,21.78,21.79,123.45,28.78,37.11,Online,Credit Card,3,0
ORD-03763,2023-07-28,2023-07-29,1,CUST-3360,Small Business,West,Washington,Home & Kitchen,Furniture,Wayfair Sofa,510.39,1,0,0.0,18.56,510.39,331.81,178.58,Online,PayPal,5,0
ORD-03764,2024-09-25,2024-10-02,7,CUST-1268,Small Business,Northeast,New York,Office Supplies,Stationery,Pilot G2 Pen Pack,12.87,1,15,1.93,5.52,10.94,9.33,1.61,Mobile App,Credit Card,4,0
ORD-03765,2024-11-07,2024-11-11,4,CUST-3340,Corporate,Northeast,Massachusetts,Electronics,Headphones,Bose QC45,269.82,1,10,26.98,14.42,242.84,179.24,63.6,Mobile App,Apple Pay,4,0
ORD-03766,2023-07-19,2023-07-23,4,CUST-2369,Small Business,Northeast,New Jersey,Office Supplies,Paper Products,Moleskine Notebook,14.79,3,5,2.22,15.83,42.15,9.44,13.83,Online,Credit Card,4,0
ORD-03767,2024-02-24,2024-03-01,6,CUST-1806,Small Business,Southeast,Tennessee,Sports & Outdoors,Cycling,Schwinn Hybrid Bike,359.76,1,10,35.98,21.19,323.78,240.12,83.66,Online,Gift Card,3,0
ORD-03768,2024-12-21,2024-12-22,1,CUST-1451,Consumer,Midwest,Indiana,Clothing,Footwear,Nike Air Max 90,125.54,1,0,0.0,10.02,125.54,89.46,36.08,Mobile App,Credit Card,4,0
ORD-03769,2023-02-21,2023-02-27,6,CUST-2632,Corporate,Northeast,Massachusetts,Office Supplies,Stationery,Pilot G2 Pen Pack,12.58,2,10,2.52,0.0,22.64,8.9,4.84,Online,Gift Card,3,0
ORD-03770,2024-05-01,2024-05-08,7,CUST-2184,Consumer,West,Washington,Office Supplies,Desks & Chairs,Autonomous SmartDesk,447.54,1,5,22.38,23.89,425.16,261.93,163.23,Mobile App,Gift Card,2,0
ORD-03771,2023-08-23,2023-08-29,6,CUST-1381,Consumer,Northeast,New York,Office Supplies,Printers,Epson EcoTank,197.88,1,0,0.0,22.53,197.88,147.18,50.7,Online,Gift Card,4,0
ORD-03772,2023-12-04,2023-12-11,7,CUST-2699,Small Business,West,Washington,Clothing,Accessories,Ray-Ban Aviators,165.69,2,20,66.28,18.02,265.1,103.53,58.04,Online,Credit Card,4,0
ORD-03773,2024-07-16,2024-07-17,1,CUST-3341,Consumer,West,Arizona,Electronics,Monitors,ASUS ProArt 27,447.75,1,0,0.0,15.89,447.75,313.62,134.13,Online,Apple Pay,4,0
ORD-03774,2023-10-03,2023-10-07,4,CUST-1619,Consumer,Southwest,Oklahoma,Electronics,Laptops,HP Pavilion x360,637.27,1,0,0.0,6.12,637.27,369.58,267.69,Online,Debit Card,2,1
ORD-03775,2024-05-23,2024-05-24,1,CUST-2781,Consumer,Northeast,Pennsylvania,Sports & Outdoors,Fitness Equipment,Resistance Band Set,24.81,2,15,7.44,0.0,42.18,14.94,12.3,Online,Debit Card,5,0
ORD-03776,2024-11-23,2024-11-30,7,CUST-2032,Small Business,West,Oregon,Sports & Outdoors,Cycling,Bell Helmet,48.1,1,10,4.81,5.15,43.29,28.02,15.27,Online,PayPal,2,0
ORD-03777,2023-01-21,2023-01-26,5,CUST-1684,Consumer,Southeast,North Carolina,Clothing,Activewear,Under Armour Shorts,40.64,2,0,0.0,23.07,81.28,29.33,22.62,In-Store,Gift Card,3,0
ORD-03778,2023-07-19,2023-07-23,4,CUST-3234,Corporate,Midwest,Michigan,Office Supplies,Paper Products,HP Printer Paper 5-Ream,28.53,2,5,2.85,0.0,54.21,19.94,14.33,Online,Credit Card,4,1
ORD-03779,2024-03-17,2024-03-20,3,CUST-1893,Consumer,Midwest,Wisconsin,Clothing,Activewear,Under Armour Shorts,41.71,2,10,8.34,10.53,75.08,25.81,23.46,Mobile App,Credit Card,2,0
ORD-03780,2024-06-03,2024-06-10,7,CUST-2338,Corporate,Northeast,New York,Home & Kitchen,Storage,Sterilite Cart,41.46,1,0,0.0,16.34,41.46,28.9,12.56,Online,Debit Card,1,1
ORD-03781,2023-04-15,2023-04-21,6,CUST-3228,Corporate,Midwest,Michigan,Electronics,Monitors,Dell 24-inch FHD,194.92,5,0,0.0,24.34,974.6,117.86,385.3,In-Store,Debit Card,5,0
ORD-03782,2023-08-29,2023-09-03,5,CUST-2390,Corporate,Northeast,New Jersey,Clothing,Accessories,Coach Wallet,81.26,2,0,0.0,11.52,162.52,50.0,62.52,Online,Gift Card,5,0
ORD-03783,2024-08-05,2024-08-08,3,CUST-2700,Small Business,West,California,Home & Kitchen,Storage,Sterilite Cart,39.33,1,20,7.87,10.47,31.46,24.38,7.08,Online,Debit Card,4,0
ORD-03784,2023-09-03,2023-09-06,3,CUST-2106,Corporate,Southeast,Virginia,Electronics,Tablets,Amazon Fire HD 10,144.6,1,0,0.0,0.0,144.6,105.93,38.67,Mobile App,Gift Card,2,0
ORD-03785,2024-03-29,2024-03-31,2,CUST-2107,Consumer,Southeast,Georgia,Sports & Outdoors,Running,Nathan Hydration Vest,66.62,2,0,0.0,5.8,133.24,40.03,53.18,Mobile App,Apple Pay,4,0
ORD-03786,2024-08-29,2024-08-30,1,CUST-2729,Corporate,Northeast,New York,Sports & Outdoors,Team Sports,Rawlings Baseball Glove,49.77,1,15,7.47,9.32,42.3,36.28,6.02,In-Store,Apple Pay,5,1
ORD-03787,2023-06-20,2023-06-21,1,CUST-1278,Small Business,West,Washington,Home & Kitchen,Cookware,Cuisinart Knife Set,80.5,2,0,0.0,0.0,161.0,48.29,64.42,Online,Gift Card,4,0
ORD-03788,2024-07-22,2024-07-25,3,CUST-2048,Consumer,Southeast,Florida,Sports & Outdoors,Fitness Equipment,Resistance Band Set,25.62,3,0,0.0,8.18,76.86,15.74,29.64,Online,PayPal,4,1
ORD-03789,2023-12-25,2023-12-27,2,CUST-1868,Small Business,Northeast,Connecticut,Office Supplies,Organizers,Pendaflex Folders,15.65,1,0,0.0,5.18,15.65,9.23,6.42,Online,Gift Card,3,0
ORD-03790,2023-02-12,2023-02-14,2,CUST-2862,Consumer,West,California,Electronics,Headphones,Bose QC45,289.7,2,20,115.88,6.42,463.52,175.0,113.52,In-Store,Apple Pay,5,0
ORD-03791,2023-11-04,2023-11-10,6,CUST-2853,Consumer,West,Washington,Clothing,Activewear,Puma Track Pants,50.46,1,10,5.05,21.84,45.41,28.54,16.87,In-Store,Credit Card,2,1
ORD-03792,2023-08-29,2023-09-03,5,CUST-1424,Corporate,Southeast,Georgia,Clothing,Accessories,Ray-Ban Aviators,167.21,4,20,133.77,7.19,535.07,95.7,152.27,Online,Gift Card,4,0
ORD-03793,2024-05-19,2024-05-22,3,CUST-2384,Corporate,Midwest,Illinois,Home & Kitchen,Appliances,Keurig K-Slim,106.56,2,0,0.0,9.22,213.12,68.28,76.56,Online,Debit Card,5,0
ORD-03794,2024-04-29,2024-04-30,1,CUST-1451,Consumer,Midwest,Indiana,Electronics,Tablets,Samsung Galaxy Tab S6,328.6,1,0,0.0,11.05,328.6,218.12,110.48,Mobile App,Apple Pay,4,0
ORD-03795,2023-01-14,2023-01-15,1,CUST-1772,Corporate,Midwest,Michigan,Sports & Outdoors,Cycling,Bell Helmet,51.31,4,5,10.26,23.91,194.98,30.65,72.38,Online,Apple Pay,5,0
ORD-03796,2023-06-10,2023-06-13,3,CUST-2211,Consumer,Northeast,New Jersey,Electronics,Tablets,iPad 10th Gen,468.02,1,0,0.0,23.75,468.02,258.31,209.71,In-Store,Credit Card,3,0
ORD-03797,2023-12-11,2023-12-16,5,CUST-1080,Consumer,Midwest,Ohio,Electronics,Laptops,Lenovo ThinkPad E15,753.75,1,10,75.38,7.89,678.37,538.7,139.67,Online,PayPal,2,0
ORD-03798,2023-05-09,2023-05-13,4,CUST-1704,Corporate,Midwest,Ohio,Electronics,Monitors,Dell 24-inch FHD,200.38,1,0,0.0,17.87,200.38,135.47,64.91,Mobile App,Debit Card,1,1
ORD-03799,2024-04-13,2024-04-18,5,CUST-2424,Consumer,Midwest,Indiana,Office Supplies,Paper Products,Post-it Notes Bulk,19.49,2,0,0.0,13.03,38.98,10.78,17.42,Online,Credit Card,1,0
ORD-03800,2023-02-03,2023-02-07,4,CUST-3171,Consumer,Northeast,New York,Sports & Outdoors,Team Sports,Wilson Basketball,29.78,1,0,0.0,17.17,29.78,20.71,9.07,In-Store,Credit Card,1,1
ORD-03801,2024-10-28,2024-10-29,1,CUST-3009,Corporate,Southwest,Utah,Sports & Outdoors,Fitness Equipment,Resistance Band Set,26.14,1,5,1.31,10.77,24.83,16.11,8.72,In-Store,PayPal,5,0
ORD-03802,2023-06-16,2023-06-20,4,CUST-3254,Corporate,Northeast,Massachusetts,Clothing,Men's Apparel,Nike Dri-FIT Tee,33.3,3,10,9.99,16.71,89.91,22.67,21.9,Online,Apple Pay,3,0
ORD-03803,2024-05-26,2024-05-31,5,CUST-3076,Consumer,Northeast,Massachusetts,Home & Kitchen,Appliances,Instant Pot Duo 7-in-1,89.01,1,5,4.45,8.97,84.56,63.01,21.55,Mobile App,Gift Card,1,0
ORD-03804,2023-04-08,2023-04-11,3,CUST-2410,Small Business,Southeast,North Carolina,Sports & Outdoors,Cycling,Schwinn Hybrid Bike,353.72,2,15,106.12,13.94,601.32,219.75,161.82,Online,Debit Card,3,0
ORD-03805,2024-12-12,2024-12-13,1,CUST-1591,Corporate,Northeast,Massachusetts,Electronics,Headphones,Bose QC45,272.94,3,20,163.76,18.79,655.06,181.29,111.19,Online,Debit Card,5,0
ORD-03806,2023-08-29,2023-09-05,7,CUST-1569,Consumer,Midwest,Indiana,Electronics,Smartphones,Samsung Galaxy A54,337.32,2,10,67.46,19.49,607.18,219.36,168.46,Online,Apple Pay,1,1
ORD-03807,2023-03-04,2023-03-08,4,CUST-2609,Consumer,Southeast,Florida,Electronics,Monitors,Dell 24-inch FHD,206.06,1,0,0.0,18.82,206.06,144.7,61.36,In-Store,Debit Card,5,0
ORD-03808,2023-07-16,2023-07-20,4,CUST-1915,Consumer,Midwest,Indiana,Sports & Outdoors,Camping Gear,Yeti Cooler,248.55,2,0,0.0,22.08,497.1,153.34,190.42,Online,Credit Card,5,0
ORD-03809,2024-02-10,2024-02-15,5,CUST-2943,Corporate,Midwest,Indiana,Home & Kitchen,Appliances,Dyson V15 Vacuum,666.79,1,20,133.36,22.65,533.43,453.29,80.14,Mobile App,Gift Card,4,0
ORD-03810,2023-11-03,2023-11-09,6,CUST-1322,Small Business,West,Colorado,Home & Kitchen,Appliances,Keurig K-Slim,107.26,3,20,64.36,0.0,257.42,61.37,73.31,Online,Debit Card,3,0
ORD-03811,2023-03-12,2023-03-18,6,CUST-2768,Small Business,Southeast,Tennessee,Clothing,Accessories,Fossil Watch,130.66,2,0,0.0,18.39,261.32,77.95,105.42,In-Store,PayPal,3,0
ORD-03812,2024-12-30,2024-12-31,1,CUST-2062,Small Business,Northeast,Massachusetts,Office Supplies,Organizers,AmazonBasics File Cabinet,86.14,1,10,8.61,0.0,77.53,47.89,29.64,In-Store,PayPal,3,0
ORD-03813,2023-10-21,2023-10-22,1,CUST-2515,Corporate,Midwest,Illinois,Clothing,Activewear,Under Armour Shorts,39.92,2,5,3.99,22.64,75.85,24.09,27.67,Mobile App,Gift Card,3,0
ORD-03814,2023-07-27,2023-07-28,1,CUST-3471,Consumer,Northeast,Connecticut,Clothing,Accessories,Ray-Ban Aviators,164.14,1,10,16.41,20.94,147.73,103.45,44.28,In-Store,Apple Pay,5,0
ORD-03815,2023-09-06,2023-09-08,2,CUST-3201,Small Business,Northeast,Massachusetts,Home & Kitchen,Storage,ClosetMaid Organizer,67.2,1,10,6.72,0.0,60.48,43.96,16.52,In-Store,Debit Card,5,0
ORD-03816,2024-05-18,2024-05-25,7,CUST-2043,Corporate,Southeast,Georgia,Home & Kitchen,Appliances,Dyson V15 Vacuum,671.61,1,0,0.0,7.84,671.61,485.2,186.41,Mobile App,Apple Pay,2,1
ORD-03817,2023-11-03,2023-11-08,5,CUST-2298,Consumer,Northeast,New York,Electronics,Tablets,Samsung Galaxy Tab S6,343.53,1,15,51.53,0.0,292.0,230.93,61.07,Online,Debit Card,3,1
ORD-03818,2024-10-19,2024-10-20,1,CUST-2750,Consumer,West,Colorado,Office Supplies,Desks & Chairs,Herman Miller Aeron,1324.49,1,0,0.0,5.46,1324.49,969.55,354.94,In-Store,PayPal,3,0
ORD-03819,2023-11-07,2023-11-12,5,CUST-1934,Consumer,Northeast,New York,Home & Kitchen,Decor,Wall Art Canvas,57.9,1,0,0.0,24.78,57.9,42.45,15.45,Online,Apple Pay,2,0
ORD-03820,2023-10-31,2023-11-04,4,CUST-3021,Small Business,West,Colorado,Sports & Outdoors,Running,Nathan Hydration Vest,71.37,1,5,3.57,13.92,67.8,44.75,23.05,Online,Credit Card,5,1
ORD-03821,2024-05-23,2024-05-26,3,CUST-1355,Corporate,West,Colorado,Home & Kitchen,Furniture,Wayfair Sofa,476.51,2,20,190.6,16.96,762.42,337.22,87.98,Mobile App,Gift Card,5,0
ORD-03822,2023-12-22,2023-12-28,6,CUST-2391,Consumer,Southeast,Georgia,Office Supplies,Paper Products,Post-it Notes Bulk,19.37,2,0,0.0,5.21,38.74,11.21,16.32,Online,Gift Card,2,0
ORD-03823,2023-02-25,2023-02-26,1,CUST-2846,Corporate,Northeast,Connecticut,Office Supplies,Stationery,Staedtler Pencil Set,9.88,5,10,4.94,10.27,44.46,7.11,8.91,Online,Credit Card,4,0
ORD-03824,2024-06-20,2024-06-24,4,CUST-1964,Consumer,Southwest,Oklahoma,Electronics,Tablets,iPad 10th Gen,430.5,1,15,64.58,0.0,365.92,302.7,63.22,Mobile App,Apple Pay,4,0
ORD-03825,2024-04-10,2024-04-12,2,CUST-1254,Consumer,Southwest,Oklahoma,Sports & Outdoors,Running,Brooks Ghost 15,143.27,1,0,0.0,14.54,143.27,95.54,47.73,In-Store,Credit Card,4,0
ORD-03826,2024-01-01,2024-01-06,5,CUST-2866,Corporate,West,California,Clothing,Footwear,Nike Air Max 90,132.9,2,5,13.29,20.75,252.51,85.9,80.71,In-Store,Apple Pay,2,0
ORD-03827,2023-08-21,2023-08-23,2,CUST-1674,Consumer,Northeast,New York,Sports & Outdoors,Cycling,Bell Helmet,47.92,1,25,11.98,17.89,35.94,30.86,5.08,Online,Credit Card,4,0
ORD-03828,2024-05-07,2024-05-10,3,CUST-2858,Consumer,West,Oregon,Sports & Outdoors,Team Sports,Rawlings Baseball Glove,51.26,2,0,0.0,18.68,102.52,28.78,44.96,Online,Debit Card,1,1
ORD-03829,2024-01-02,2024-01-09,7,CUST-1408,Consumer,Southeast,Virginia,Sports & Outdoors,Fitness Equipment,Bowflex Dumbbells,351.66,1,5,17.58,24.87,334.08,196.46,137.62,In-Store,Gift Card,3,0
ORD-03830,2023-05-04,2023-05-10,6,CUST-2338,Corporate,Southeast,Tennessee,Sports & Outdoors,Fitness Equipment,Bowflex Dumbbells,334.37,1,5,16.72,23.63,317.65,208.75,108.9,Online,Gift Card,1,1
ORD-03831,2024-02-23,2024-02-28,5,CUST-1118,Consumer,Southwest,Utah,Office Supplies,Stationery,Pilot G2 Pen Pack,13.38,3,25,10.04,7.8,30.1,7.59,7.33,Online,Gift Card,2,0
ORD-03832,2024-01-04,2024-01-07,3,CUST-2095,Corporate,Southeast,Georgia,Clothing,Women's Apparel,North Face Fleece,96.97,2,15,29.09,15.77,164.85,59.59,45.67,Online,Debit Card,3,0
ORD-03833,2023-04-26,2023-05-01,5,CUST-2860,Consumer,Midwest,Illinois,Sports & Outdoors,Team Sports,Adidas Soccer Ball,25.2,1,5,1.26,17.36,23.94,14.76,9.18,In-Store,Apple Pay,4,0
ORD-03834,2024-12-19,2024-12-23,4,CUST-2245,Consumer,West,Arizona,Home & Kitchen,Decor,Wall Art Canvas,62.65,2,0,0.0,18.16,125.3,38.5,48.3,Online,Apple Pay,5,0
ORD-03835,2024-06-22,2024-06-28,6,CUST-1206,Consumer,Southeast,Virginia,Home & Kitchen,Storage,Container Store Bins,24.03,1,0,0.0,23.5,24.03,13.66,10.37,In-Store,PayPal,1,0
ORD-03836,2024-01-10,2024-01-12,2,CUST-1066,Consumer,Midwest,Michigan,Office Supplies,Printers,Epson EcoTank,190.42,1,10,19.04,12.52,171.38,125.03,46.35,In-Store,Gift Card,4,0
ORD-03837,2024-03-22,2024-03-24,2,CUST-1250,Small Business,West,Colorado,Electronics,Headphones,Sony WH-1000XM5,303.55,1,0,0.0,18.07,303.55,220.07,83.48,Mobile App,Credit Card,4,0
ORD-03838,2024-09-15,2024-09-17,2,CUST-1335,Consumer,West,Colorado,Electronics,Headphones,Bose QC45,271.05,2,0,0.0,14.8,542.1,156.58,228.94,Online,PayPal,4,1
ORD-03839,2024-07-30,2024-08-03,4,CUST-3433,Consumer,Southwest,Nevada,Clothing,Men's Apparel,Levi's 501 Jeans,62.06,1,0,0.0,8.55,62.06,35.89,26.17,Online,PayPal,4,0
ORD-03840,2023-08-17,2023-08-20,3,CUST-2758,Corporate,Southwest,Utah,Clothing,Accessories,Ray-Ban Aviators,165.14,1,0,0.0,12.89,165.14,110.85,54.29,Online,Debit Card,5,0
ORD-03841,2023-05-23,2023-05-27,4,CUST-1110,Consumer,Northeast,Massachusetts,Office Supplies,Stationery,Sharpie Marker Set,17.62,3,10,5.29,0.0,47.57,11.27,13.76,Online,Gift Card,2,0
ORD-03842,2023-01-10,2023-01-17,7,CUST-2019,Consumer,Northeast,New Jersey,Sports & Outdoors,Fitness Equipment,Resistance Band Set,25.56,3,15,11.5,24.55,65.18,16.15,16.73,In-Store,Credit Card,3,0
ORD-03843,2024-02-03,2024-02-08,5,CUST-2378,Consumer,Northeast,New Jersey,Office Supplies,Paper Products,HP Printer Paper 5-Ream,29.26,2,5,2.93,18.06,55.59,21.93,11.73,Mobile App,Credit Card,3,0
ORD-03844,2023-06-11,2023-06-13,2,CUST-1065,Small Business,Northeast,Massachusetts,Home & Kitchen,Storage,Sterilite Cart,41.83,1,0,0.0,19.22,41.83,29.47,12.36,Online,Debit Card,4,0
ORD-03845,2024-08-16,2024-08-23,7,CUST-1774,Corporate,Northeast,New Jersey,Electronics,Smartphones,iPhone SE,447.81,4,0,0.0,11.57,1791.24,300.36,589.8,Online,PayPal,3,0
ORD-03846,2024-12-09,2024-12-15,6,CUST-1213,Consumer,Midwest,Michigan,Electronics,Monitors,LG 27-inch 4K,334.96,1,25,83.74,17.24,251.22,204.88,46.34,Online,Credit Card,2,1
ORD-03847,2023-02-28,2023-03-04,4,CUST-2274,Consumer,Southeast,Tennessee,Office Supplies,Desks & Chairs,FlexiSpot Standing Desk,376.51,3,0,0.0,20.97,1129.53,262.61,341.7,Online,Credit Card,4,0
ORD-03848,2024-04-28,2024-05-02,4,CUST-3437,Consumer,Northeast,Connecticut,Sports & Outdoors,Camping Gear,Coleman Tent 4P,129.13,1,0,0.0,14.91,129.13,85.13,44.0,Mobile App,Debit Card,4,0
ORD-03849,2024-12-07,2024-12-09,2,CUST-1816,Small Business,Northeast,Connecticut,Clothing,Footwear,New Balance 574,93.61,5,0,0.0,17.26,468.05,51.79,209.1,Online,Gift Card,4,0
ORD-03850,2024-05-25,2024-05-29,4,CUST-2591,Consumer,Midwest,Wisconsin,Home & Kitchen,Appliances,Dyson V15 Vacuum,677.4,1,10,67.74,5.45,609.66,417.21,192.45,Online,Debit Card,3,0
ORD-03851,2023-12-28,2023-12-29,1,CUST-1008,Corporate,Midwest,Wisconsin,Electronics,Tablets,iPad 10th Gen,463.44,2,20,185.38,0.0,741.5,291.71,158.08,Mobile App,Credit Card,5,0
ORD-03852,2023-01-24,2023-01-26,2,CUST-1038,Consumer,Northeast,Massachusetts,Office Supplies,Printers,HP LaserJet Pro,301.72,1,15,45.26,22.43,256.46,194.27,62.19,Online,Apple Pay,4,0
ORD-03853,2024-01-05,2024-01-08,3,CUST-2293,Consumer,Midwest,Michigan,Home & Kitchen,Furniture,Wayfair Sofa,486.74,3,10,146.02,20.89,1314.2,315.98,366.26,Online,Gift Card,2,1
ORD-03854,2024-09-21,2024-09-22,1,CUST-3268,Consumer,Southwest,Nevada,Home & Kitchen,Decor,Yankee Candle Set,34.72,1,5,1.74,23.24,32.98,24.82,8.16,Mobile App,Debit Card,3,0
ORD-03855,2024-06-07,2024-06-14,7,CUST-3056,Corporate,Midwest,Michigan,Office Supplies,Organizers,AmazonBasics File Cabinet,88.22,2,25,44.11,7.52,132.33,60.77,10.79,Online,Debit Card,3,0
ORD-03856,2023-01-11,2023-01-12,1,CUST-1124,Consumer,Midwest,Wisconsin,Clothing,Women's Apparel,Adidas Yoga Pants,57.04,1,25,14.26,11.98,42.78,31.81,10.97,Online,Gift Card,5,0
ORD-03857,2023-10-24,2023-10-29,5,CUST-2783,Consumer,Northeast,Connecticut,Office Supplies,Organizers,Bankers Box Set,25.95,2,5,2.6,18.13,49.3,15.5,18.3,In-Store,Gift Card,4,0
ORD-03858,2023-03-14,2023-03-20,6,CUST-3080,Corporate,Southeast,Georgia,Electronics,Smartphones,Samsung Galaxy A54,355.67,1,5,17.78,18.46,337.89,254.08,83.81,Online,Apple Pay,3,0
ORD-03859,2024-05-02,2024-05-03,1,CUST-2877,Corporate,Northeast,New Jersey,Clothing,Women's Apparel,Adidas Yoga Pants,56.69,4,5,11.34,12.99,215.42,34.44,77.66,In-Store,PayPal,3,0
ORD-03860,2023-03-10,2023-03-12,2,CUST-3218,Consumer,West,California,Sports & Outdoors,Fitness Equipment,Peloton Bike Mat,61.2,2,0,0.0,0.0,122.4,41.62,39.16,Online,PayPal,5,0
ORD-03861,2023-08-12,2023-08-15,3,CUST-1253,Consumer,Northeast,New Jersey,Clothing,Men's Apparel,Columbia Jacket,92.72,2,10,18.54,16.65,166.9,65.98,34.94,Online,Credit Card,5,0
ORD-03862,2024-04-22,2024-04-23,1,CUST-2179,Consumer,Southwest,Utah,Home & Kitchen,Furniture,Wayfair Sofa,512.18,3,0,0.0,13.49,1536.54,376.0,408.54,Mobile App,Gift Card,5,0
ORD-03863,2023-10-29,2023-10-30,1,CUST-3446,Small Business,Southeast,Georgia,Office Supplies,Paper Products,Post-it Notes Bulk,19.51,3,0,0.0,15.88,58.53,11.35,24.48,Mobile App,Apple Pay,5,0
ORD-03864,2024-05-02,2024-05-04,2,CUST-2047,Consumer,Northeast,Pennsylvania,Office Supplies,Paper Products,HP Printer Paper 5-Ream,29.98,1,10,3.0,7.16,26.98,20.68,6.3,Online,Gift Card,5,0
ORD-03865,2024-01-11,2024-01-15,4,CUST-1744,Corporate,West,Washington,Clothing,Activewear,Reebok Sports Bra,34.63,1,5,1.73,20.31,32.9,20.8,12.1,In-Store,Debit Card,5,0
ORD-03866,2023-11-14,2023-11-15,1,CUST-1619,Consumer,Southeast,Tennessee,Electronics,Headphones,Sony WH-1000XM5,298.27,1,10,29.83,0.0,268.44,214.28,54.16,Online,Debit Card,4,0
ORD-03867,2023-04-17,2023-04-24,7,CUST-3405,Consumer,Northeast,Connecticut,Electronics,Headphones,Sony WH-1000XM5,302.69,2,15,90.81,24.0,514.57,223.09,68.39,In-Store,PayPal,3,0
ORD-03868,2024-08-21,2024-08-28,7,CUST-2277,Corporate,Midwest,Indiana,Home & Kitchen,Furniture,IKEA Kallax Shelf,93.22,2,5,9.32,12.94,177.12,63.85,49.42,Online,Apple Pay,5,1
ORD-03869,2023-10-06,2023-10-09,3,CUST-2860,Corporate,Southeast,North Carolina,Office Supplies,Organizers,Pendaflex Folders,14.35,1,10,1.44,11.56,12.91,8.63,4.28,Mobile App,Credit Card,3,0
ORD-03870,2024-04-09,2024-04-12,3,CUST-2989,Corporate,West,California,Office Supplies,Printers,HP LaserJet Pro,296.4,3,0,0.0,22.84,889.2,211.78,253.86,Online,Debit Card,2,0
ORD-03871,2023-07-15,2023-07-19,4,CUST-3345,Consumer,West,California,Home & Kitchen,Decor,Pottery Barn Throw Pillow,49.18,1,5,2.46,7.58,46.72,36.42,10.3,Online,Credit Card,4,0
ORD-03872,2024-08-01,2024-08-04,3,CUST-3288,Small Business,Northeast,Massachusetts,Home & Kitchen,Cookware,All-Clad Pan Set,261.25,1,5,13.06,5.21,248.19,185.24,62.95,Mobile App,Credit Card,2,1
ORD-03873,2024-06-25,2024-06-29,4,CUST-3226,Consumer,Southeast,Georgia,Electronics,Smartphones,Google Pixel 7a,412.65,1,0,0.0,9.64,412.65,287.73,124.92,Mobile App,Gift Card,4,0
ORD-03874,2023-06-14,2023-06-19,5,CUST-3207,Consumer,Southeast,Georgia,Office Supplies,Organizers,Bankers Box Set,24.77,4,15,14.86,13.11,84.22,14.23,27.3,In-Store,PayPal,1,0
ORD-03875,2024-06-26,2024-06-30,4,CUST-1689,Consumer,West,California,Sports & Outdoors,Team Sports,Wilson Basketball,28.98,4,0,0.0,0.0,115.92,18.95,40.12,In-Store,Apple Pay,5,0
ORD-03876,2024-11-25,2024-11-26,1,CUST-3341,Consumer,Midwest,Michigan,Clothing,Accessories,Coach Wallet,78.15,2,5,7.82,6.61,148.48,50.19,48.1,In-Store,Credit Card,4,0
ORD-03877,2024-10-15,2024-10-18,3,CUST-1885,Consumer,Southeast,Florida,Sports & Outdoors,Cycling,Bell Helmet,50.66,1,10,5.07,23.15,45.59,33.43,12.16,Online,Apple Pay,4,0
ORD-03878,2023-07-04,2023-07-08,4,CUST-3234,Small Business,Midwest,Michigan,Home & Kitchen,Decor,Wall Art Canvas,57.85,2,10,11.57,17.74,104.13,41.57,20.99,Online,Credit Card,4,0
ORD-03879,2023-05-03,2023-05-05,2,CUST-2155,Corporate,Midwest,Illinois,Clothing,Women's Apparel,Lululemon Tank,67.04,2,5,6.7,22.6,127.38,45.43,36.52,Online,Debit Card,3,0
ORD-03880,2023-12-16,2023-12-18,2,CUST-3046,Consumer,Northeast,Massachusetts,Sports & Outdoors,Running,Nathan Hydration Vest,70.01,3,0,0.0,0.0,210.03,49.74,60.81,In-Store,Credit Card,4,0
ORD-03881,2024-12-29,2025-01-03,5,CUST-3377,Consumer,Southeast,North Carolina,Office Supplies,Paper Products,HP Printer Paper 5-Ream,30.05,1,5,1.5,8.32,28.55,20.56,7.99,Online,Apple Pay,5,0
ORD-03882,2024-04-28,2024-05-02,4,CUST-2061,Consumer,Southeast,Virginia,Clothing,Men's Apparel,Columbia Jacket,90.7,3,25,68.03,14.0,204.07,59.06,26.89,Online,Apple Pay,4,0
ORD-03883,2024-03-08,2024-03-09,1,CUST-3197,Corporate,West,Colorado,Clothing,Women's Apparel,North Face Fleece,98.43,1,20,19.69,0.0,78.74,60.03,18.71,Online,Credit Card,5,0
ORD-03884,2024-10-30,2024-11-01,2,CUST-2356,Small Business,Midwest,Indiana,Clothing,Men's Apparel,Columbia Jacket,93.01,2,10,18.6,21.28,167.42,63.34,40.74,In-Store,PayPal,5,0
ORD-03885,2024-12-17,2024-12-22,5,CUST-1632,Small Business,Midwest,Ohio,Electronics,Smartphones,Google Pixel 7a,411.2,1,0,0.0,19.83,411.2,239.84,171.36,Online,Credit Card,2,1
ORD-03886,2023-03-05,2023-03-08,3,CUST-2385,Consumer,Southwest,Utah,Home & Kitchen,Appliances,Keurig K-Slim,113.11,2,10,22.62,6.07,203.6,62.48,78.64,In-Store,Debit Card,4,0
ORD-03887,2024-07-19,2024-07-23,4,CUST-3463,Consumer,Southeast,North Carolina,Sports & Outdoors,Camping Gear,Coleman Tent 4P,127.24,2,15,38.17,13.63,216.31,70.16,75.99,Online,PayPal,3,0
ORD-03888,2024-06-17,2024-06-19,2,CUST-2114,Consumer,Southwest,Oklahoma,Clothing,Men's Apparel,Nike Dri-FIT Tee,36.2,2,0,0.0,16.56,72.4,23.07,26.26,In-Store,Apple Pay,4,0
ORD-03889,2024-03-02,2024-03-06,4,CUST-3126,Consumer,Northeast,Connecticut,Clothing,Women's Apparel,Lululemon Tank,67.62,1,0,0.0,19.09,67.62,47.01,20.61,Mobile App,Credit Card,5,0
ORD-03890,2023-11-04,2023-11-07,3,CUST-2944,Small Business,Midwest,Indiana,Sports & Outdoors,Team Sports,Rawlings Baseball Glove,49.21,3,5,7.38,6.74,140.25,30.76,47.97,Mobile App,Credit Card,4,0
ORD-03891,2024-01-27,2024-02-02,6,CUST-1980,Consumer,Southeast,Georgia,Electronics,Tablets,Samsung Galaxy Tab S6,338.62,1,10,33.86,0.0,304.76,194.71,110.05,Mobile App,Credit Card,4,0
ORD-03892,2024-04-12,2024-04-16,4,CUST-1593,Consumer,Northeast,Pennsylvania,Home & Kitchen,Storage,Container Store Bins,25.6,1,10,2.56,0.0,23.04,18.56,4.48,Online,Gift Card,4,0
ORD-03893,2023-06-14,2023-06-15,1,CUST-2764,Consumer,West,Colorado,Office Supplies,Desks & Chairs,Herman Miller Aeron,1274.55,1,5,63.73,24.58,1210.82,828.68,382.14,In-Store,Debit Card,4,1
ORD-03894,2024-05-29,2024-06-03,5,CUST-3252,Corporate,Southwest,Oklahoma,Clothing,Accessories,Ray-Ban Aviators,160.74,4,5,32.15,11.32,610.81,107.26,181.77,Mobile App,PayPal,3,0
ORD-03895,2024-05-19,2024-05-20,1,CUST-2185,Corporate,West,California,Office Supplies,Printers,Epson EcoTank,199.27,1,0,0.0,9.73,199.27,116.97,82.3,Online,Apple Pay,2,1
ORD-03896,2024-02-21,2024-02-25,4,CUST-1910,Small Business,Northeast,Connecticut,Sports & Outdoors,Running,Brooks Ghost 15,143.71,3,5,21.56,0.0,409.57,81.13,166.18,Online,Gift Card,4,0
ORD-03897,2024-03-15,2024-03-22,7,CUST-3313,Corporate,Southwest,New Mexico,Clothing,Activewear,Under Armour Shorts,40.42,4,10,16.17,20.68,145.51,27.09,37.15,Online,Apple Pay,2,1
ORD-03898,2024-03-20,2024-03-21,1,CUST-3439,Corporate,Southeast,Georgia,Office Supplies,Stationery,Sharpie Marker Set,16.87,1,0,0.0,24.8,16.87,9.99,6.88,Online,Debit Card,4,0
ORD-03899,2023-03-29,2023-03-31,2,CUST-3006,Corporate,Southeast,Tennessee,Clothing,Activewear,Puma Track Pants,49.2,2,15,14.76,17.49,83.64,29.22,25.2,Mobile App,Credit Card,5,0
ORD-03900,2023-04-25,2023-04-28,3,CUST-1799,Corporate,Southeast,Florida,Office Supplies,Organizers,Pendaflex Folders,15.56,2,10,3.11,21.65,28.01,8.72,10.57,In-Store,Debit Card,3,0
ORD-03901,2024-04-04,2024-04-05,1,CUST-2122,Consumer,Northeast,Pennsylvania,Sports & Outdoors,Running,Garmin Forerunner 55,194.94,3,20,116.96,0.0,467.86,140.73,45.67,In-Store,PayPal,5,0
ORD-03902,2024-12-26,2024-12-27,1,CUST-2982,Consumer,Northeast,Connecticut,Home & Kitchen,Storage,ClosetMaid Organizer,67.79,4,5,13.56,21.02,257.6,39.6,99.2,Mobile App,Apple Pay,4,0
ORD-03903,2024-09-22,2024-09-26,4,CUST-1449,Corporate,Midwest,Ohio,Clothing,Accessories,Ray-Ban Aviators,153.13,5,20,153.13,0.0,612.52,90.37,160.67,Online,Credit Card,4,0
ORD-03904,2024-04-23,2024-04-25,2,CUST-2902,Corporate,Northeast,Connecticut,Sports & Outdoors,Fitness Equipment,Bowflex Dumbbells,351.78,1,0,0.0,10.49,351.78,200.72,151.06,Mobile App,PayPal,3,0
ORD-03905,2023-05-17,2023-05-18,1,CUST-1814,Small Business,Northeast,Connecticut,Home & Kitchen,Appliances,Dyson V15 Vacuum,658.44,3,10,197.53,18.21,1777.79,438.87,461.18,Online,Debit Card,5,0
ORD-03906,2024-05-09,2024-05-10,1,CUST-2633,Small Business,Midwest,Ohio,Home & Kitchen,Storage,Sterilite Cart,40.12,3,10,12.04,12.58,108.32,29.86,18.74,Online,Apple Pay,4,0
ORD-03907,2023-12-29,2024-01-05,7,CUST-2980,Consumer,Southeast,Florida,Clothing,Footwear,Adidas Ultraboost,186.3,1,0,0.0,18.7,186.3,127.71,58.59,Online,Credit Card,2,1
ORD-03908,2024-05-06,2024-05-07,1,CUST-1958,Consumer,Midwest,Ohio,Electronics,Smartphones,iPhone SE,420.25,1,5,21.01,5.68,399.24,291.69,107.55,Mobile App,Debit Card,4,0
ORD-03909,2024-05-20,2024-05-22,2,CUST-1027,Consumer,Midwest,Ohio,Sports & Outdoors,Team Sports,Rawlings Baseball Glove,50.89,5,0,0.0,15.54,254.45,35.37,77.6,Mobile App,Credit Card,5,0
ORD-03910,2024-12-05,2024-12-07,2,CUST-1329,Small Business,Midwest,Illinois,Sports & Outdoors,Cycling,Schwinn Hybrid Bike,341.93,1,0,0.0,0.0,341.93,220.99,120.94,Online,Credit Card,1,0
ORD-03911,2024-05-11,2024-05-16,5,CUST-2330,Corporate,Southwest,New Mexico,Electronics,Laptops,Lenovo ThinkPad E15,783.07,2,20,313.23,7.16,1252.91,487.82,277.27,In-Store,Credit Card,5,0
ORD-03912,2023-07-11,2023-07-17,6,CUST-1815,Consumer,Midwest,Michigan,Clothing,Women's Apparel,Adidas Yoga Pants,57.08,1,10,5.71,17.17,51.37,33.7,17.67,Mobile App,Credit Card,5,0
ORD-03913,2023-01-08,2023-01-14,6,CUST-3033,Small Business,Northeast,Massachusetts,Clothing,Women's Apparel,North Face Fleece,95.72,1,5,4.79,22.86,90.93,55.23,35.7,In-Store,Apple Pay,5,0
ORD-03914,2024-11-01,2024-11-05,4,CUST-1811,Consumer,Northeast,Massachusetts,Electronics,Laptops,Dell Inspiron 15,557.7,3,5,83.66,21.71,1589.44,368.78,483.1,Online,Gift Card,3,0
ORD-03915,2023-10-25,2023-10-26,1,CUST-2633,Small Business,Midwest,Ohio,Clothing,Footwear,New Balance 574,87.46,3,5,13.12,0.0,249.26,48.79,102.89,In-Store,Credit Card,3,0
ORD-03916,2023-03-27,2023-04-03,7,CUST-2178,Consumer,Northeast,New Jersey,Sports & Outdoors,Cycling,Schwinn Hybrid Bike,340.21,1,0,0.0,6.94,340.21,252.24,87.97,Mobile App,Apple Pay,3,0
ORD-03917,2023-12-29,2024-01-02,4,CUST-1525,Consumer,Southeast,Georgia,Sports & Outdoors,Camping Gear,Yeti Cooler,243.62,4,0,0.0,0.0,974.48,166.25,309.48,Mobile App,Apple Pay,5,0
ORD-03918,2024-02-16,2024-02-22,6,CUST-2083,Consumer,Southwest,Utah,Clothing,Accessories,Ray-Ban Aviators,154.07,2,5,15.41,5.32,292.73,103.36,86.01,In-Store,Credit Card,1,0
ORD-03919,2023-01-12,2023-01-15,3,CUST-2809,Corporate,Midwest,Wisconsin,Sports & Outdoors,Cycling,Bell Helmet,50.33,1,15,7.55,22.94,42.78,31.29,11.49,In-Store,Gift Card,4,0
ORD-03920,2023-03-07,2023-03-12,5,CUST-1152,Consumer,Northeast,New York,Clothing,Women's Apparel,North Face Fleece,97.97,1,10,9.8,0.0,88.17,67.99,20.18,Online,Debit Card,1,0
ORD-03921,2023-03-04,2023-03-11,7,CUST-2456,Corporate,Midwest,Michigan,Clothing,Activewear,Puma Track Pants,51.25,1,0,0.0,16.62,51.25,34.3,16.95,In-Store,Credit Card,2,1
ORD-03922,2023-06-06,2023-06-12,6,CUST-3021,Consumer,Northeast,New Jersey,Home & Kitchen,Cookware,Cuisinart Knife Set,83.89,2,0,0.0,9.45,167.78,46.26,75.26,Mobile App,Gift Card,3,0
ORD-03923,2023-09-09,2023-09-13,4,CUST-2000,Small Business,Northeast,New Jersey,Home & Kitchen,Storage,ClosetMaid Organizer,68.14,1,5,3.41,24.18,64.73,37.95,26.78,Mobile App,Debit Card,3,0
ORD-03924,2024-09-13,2024-09-17,4,CUST-2217,Consumer,Southeast,Virginia,Sports & Outdoors,Cycling,Garmin Edge 530,302.33,2,0,0.0,9.61,604.66,182.87,238.92,Online,PayPal,2,0
ORD-03925,2023-01-30,2023-02-03,4,CUST-3194,Small Business,Northeast,Massachusetts,Office Supplies,Organizers,AmazonBasics File Cabinet,94.19,2,0,0.0,9.03,188.38,58.74,70.9,Online,PayPal,5,0
ORD-03926,2023-10-16,2023-10-18,2,CUST-3270,Consumer,Northeast,Massachusetts,Office Supplies,Organizers,AmazonBasics File Cabinet,85.56,1,0,0.0,7.96,85.56,58.33,27.23,Mobile App,PayPal,4,0
ORD-03927,2024-12-17,2024-12-22,5,CUST-3244,Consumer,Northeast,Pennsylvania,Home & Kitchen,Storage,ClosetMaid Organizer,72.28,1,20,14.46,23.62,57.82,42.48,15.34,In-Store,PayPal,4,0
ORD-03928,2024-07-17,2024-07-22,5,CUST-2595,Consumer,Midwest,Michigan,Clothing,Women's Apparel,North Face Fleece,95.08,3,10,28.52,0.0,256.72,66.25,57.97,In-Store,Apple Pay,3,0
ORD-03929,2023-07-28,2023-08-03,6,CUST-2965,Consumer,West,Colorado,Clothing,Women's Apparel,Lululemon Tank,65.85,2,5,6.58,7.42,125.12,41.87,41.38,In-Store,Debit Card,2,0
ORD-03930,2023-05-16,2023-05-19,3,CUST-3049,Consumer,Southeast,Tennessee,Home & Kitchen,Decor,Wall Art Canvas,62.32,2,5,6.23,22.52,118.41,41.49,35.43,Online,PayPal,3,0
ORD-03931,2023-10-21,2023-10-27,6,CUST-2832,Small Business,Southwest,Nevada,Electronics,Headphones,Bose QC45,283.03,2,0,0.0,5.59,566.06,159.26,247.54,In-Store,Credit Card,1,1
ORD-03932,2023-03-08,2023-03-13,5,CUST-3221,Corporate,Northeast,Connecticut,Home & Kitchen,Storage,Container Store Bins,24.23,4,0,0.0,15.16,96.92,17.92,25.24,In-Store,Gift Card,5,0
ORD-03933,2024-07-02,2024-07-03,1,CUST-1242,Small Business,Southwest,Texas,Home & Kitchen,Storage,ClosetMaid Organizer,69.2,2,10,13.84,6.46,124.56,51.05,22.46,Online,Debit Card,5,0
ORD-03934,2024-03-10,2024-03-16,6,CUST-3377,Consumer,West,California,Clothing,Activewear,Under Armour Shorts,40.84,3,0,0.0,21.45,122.52,28.52,36.96,Online,Apple Pay,3,0
ORD-03935,2024-02-21,2024-02-27,6,CUST-1329,Consumer,Southeast,Virginia,Sports & Outdoors,Running,Nathan Hydration Vest,72.71,1,0,0.0,14.44,72.71,45.77,26.94,In-Store,Gift Card,4,0
ORD-03936,2024-06-18,2024-06-24,6,CUST-1867,Consumer,Midwest,Indiana,Clothing,Footwear,New Balance 574,92.08,2,0,0.0,9.34,184.16,50.98,82.2,In-Store,Apple Pay,2,0
ORD-03937,2023-06-18,2023-06-22,4,CUST-1118,Corporate,West,Arizona,Electronics,Smartphones,iPhone SE,439.97,1,25,109.99,14.65,329.98,261.54,68.44,Online,Debit Card,5,0
ORD-03938,2024-05-08,2024-05-13,5,CUST-2169,Consumer,Southeast,Tennessee,Home & Kitchen,Storage,ClosetMaid Organizer,67.11,1,15,10.07,10.58,57.04,40.21,16.83,Mobile App,Debit Card,2,1
ORD-03939,2024-11-07,2024-11-10,3,CUST-2565,Consumer,Northeast,New York,Home & Kitchen,Storage,Container Store Bins,26.13,1,15,3.92,21.06,22.21,16.16,6.05,Online,Debit Card,3,0
ORD-03940,2024-11-19,2024-11-26,7,CUST-2011,Corporate,West,Washington,Electronics,Tablets,iPad 10th Gen,462.41,1,0,0.0,24.99,462.41,287.6,174.81,Mobile App,Gift Card,2,0
ORD-03941,2023-12-28,2023-12-31,3,CUST-1190,Consumer,Southwest,New Mexico,Sports & Outdoors,Fitness Equipment,Peloton Bike Mat,61.35,1,5,3.07,14.56,58.28,34.65,23.63,Online,Gift Card,2,1
ORD-03942,2023-08-29,2023-09-05,7,CUST-1243,Corporate,West,Washington,Home & Kitchen,Appliances,Instant Pot Duo 7-in-1,89.63,1,0,0.0,19.27,89.63,61.02,28.61,Online,Credit Card,5,0
ORD-03943,2023-02-06,2023-02-08,2,CUST-2821,Corporate,Southeast,North Carolina,Home & Kitchen,Storage,ClosetMaid Organizer,67.61,1,0,0.0,0.0,67.61,43.57,24.04,Mobile App,Gift Card,3,0
ORD-03944,2023-02-05,2023-02-06,1,CUST-2647,Corporate,Midwest,Wisconsin,Home & Kitchen,Appliances,Instant Pot Duo 7-in-1,92.31,1,0,0.0,21.56,92.31,61.99,30.32,In-Store,Apple Pay,4,0
ORD-03945,2024-12-12,2024-12-19,7,CUST-1655,Corporate,Southeast,Georgia,Sports & Outdoors,Team Sports,Rawlings Baseball Glove,50.84,5,0,0.0,5.35,254.2,34.42,82.1,Online,Credit Card,4,0
ORD-03946,2024-06-14,2024-06-21,7,CUST-2436,Corporate,Southeast,Virginia,Sports & Outdoors,Cycling,Garmin Edge 530,287.0,1,10,28.7,24.28,258.3,215.15,43.15,Mobile App,Debit Card,5,0
ORD-03947,2023-10-23,2023-10-26,3,CUST-3339,Small Business,Northeast,New York,Clothing,Women's Apparel,Adidas Yoga Pants,57.36,1,0,0.0,20.8,57.36,40.1,17.26,Online,Gift Card,5,0
ORD-03948,2024-11-02,2024-11-06,4,CUST-2798,Consumer,Northeast,Massachusetts,Sports & Outdoors,Team Sports,Rawlings Baseball Glove,51.15,1,0,0.0,17.18,51.15,30.44,20.71,Online,Credit Card,3,0
ORD-03949,2023-02-23,2023-02-24,1,CUST-1178,Consumer,West,Oregon,Home & Kitchen,Furniture,West Elm Desk,358.89,1,0,0.0,19.3,358.89,231.93,126.96,Online,Gift Card,4,0
ORD-03950,2023-12-19,2023-12-22,3,CUST-2294,Consumer,Midwest,Ohio,Home & Kitchen,Decor,Yankee Candle Set,36.25,1,10,3.62,10.3,32.63,22.38,10.25,Mobile App,Gift Card,5,0
ORD-03951,2024-07-07,2024-07-08,1,CUST-1855,Corporate,Midwest,Ohio,Home & Kitchen,Cookware,Lodge Cast Iron Skillet,29.23,1,5,1.46,12.66,27.77,20.55,7.22,In-Store,Gift Card,4,0
ORD-03952,2024-07-01,2024-07-08,7,CUST-1462,Consumer,West,California,Electronics,Headphones,Sony WH-1000XM5,302.88,1,0,0.0,5.55,302.88,211.26,91.62,Online,PayPal,3,0
ORD-03953,2024-11-06,2024-11-09,3,CUST-1092,Corporate,Northeast,New Jersey,Clothing,Activewear,Under Armour Shorts,38.72,3,0,0.0,0.0,116.16,21.65,51.21,In-Store,Debit Card,2,0
ORD-03954,2024-08-10,2024-08-14,4,CUST-2750,Corporate,Southwest,Utah,Office Supplies,Printers,Brother Inkjet,155.05,2,10,31.01,24.43,279.09,92.09,94.91,In-Store,Apple Pay,4,0
ORD-03955,2023-02-06,2023-02-09,3,CUST-1540,Consumer,Northeast,New Jersey,Office Supplies,Paper Products,HP Printer Paper 5-Ream,30.38,2,0,0.0,9.23,60.76,17.72,25.32,Online,Debit Card,4,0
ORD-03956,2024-10-15,2024-10-19,4,CUST-2931,Corporate,Southeast,Florida,Office Supplies,Organizers,AmazonBasics File Cabinet,89.1,1,5,4.46,13.82,84.64,64.43,20.21,In-Store,Apple Pay,4,0
ORD-03957,2023-05-06,2023-05-11,5,CUST-2270,Consumer,Northeast,New York,Office Supplies,Printers,Epson EcoTank,190.02,1,5,9.5,9.24,180.52,106.01,74.51,Online,Gift Card,5,0
ORD-03958,2024-05-28,2024-05-31,3,CUST-1229,Consumer,Southwest,Utah,Clothing,Accessories,Fossil Watch,129.1,3,10,38.73,19.93,348.57,72.7,130.47,Online,Credit Card,5,0
ORD-03959,2023-09-21,2023-09-24,3,CUST-3272,Consumer,Northeast,Massachusetts,Office Supplies,Desks & Chairs,Autonomous SmartDesk,443.38,1,0,0.0,0.0,443.38,325.19,118.19,In-Store,Debit Card,3,0
ORD-03960,2023-10-28,2023-11-04,7,CUST-1811,Consumer,West,Oregon,Home & Kitchen,Decor,Pottery Barn Throw Pillow,47.81,1,20,9.56,11.02,38.25,33.32,4.93,Mobile App,Credit Card,4,0
ORD-03961,2023-07-11,2023-07-13,2,CUST-1211,Corporate,West,Colorado,Office Supplies,Organizers,Bankers Box Set,24.63,5,5,6.16,21.31,116.99,16.83,32.84,Online,Gift Card,3,0
ORD-03962,2023-09-24,2023-09-26,2,CUST-3084,Corporate,West,Washington,Home & Kitchen,Storage,Sterilite Cart,40.71,1,10,4.07,0.0,36.64,28.18,8.46,Mobile App,Gift Card,5,0
ORD-03963,2023-10-25,2023-10-26,1,CUST-3393,Consumer,Northeast,New Jersey,Home & Kitchen,Cookware,Cuisinart Knife Set,77.86,1,0,0.0,12.09,77.86,52.93,24.93,Online,Apple Pay,5,0
ORD-03964,2024-12-29,2024-12-30,1,CUST-1751,Consumer,West,Arizona,Clothing,Men's Apparel,Levi's 501 Jeans,60.31,1,5,3.02,0.0,57.29,37.35,19.94,Online,PayPal,4,0
ORD-03965,2024-10-16,2024-10-17,1,CUST-2334,Consumer,Southeast,Virginia,Electronics,Tablets,Samsung Galaxy Tab S6,322.05,3,0,0.0,9.18,966.15,186.35,407.1,Online,PayPal,4,0
ORD-03966,2024-03-30,2024-04-05,6,CUST-1448,Corporate,Northeast,New Jersey,Office Supplies,Stationery,Sharpie Marker Set,16.15,1,25,4.04,0.0,12.11,10.04,2.07,Online,PayPal,4,0
ORD-03967,2023-09-30,2023-10-02,2,CUST-3282,Consumer,West,Washington,Home & Kitchen,Appliances,Dyson V15 Vacuum,669.67,3,20,401.8,14.29,1607.21,422.86,338.63,Mobile App,Debit Card,4,0
ORD-03968,2024-05-30,2024-06-01,2,CUST-3237,Corporate,Midwest,Ohio,Sports & Outdoors,Camping Gear,Yeti Cooler,239.9,1,15,35.98,23.33,203.92,174.86,29.06,In-Store,Credit Card,4,0
ORD-03969,2024-05-21,2024-05-23,2,CUST-2898,Consumer,Midwest,Illinois,Home & Kitchen,Appliances,Dyson V15 Vacuum,636.3,1,15,95.44,0.0,540.86,422.4,118.46,Online,Gift Card,5,0
ORD-03970,2023-07-23,2023-07-26,3,CUST-1000,Corporate,Southwest,New Mexico,Electronics,Smartphones,Samsung Galaxy A54,340.59,3,0,0.0,17.58,1021.77,239.07,304.56,Online,Debit Card,3,0
ORD-03971,2023-04-09,2023-04-10,1,CUST-1535,Consumer,Southeast,Virginia,Office Supplies,Printers,Epson EcoTank,208.69,1,10,20.87,8.95,187.82,140.84,46.98,In-Store,Gift Card,5,0
ORD-03972,2024-12-28,2024-12-30,2,CUST-1698,Consumer,Southwest,Texas,Home & Kitchen,Decor,Yankee Candle Set,35.21,1,20,7.04,24.32,28.17,24.76,3.41,Mobile App,Apple Pay,5,0
ORD-03973,2024-12-01,2024-12-07,6,CUST-1180,Consumer,Northeast,Massachusetts,Electronics,Headphones,AirPods Pro 2,248.55,2,5,24.86,10.97,472.24,152.3,167.64,In-Store,Apple Pay,2,0
ORD-03974,2023-03-19,2023-03-21,2,CUST-2262,Corporate,Southwest,Nevada,Home & Kitchen,Storage,Container Store Bins,25.11,1,0,0.0,23.56,25.11,16.79,8.32,Mobile App,Debit Card,4,0
ORD-03975,2024-10-18,2024-10-23,5,CUST-2332,Corporate,Southeast,Florida,Sports & Outdoors,Fitness Equipment,Peloton Bike Mat,59.95,1,10,6.0,14.44,53.95,37.53,16.42,Mobile App,Gift Card,2,0
ORD-03976,2024-08-29,2024-09-04,6,CUST-1881,Consumer,Midwest,Ohio,Clothing,Men's Apparel,Columbia Jacket,92.61,2,5,9.26,18.66,175.96,52.97,70.02,Online,Apple Pay,3,0
ORD-03977,2024-05-15,2024-05-17,2,CUST-3480,Corporate,Northeast,Pennsylvania,Electronics,Monitors,ASUS ProArt 27,422.39,1,5,21.12,21.0,401.27,242.61,158.66,Mobile App,PayPal,3,0
ORD-03978,2023-04-29,2023-05-05,6,CUST-2617,Consumer,West,California,Sports & Outdoors,Cycling,Bell Helmet,50.19,1,0,0.0,0.0,50.19,31.72,18.47,Online,Apple Pay,3,0
ORD-03979,2023-03-02,2023-03-03,1,CUST-1879,Corporate,Southeast,North Carolina,Electronics,Monitors,LG 27-inch 4K,357.42,1,25,89.36,0.0,268.06,252.93,15.13,Mobile App,Debit Card,5,0
ORD-03980,2024-06-06,2024-06-13,7,CUST-1859,Consumer,Southeast,Georgia,Office Supplies,Desks & Chairs,Autonomous SmartDesk,441.75,1,5,22.09,22.31,419.66,315.31,104.35,Mobile App,Apple Pay,2,1
ORD-03981,2024-07-17,2024-07-18,1,CUST-3494,Small Business,Northeast,New York,Office Supplies,Stationery,Pilot G2 Pen Pack,13.32,1,0,0.0,22.11,13.32,9.12,4.2,Online,Gift Card,4,0
ORD-03982,2023-11-01,2023-11-04,3,CUST-2635,Consumer,West,Colorado,Home & Kitchen,Storage,ClosetMaid Organizer,66.63,3,0,0.0,6.44,199.89,40.53,78.3,Online,PayPal,3,0
ORD-03983,2024-08-06,2024-08-09,3,CUST-3154,Consumer,Southwest,Utah,Home & Kitchen,Decor,Yankee Candle Set,34.31,3,15,15.44,10.01,87.49,23.42,17.23,Mobile App,PayPal,3,0
ORD-03984,2023-05-31,2023-06-07,7,CUST-3270,Small Business,Midwest,Michigan,Electronics,Monitors,ASUS ProArt 27,425.83,2,15,127.75,22.31,723.91,313.23,97.45,Mobile App,Credit Card,3,0
ORD-03985,2024-09-13,2024-09-17,4,CUST-2505,Consumer,West,California,Sports & Outdoors,Fitness Equipment,Resistance Band Set,26.02,1,20,5.2,23.0,20.82,14.91,5.91,Mobile App,Credit Card,5,0
ORD-03986,2024-09-26,2024-10-01,5,CUST-1987,Consumer,West,Washington,Home & Kitchen,Cookware,Cuisinart Knife Set,83.58,5,5,20.89,11.12,397.01,53.5,129.51,Mobile App,Credit Card,4,0
ORD-03987,2024-09-29,2024-10-05,6,CUST-2921,Consumer,Midwest,Indiana,Sports & Outdoors,Cycling,Garmin Edge 530,294.21,4,0,0.0,5.41,1176.84,180.59,454.48,Online,Debit Card,1,1
ORD-03988,2023-08-07,2023-08-09,2,CUST-3345,Consumer,West,California,Electronics,Laptops,HP Pavilion x360,609.63,1,20,121.93,20.16,487.7,351.27,136.43,In-Store,Credit Card,5,0
ORD-03989,2023-12-02,2023-12-05,3,CUST-2012,Corporate,Southeast,Florida,Sports & Outdoors,Fitness Equipment,Resistance Band Set,23.77,2,5,2.38,7.19,45.16,13.19,18.78,In-Store,Debit Card,5,1
ORD-03990,2024-08-05,2024-08-08,3,CUST-1717,Corporate,Northeast,Connecticut,Electronics,Tablets,Amazon Fire HD 10,143.28,1,10,14.33,0.0,128.95,91.72,37.23,Mobile App,Apple Pay,4,1
ORD-03991,2023-09-01,2023-09-03,2,CUST-2124,Corporate,Midwest,Indiana,Home & Kitchen,Storage,Container Store Bins,25.71,1,20,5.14,15.07,20.57,17.78,2.79,Online,Debit Card,5,0
ORD-03992,2023-06-11,2023-06-13,2,CUST-3242,Consumer,Southeast,North Carolina,Electronics,Tablets,Samsung Galaxy Tab S6,315.89,3,5,47.38,17.43,900.29,226.73,220.1,Mobile App,Gift Card,5,0
ORD-03993,2023-03-10,2023-03-17,7,CUST-3032,Corporate,Northeast,New York,Office Supplies,Desks & Chairs,FlexiSpot Standing Desk,387.5,5,5,96.88,15.51,1840.62,219.33,743.97,In-Store,Credit Card,3,0
ORD-03994,2024-06-15,2024-06-18,3,CUST-2971,Consumer,Southeast,Tennessee,Sports & Outdoors,Running,Garmin Forerunner 55,199.0,1,0,0.0,24.86,199.0,137.88,61.12,Online,Apple Pay,3,0
ORD-03995,2023-12-10,2023-12-11,1,CUST-2125,Corporate,West,Arizona,Clothing,Footwear,New Balance 574,90.34,1,0,0.0,5.27,90.34,66.82,23.52,Mobile App,PayPal,3,0
ORD-03996,2023-11-21,2023-11-23,2,CUST-2074,Consumer,Northeast,New Jersey,Sports & Outdoors,Cycling,Schwinn Hybrid Bike,357.68,3,0,0.0,16.41,1073.04,218.51,417.51,Online,PayPal,2,1
ORD-03997,2023-12-31,2024-01-04,4,CUST-1133,Corporate,Southeast,Georgia,Electronics,Smartphones,Google Pixel 7a,387.05,1,5,19.35,16.73,367.7,237.58,130.12,Online,Apple Pay,5,0
ORD-03998,2024-11-01,2024-11-03,2,CUST-1619,Corporate,Northeast,Pennsylvania,Electronics,Laptops,Dell Inspiron 15,567.46,3,10,170.24,8.68,1532.14,405.25,316.39,Online,Apple Pay,3,0
ORD-03999,2023-12-22,2023-12-28,6,CUST-1117,Consumer,Northeast,Massachusetts,Sports & Outdoors,Cycling,Schwinn Hybrid Bike,343.98,1,0,0.0,0.0,343.98,204.04,139.94,Mobile App,Apple Pay,2,0
ORD-04000,2024-09-29,2024-10-05,6,CUST-2961,Small Business,Southeast,Florida,Office Supplies,Desks & Chairs,Herman Miller Aeron,1264.74,3,5,189.71,13.78,3604.51,797.27,1212.7,Online,Credit Card,3,0
ORD-04001,2024-07-20,2024-07-23,3,CUST-2442,Consumer,West,Oregon,Clothing,Activewear,Puma Track Pants,52.11,1,0,0.0,12.79,52.11,31.3,20.81,Online,Credit Card,4,0
ORD-04002,2024-12-03,2024-12-08,5,CUST-1415,Consumer,West,Arizona,Clothing,Accessories,Coach Wallet,80.89,2,0,0.0,0.0,161.78,57.91,45.96,Mobile App,Credit Card,1,0
ORD-04003,2024-05-16,2024-05-17,1,CUST-1991,Consumer,Northeast,New York,Home & Kitchen,Decor,Wall Art Canvas,59.81,2,25,29.91,12.46,89.71,38.59,12.53,In-Store,Credit Card,4,0
ORD-04004,2024-08-01,2024-08-08,7,CUST-2778,Consumer,West,California,Electronics,Headphones,Bose QC45,269.62,1,0,0.0,23.37,269.62,165.31,104.31,Mobile App,Gift Card,2,1
ORD-04005,2024-05-16,2024-05-22,6,CUST-2088,Corporate,West,Oregon,Electronics,Headphones,AirPods Pro 2,244.15,5,0,0.0,18.59,1220.75,150.8,466.75,Mobile App,PayPal,4,0
ORD-04006,2024-11-12,2024-11-15,3,CUST-2821,Consumer,Southeast,North Carolina,Office Supplies,Organizers,Pendaflex Folders,14.57,1,15,2.19,19.94,12.38,9.25,3.13,Online,Debit Card,4,0
ORD-04007,2023-09-01,2023-09-02,1,CUST-1097,Small Business,Southwest,Oklahoma,Home & Kitchen,Appliances,Keurig K-Slim,109.62,3,0,0.0,8.64,328.86,72.11,112.53,Online,Credit Card,4,0
ORD-04008,2024-02-05,2024-02-09,4,CUST-1967,Small Business,Northeast,Pennsylvania,Office Supplies,Printers,Brother Inkjet,156.27,2,10,31.25,18.05,281.29,87.93,105.43,In-Store,Gift Card,3,0
ORD-04009,2023-11-06,2023-11-13,7,CUST-2650,Consumer,Southeast,Georgia,Home & Kitchen,Storage,Container Store Bins,24.93,2,5,2.49,11.97,47.37,18.25,10.87,Online,Debit Card,2,1
ORD-04010,2023-05-01,2023-05-04,3,CUST-2538,Consumer,Midwest,Illinois,Electronics,Tablets,iPad 10th Gen,469.95,2,0,0.0,13.25,939.9,305.61,328.68,In-Store,Credit Card,5,0
ORD-04011,2023-05-09,2023-05-11,2,CUST-2923,Corporate,Southeast,Virginia,Clothing,Women's Apparel,North Face Fleece,99.19,1,0,0.0,17.24,99.19,56.8,42.39,Online,Debit Card,4,0
ORD-04012,2023-10-18,2023-10-24,6,CUST-3113,Consumer,Southwest,Utah,Electronics,Smartphones,Google Pixel 7a,394.34,1,10,39.43,17.59,354.91,235.81,119.1,Online,Gift Card,2,1
ORD-04013,2023-11-12,2023-11-17,5,CUST-1476,Corporate,Southeast,Tennessee,Electronics,Headphones,Bose QC45,269.46,5,5,67.36,8.86,1279.94,165.82,450.84,Online,PayPal,3,0
ORD-04014,2024-10-10,2024-10-17,7,CUST-2475,Consumer,Northeast,New Jersey,Home & Kitchen,Appliances,Keurig K-Slim,108.61,5,0,0.0,8.99,543.05,80.31,141.5,Mobile App,Apple Pay,5,0
ORD-04015,2023-07-16,2023-07-20,4,CUST-1301,Consumer,Midwest,Michigan,Office Supplies,Organizers,AmazonBasics File Cabinet,87.92,1,10,8.79,14.37,79.13,56.31,22.82,Online,Debit Card,4,0
ORD-04016,2023-11-01,2023-11-06,5,CUST-2599,Corporate,Northeast,Pennsylvania,Sports & Outdoors,Cycling,Schwinn Hybrid Bike,336.0,2,10,67.2,15.17,604.8,216.68,171.44,Online,Debit Card,2,0
ORD-04017,2023-10-27,2023-11-01,5,CUST-1561,Consumer,Southwest,Texas,Electronics,Laptops,Lenovo ThinkPad E15,770.51,2,5,77.05,10.03,1463.97,551.95,360.07,Mobile App,Credit Card,4,0
ORD-04018,2023-04-26,2023-05-01,5,CUST-1414,Consumer,Southwest,Oklahoma,Office Supplies,Printers,Brother Inkjet,144.1,1,0,0.0,16.38,144.1,105.74,38.36,Online,Apple Pay,5,0
ORD-04019,2024-04-23,2024-04-25,2,CUST-2665,Corporate,Southeast,Virginia,Office Supplies,Desks & Chairs,FlexiSpot Standing Desk,395.49,3,20,237.29,16.98,949.18,254.5,185.68,Online,Gift Card,5,0
ORD-04020,2023-12-14,2023-12-15,1,CUST-2306,Corporate,Southwest,New Mexico,Sports & Outdoors,Cycling,Bell Helmet,50.99,1,5,2.55,11.8,48.44,28.61,19.83,In-Store,Debit Card,3,0
ORD-04021,2024-07-03,2024-07-06,3,CUST-2041,Consumer,West,Oregon,Electronics,Tablets,Samsung Galaxy Tab S6,345.57,1,0,0.0,13.75,345.57,207.17,138.4,Mobile App,Credit Card,4,0
ORD-04022,2023-03-02,2023-03-07,5,CUST-1247,Consumer,Midwest,Indiana,Sports & Outdoors,Team Sports,Adidas Soccer Ball,25.83,3,0,0.0,20.88,77.49,17.28,25.65,Online,Gift Card,2,0
ORD-04023,2023-01-06,2023-01-11,5,CUST-1949,Consumer,Northeast,New York,Office Supplies,Stationery,Sharpie Marker Set,16.26,1,5,0.81,12.47,15.45,11.31,4.14,Online,Apple Pay,2,1
ORD-04024,2023-11-04,2023-11-11,7,CUST-3445,Consumer,Northeast,New Jersey,Office Supplies,Paper Products,Post-it Notes Bulk,20.73,3,0,0.0,8.73,62.19,11.5,27.69,In-Store,PayPal,3,0
ORD-04025,2023-03-08,2023-03-15,7,CUST-1493,Small Business,Southeast,Tennessee,Electronics,Smartphones,Google Pixel 7a,404.36,1,10,40.44,12.92,363.92,241.41,122.51,Online,Gift Card,3,0
ORD-04026,2024-04-14,2024-04-18,4,CUST-3147,Corporate,Northeast,New Jersey,Home & Kitchen,Furniture,IKEA Kallax Shelf,90.15,3,5,13.52,8.58,256.93,65.11,61.6,In-Store,Debit Card,4,0
ORD-04027,2023-01-06,2023-01-10,4,CUST-1878,Corporate,Midwest,Michigan,Home & Kitchen,Appliances,Instant Pot Duo 7-in-1,91.13,3,0,0.0,17.5,273.39,63.14,83.97,Online,Gift Card,4,0
ORD-04028,2023-12-13,2023-12-15,2,CUST-3281,Corporate,Northeast,New York,Sports & Outdoors,Running,Brooks Ghost 15,134.86,4,20,107.89,0.0,431.55,86.47,85.67,Online,PayPal,5,0
ORD-04029,2023-04-26,2023-05-01,5,CUST-1264,Corporate,Northeast,New Jersey,Electronics,Smartphones,Samsung Galaxy A54,340.27,1,0,0.0,0.0,340.27,198.05,142.22,In-Store,PayPal,4,0
ORD-04030,2023-05-27,2023-06-03,7,CUST-1918,Consumer,Northeast,Connecticut,Sports & Outdoors,Cycling,Schwinn Hybrid Bike,342.59,2,15,102.78,15.97,582.4,255.87,70.66,Online,PayPal,3,0
ORD-04031,2024-03-05,2024-03-08,3,CUST-3315,Consumer,Southwest,Nevada,Clothing,Footwear,Nike Air Max 90,135.61,1,15,20.34,0.0,115.27,98.69,16.58,In-Store,PayPal,3,0
ORD-04032,2023-04-27,2023-05-03,6,CUST-2176,Corporate,Midwest,Ohio,Clothing,Men's Apparel,Nike Dri-FIT Tee,33.72,1,5,1.69,23.94,32.03,24.47,7.56,In-Store,PayPal,2,1
ORD-04033,2023-10-29,2023-11-05,7,CUST-2966,Small Business,West,Washington,Clothing,Footwear,Nike Air Max 90,124.13,2,0,0.0,8.35,248.26,73.66,100.94,Mobile App,Apple Pay,2,0
ORD-04034,2024-08-04,2024-08-09,5,CUST-1066,Small Business,Northeast,Connecticut,Electronics,Monitors,Dell 24-inch FHD,199.33,1,0,0.0,21.14,199.33,117.95,81.38,In-Store,Apple Pay,4,0
ORD-04035,2024-07-26,2024-07-28,2,CUST-3401,Consumer,Southeast,North Carolina,Electronics,Headphones,Bose QC45,279.19,5,25,348.99,20.31,1046.96,189.82,97.86,Online,PayPal,5,0
ORD-04036,2024-11-10,2024-11-17,7,CUST-3406,Consumer,Southeast,Florida,Clothing,Men's Apparel,Levi's 501 Jeans,57.36,4,0,0.0,7.36,229.44,37.75,78.44,Online,Credit Card,2,0
ORD-04037,2023-08-21,2023-08-27,6,CUST-1457,Corporate,Northeast,New Jersey,Office Supplies,Stationery,Pilot G2 Pen Pack,12.72,2,10,2.54,18.9,22.9,7.34,8.22,Mobile App,Gift Card,2,1
ORD-04038,2023-02-15,2023-02-16,1,CUST-2094,Consumer,Southwest,Texas,Sports & Outdoors,Running,Brooks Ghost 15,137.64,3,10,41.29,7.09,371.63,95.02,86.57,Online,Credit Card,4,0
ORD-04039,2023-01-27,2023-01-29,2,CUST-1602,Consumer,Northeast,Massachusetts,Sports & Outdoors,Running,Brooks Ghost 15,140.77,1,5,7.04,0.0,133.73,89.72,44.01,Mobile App,Credit Card,2,1
ORD-04040,2023-03-13,2023-03-14,1,CUST-1323,Consumer,Midwest,Wisconsin,Electronics,Smartphones,Samsung Galaxy A54,341.37,1,15,51.21,20.0,290.16,207.37,82.79,In-Store,Apple Pay,5,1
ORD-04041,2023-12-15,2023-12-16,1,CUST-3395,Small Business,Northeast,Massachusetts,Home & Kitchen,Decor,Wall Art Canvas,60.15,3,0,0.0,10.04,180.45,34.13,78.06,Online,Gift Card,3,0
ORD-04042,2023-08-26,2023-08-28,2,CUST-3433,Consumer,Midwest,Wisconsin,Clothing,Women's Apparel,Adidas Yoga Pants,54.45,1,10,5.45,21.51,49.0,32.97,16.03,Mobile App,PayPal,5,0
ORD-04043,2023-08-28,2023-09-03,6,CUST-1165,Consumer,Midwest,Indiana,Home & Kitchen,Appliances,Keurig K-Slim,109.35,2,20,43.74,15.87,174.96,76.47,22.02,Online,Credit Card,2,0
ORD-04044,2023-01-13,2023-01-17,4,CUST-2283,Small Business,Southwest,New Mexico,Home & Kitchen,Cookware,Lodge Cast Iron Skillet,31.11,1,0,0.0,12.63,31.11,23.06,8.05,Online,Apple Pay,2,1
ORD-04045,2023-08-13,2023-08-14,1,CUST-1747,Small Business,Northeast,New York,Clothing,Women's Apparel,North Face Fleece,99.34,1,10,9.93,8.91,89.41,59.77,29.64,Online,Gift Card,3,0
ORD-04046,2023-09-18,2023-09-21,3,CUST-1182,Consumer,Southwest,New Mexico,Electronics,Monitors,LG 27-inch 4K,340.33,1,10,34.03,24.26,306.3,208.24,98.06,Online,Gift Card,5,0
ORD-04047,2024-01-23,2024-01-26,3,CUST-3365,Consumer,Southeast,North Carolina,Office Supplies,Desks & Chairs,FlexiSpot Standing Desk,361.71,1,10,36.17,23.86,325.54,227.25,98.29,Online,PayPal,4,0
ORD-04048,2023-06-05,2023-06-10,5,CUST-2946,Consumer,West,California,Electronics,Smartphones,Google Pixel 7a,391.1,2,20,156.44,0.0,625.76,292.24,41.28,Online,PayPal,4,0
ORD-04049,2023-11-14,2023-11-15,1,CUST-3363,Small Business,West,Arizona,Office Supplies,Paper Products,Moleskine Notebook,15.69,1,10,1.57,24.82,14.12,10.78,3.34,Online,PayPal,4,1
ORD-04050,2024-05-10,2024-05-11,1,CUST-3048,Corporate,Southeast,Florida,Clothing,Accessories,Fossil Watch,127.44,4,10,50.98,21.69,458.78,73.52,164.7,Mobile App,Gift Card,5,0
ORD-04051,2024-03-18,2024-03-21,3,CUST-2649,Consumer,Midwest,Wisconsin,Sports & Outdoors,Team Sports,Wilson Basketball,31.3,3,5,4.7,8.74,89.2,21.09,25.93,In-Store,Debit Card,4,0
ORD-04052,2023-02-04,2023-02-10,6,CUST-1962,Consumer,Southeast,Virginia,Office Supplies,Printers,Epson EcoTank,200.59,1,5,10.03,0.0,190.56,150.25,40.31,Online,PayPal,1,0
ORD-04053,2024-05-03,2024-05-07,4,CUST-2574,Corporate,Midwest,Wisconsin,Home & Kitchen,Storage,Container Store Bins,23.75,2,0,0.0,24.5,47.5,16.31,14.88,Mobile App,Apple Pay,5,0
ORD-04054,2023-03-11,2023-03-13,2,CUST-1151,Consumer,Southeast,Georgia,Clothing,Women's Apparel,Lululemon Tank,65.31,2,10,13.06,14.04,117.56,40.73,36.1,Online,Debit Card,5,0
ORD-04055,2023-04-03,2023-04-08,5,CUST-1154,Corporate,Southeast,North Carolina,Home & Kitchen,Appliances,Keurig K-Slim,110.33,2,10,22.07,6.2,198.59,77.88,42.83,In-Store,Debit Card,2,0
ORD-04056,2024-03-04,2024-03-10,6,CUST-2810,Corporate,Northeast,Massachusetts,Home & Kitchen,Cookware,Cuisinart Knife Set,79.5,2,5,7.95,7.67,151.05,49.29,52.47,Online,PayPal,3,0
ORD-04057,2023-03-23,2023-03-28,5,CUST-1793,Consumer,Northeast,Connecticut,Clothing,Women's Apparel,North Face Fleece,101.22,2,10,20.24,5.78,182.2,58.14,65.92,Online,PayPal,1,1
ORD-04058,2023-04-30,2023-05-06,6,CUST-1249,Corporate,Southeast,North Carolina,Sports & Outdoors,Cycling,Schwinn Hybrid Bike,336.35,1,5,16.82,17.64,319.53,236.21,83.32,Online,PayPal,5,0
ORD-04059,2023-05-26,2023-05-28,2,CUST-1913,Consumer,Northeast,Connecticut,Home & Kitchen,Cookware,All-Clad Pan Set,245.06,2,0,0.0,20.18,490.12,152.67,184.78,In-Store,Gift Card,1,0
ORD-04060,2023-03-05,2023-03-11,6,CUST-2203,Consumer,Northeast,Pennsylvania,Clothing,Footwear,Adidas Ultraboost,177.48,1,10,17.75,20.38,159.73,118.82,40.91,Mobile App,Apple Pay,1,1
ORD-04061,2023-05-24,2023-05-31,7,CUST-1408,Small Business,Northeast,New Jersey,Clothing,Footwear,New Balance 574,92.83,1,0,0.0,0.0,92.83,59.67,33.16,Mobile App,Credit Card,2,1
ORD-04062,2023-03-29,2023-04-04,6,CUST-1154,Consumer,West,California,Clothing,Women's Apparel,Adidas Yoga Pants,53.61,1,10,5.36,18.75,48.25,37.09,11.16,Mobile App,Apple Pay,4,0
ORD-04063,2023-05-21,2023-05-23,2,CUST-3201,Small Business,Southeast,North Carolina,Electronics,Smartphones,Samsung Galaxy A54,350.28,3,0,0.0,12.65,1050.84,210.23,420.15,Online,Gift Card,4,0
ORD-04064,2023-09-26,2023-09-27,1,CUST-3174,Consumer,Northeast,Connecticut,Electronics,Monitors,ASUS ProArt 27,428.21,1,0,0.0,5.07,428.21,251.81,176.4,Online,Apple Pay,2,1
ORD-04065,2023-03-21,2023-03-27,6,CUST-2114,Consumer,Southeast,North Carolina,Clothing,Footwear,New Balance 574,92.07,2,5,9.21,23.76,174.93,51.8,71.33,Mobile App,Gift Card,2,0
ORD-04066,2023-06-04,2023-06-10,6,CUST-2284,Consumer,Midwest,Wisconsin,Home & Kitchen,Furniture,West Elm Desk,338.45,1,25,84.61,5.28,253.84,235.46,18.38,Mobile App,Gift Card,5,0
ORD-04067,2024-04-02,2024-04-07,5,CUST-2686,Consumer,Midwest,Wisconsin,Office Supplies,Paper Products,Moleskine Notebook,15.17,1,5,0.76,22.24,14.41,9.56,4.85,Mobile App,Gift Card,3,0
ORD-04068,2024-06-05,2024-06-12,7,CUST-1730,Consumer,Northeast,New Jersey,Sports & Outdoors,Running,Nathan Hydration Vest,66.87,2,0,0.0,10.58,133.74,41.06,51.62,Online,PayPal,2,1
ORD-04069,2024-07-07,2024-07-11,4,CUST-1758,Consumer,Northeast,Massachusetts,Clothing,Women's Apparel,Lululemon Tank,67.15,1,15,10.07,16.87,57.08,47.56,9.52,In-Store,Apple Pay,3,0
ORD-04070,2023-04-26,2023-04-29,3,CUST-1040,Consumer,Northeast,Massachusetts,Electronics,Monitors,Dell 24-inch FHD,192.57,1,0,0.0,0.0,192.57,121.41,71.16,Mobile App,Debit Card,3,0
ORD-04071,2024-11-25,2024-11-27,2,CUST-1620,Consumer,Southwest,Texas,Sports & Outdoors,Running,Brooks Ghost 15,134.59,2,10,26.92,21.85,242.26,98.72,44.82,In-Store,PayPal,5,0
ORD-04072,2023-02-14,2023-02-20,6,CUST-1999,Consumer,Midwest,Indiana,Sports & Outdoors,Cycling,Bell Helmet,49.31,2,5,4.93,5.26,93.69,32.97,27.75,Online,Apple Pay,3,0
ORD-04073,2024-11-04,2024-11-05,1,CUST-1710,Small Business,West,California,Office Supplies,Stationery,Pilot G2 Pen Pack,13.32,2,10,2.66,23.1,23.98,8.98,6.02,Mobile App,PayPal,5,0
ORD-04074,2023-07-05,2023-07-07,2,CUST-3088,Small Business,Northeast,Massachusetts,Home & Kitchen,Furniture,West Elm Desk,351.07,1,10,35.11,0.0,315.96,211.69,104.27,Mobile App,Debit Card,4,0
ORD-04075,2024-05-26,2024-05-28,2,CUST-2682,Consumer,Northeast,New York,Clothing,Activewear,Under Armour Shorts,38.6,4,0,0.0,0.0,154.4,24.5,56.4,In-Store,Credit Card,4,1
ORD-04076,2023-12-01,2023-12-08,7,CUST-1034,Corporate,Northeast,Pennsylvania,Clothing,Activewear,Puma Track Pants,48.18,3,10,14.45,19.04,130.09,32.11,33.76,Online,PayPal,3,0
ORD-04077,2024-09-20,2024-09-25,5,CUST-2439,Corporate,Southeast,Tennessee,Electronics,Tablets,Samsung Galaxy Tab S6,329.92,1,0,0.0,15.94,329.92,196.8,133.12,Online,Apple Pay,3,0
ORD-04078,2024-09-01,2024-09-07,6,CUST-2341,Corporate,Midwest,Michigan,Electronics,Monitors,Dell 24-inch FHD,203.07,5,10,101.53,23.19,913.82,152.19,152.87,Online,Debit Card,5,0
ORD-04079,2023-01-20,2023-01-26,6,CUST-2546,Consumer,Southeast,Tennessee,Home & Kitchen,Cookware,Lodge Cast Iron Skillet,28.55,1,5,1.43,19.95,27.12,17.55,9.57,Mobile App,Gift Card,1,1
ORD-04080,2023-09-15,2023-09-18,3,CUST-1390,Consumer,West,Arizona,Home & Kitchen,Decor,Yankee Candle Set,34.56,3,10,10.37,23.93,93.31,23.14,23.89,In-Store,Apple Pay,5,0
ORD-04081,2023-04-16,2023-04-22,6,CUST-2369,Corporate,Midwest,Ohio,Sports & Outdoors,Fitness Equipment,Peloton Bike Mat,61.78,5,25,77.22,5.23,231.68,44.73,8.03,In-Store,PayPal,2,0
ORD-04082,2023-10-07,2023-10-13,6,CUST-1138,Consumer,Midwest,Michigan,Clothing,Women's Apparel,North Face Fleece,104.72,5,5,26.18,7.49,497.42,64.19,176.47,In-Store,PayPal,4,0
ORD-04083,2023-03-28,2023-03-31,3,CUST-1140,Consumer,Midwest,Illinois,Electronics,Monitors,LG 27-inch 4K,357.94,1,10,35.79,7.03,322.15,249.36,72.79,Mobile App,Credit Card,4,0
ORD-04084,2024-10-10,2024-10-13,3,CUST-2295,Consumer,West,Washington,Home & Kitchen,Cookware,Lodge Cast Iron Skillet,29.69,2,15,8.91,11.36,50.47,18.06,14.35,Mobile App,Apple Pay,4,0
ORD-04085,2024-07-01,2024-07-03,2,CUST-3024,Consumer,West,Oregon,Office Supplies,Stationery,Pilot G2 Pen Pack,12.5,1,5,0.62,0.0,11.88,7.09,4.79,Online,Gift Card,4,0
ORD-04086,2024-03-19,2024-03-26,7,CUST-1775,Small Business,West,Arizona,Clothing,Men's Apparel,Levi's 501 Jeans,58.48,2,5,5.85,12.22,111.11,37.39,36.33,Online,Debit Card,1,1
ORD-04087,2024-01-28,2024-02-04,7,CUST-3395,Consumer,Southwest,Nevada,Electronics,Laptops,HP Pavilion x360,619.61,1,5,30.98,9.53,588.63,357.54,231.09,In-Store,Gift Card,3,0
ORD-04088,2023-07-25,2023-07-26,1,CUST-1095,Corporate,Southwest,Nevada,Home & Kitchen,Storage,Container Store Bins,24.07,5,5,6.02,0.0,114.33,14.94,39.63,Mobile App,Gift Card,4,0
ORD-04089,2024-04-28,2024-05-03,5,CUST-1894,Consumer,Northeast,New Jersey,Office Supplies,Organizers,AmazonBasics File Cabinet,91.52,1,5,4.58,6.03,86.94,56.49,30.45,Online,Gift Card,2,0
ORD-04090,2024-02-22,2024-02-29,7,CUST-1066,Consumer,Southeast,Virginia,Clothing,Activewear,Puma Track Pants,49.77,1,10,4.98,12.94,44.79,28.92,15.87,Mobile App,Credit Card,4,0
ORD-04091,2023-08-18,2023-08-19,1,CUST-2920,Consumer,Southeast,Florida,Electronics,Headphones,Sony WH-1000XM5,286.29,1,5,14.31,13.91,271.98,206.2,65.78,Mobile App,Apple Pay,4,0
ORD-04092,2024-12-25,2024-12-26,1,CUST-2039,Consumer,Southeast,Tennessee,Home & Kitchen,Decor,Yankee Candle Set,33.98,1,5,1.7,18.09,32.28,24.03,8.25,In-Store,Credit Card,4,0
ORD-04093,2023-04-09,2023-04-15,6,CUST-3194,Consumer,Southeast,Virginia,Sports & Outdoors,Cycling,Garmin Edge 530,296.82,1,10,29.68,21.92,267.14,204.18,62.96,In-Store,Gift Card,1,0
ORD-04094,2023-08-22,2023-08-28,6,CUST-2876,Corporate,West,California,Electronics,Laptops,HP Pavilion x360,648.28,2,5,64.83,5.48,1231.73,450.17,331.39,In-Store,PayPal,2,0
ORD-04095,2024-10-13,2024-10-14,1,CUST-1224,Consumer,Northeast,New York,Home & Kitchen,Appliances,Keurig K-Slim,112.63,1,10,11.26,9.91,101.37,84.22,17.15,In-Store,Gift Card,3,0
ORD-04096,2024-07-07,2024-07-11,4,CUST-2580,Corporate,Southwest,Oklahoma,Clothing,Accessories,Fossil Watch,132.92,1,25,33.23,24.38,99.69,73.58,26.11,In-Store,PayPal,3,0
ORD-04097,2023-03-17,2023-03-18,1,CUST-2759,Corporate,West,Arizona,Home & Kitchen,Appliances,Instant Pot Duo 7-in-1,88.14,1,15,13.22,22.74,74.92,57.9,17.02,Mobile App,Debit Card,4,0
ORD-04098,2023-12-23,2023-12-30,7,CUST-2679,Small Business,Northeast,New York,Home & Kitchen,Appliances,Dyson V15 Vacuum,632.68,1,5,31.63,11.87,601.05,370.0,231.05,Online,Credit Card,3,0
ORD-04099,2024-04-13,2024-04-15,2,CUST-2190,Corporate,Northeast,Massachusetts,Electronics,Tablets,Samsung Galaxy Tab S6,314.72,1,5,15.74,9.14,298.98,177.5,121.48,Mobile App,Credit Card,3,0
ORD-04100,2024-04-17,2024-04-21,4,CUST-2162,Consumer,Southeast,Tennessee,Home & Kitchen,Storage,Sterilite Cart,41.07,2,10,8.21,19.53,73.93,29.87,14.19,Online,Gift Card,5,0
ORD-04101,2024-06-06,2024-06-09,3,CUST-1654,Corporate,West,Colorado,Clothing,Accessories,Ray-Ban Aviators,163.3,4,0,0.0,14.56,653.2,105.41,231.56,Online,PayPal,4,0
ORD-04102,2024-11-19,2024-11-20,1,CUST-1161,Consumer,Southeast,North Carolina,Home & Kitchen,Storage,Sterilite Cart,38.72,1,0,0.0,17.22,38.72,25.83,12.89,Mobile App,Apple Pay,3,1
ORD-04103,2023-01-14,2023-01-21,7,CUST-1268,Consumer,Midwest,Illinois,Office Supplies,Organizers,Bankers Box Set,26.11,1,0,0.0,11.1,26.11,17.29,8.82,Online,Credit Card,3,0
ORD-04104,2024-06-29,2024-07-04,5,CUST-3414,Corporate,Southwest,Nevada,Clothing,Activewear,Puma Track Pants,47.77,1,0,0.0,20.29,47.77,29.83,17.94,In-Store,Debit Card,2,1
ORD-04105,2023-10-19,2023-10-26,7,CUST-1982,Consumer,Midwest,Ohio,Office Supplies,Stationery,Sharpie Marker Set,16.98,1,0,0.0,5.18,16.98,12.71,4.27,In-Store,PayPal,2,0
ORD-04106,2023-06-22,2023-06-24,2,CUST-2681,Consumer,Northeast,New York,Electronics,Monitors,LG 27-inch 4K,366.55,2,5,36.66,12.94,696.44,239.28,217.88,Online,Credit Card,4,0
ORD-04107,2023-04-11,2023-04-16,5,CUST-3456,Corporate,Southeast,North Carolina,Sports & Outdoors,Camping Gear,REI Sleeping Bag,175.44,1,5,8.77,24.24,166.67,108.39,58.28,Mobile App,PayPal,2,0
ORD-04108,2023-02-13,2023-02-14,1,CUST-3433,Consumer,Southeast,Tennessee,Clothing,Footwear,Adidas Ultraboost,172.77,1,0,0.0,15.53,172.77,126.98,45.79,Mobile App,Credit Card,2,0
ORD-04109,2024-02-06,2024-02-13,7,CUST-1092,Consumer,Southeast,Florida,Sports & Outdoors,Cycling,Schwinn Hybrid Bike,346.59,1,0,0.0,0.0,346.59,211.62,134.97,Online,PayPal,4,0
ORD-04110,2023-11-22,2023-11-27,5,CUST-1173,Consumer,Southeast,Florida,Clothing,Accessories,Ray-Ban Aviators,166.25,2,10,33.25,18.99,299.25,119.11,61.03,Online,Credit Card,1,1
ORD-04111,2024-03-27,2024-03-29,2,CUST-2757,Small Business,Southeast,North Carolina,Office Supplies,Printers,Epson EcoTank,191.7,3,10,57.51,18.5,517.59,129.08,130.35,Online,Apple Pay,5,1
ORD-04112,2023-03-01,2023-03-05,4,CUST-1971,Corporate,Southwest,New Mexico,Office Supplies,Paper Products,Post-it Notes Bulk,19.85,1,15,2.98,6.67,16.87,12.54,4.33,Online,Credit Card,2,0
ORD-04113,2023-12-01,2023-12-05,4,CUST-1139,Consumer,Southwest,Utah,Electronics,Headphones,Bose QC45,289.65,3,0,0.0,5.42,868.95,199.73,269.76,Online,PayPal,5,0
ORD-04114,2024-06-02,2024-06-05,3,CUST-1995,Consumer,Northeast,New Jersey,Sports & Outdoors,Cycling,Garmin Edge 530,289.54,1,0,0.0,17.82,289.54,197.63,91.91,In-Store,Gift Card,4,0
ORD-04115,2024-07-10,2024-07-12,2,CUST-1102,Consumer,West,Oregon,Office Supplies,Paper Products,HP Printer Paper 5-Ream,29.25,1,5,1.46,16.79,27.79,18.68,9.11,Online,Credit Card,4,0
ORD-04116,2023-07-16,2023-07-20,4,CUST-1543,Small Business,Southeast,Tennessee,Sports & Outdoors,Cycling,Garmin Edge 530,305.83,1,0,0.0,7.49,305.83,212.89,92.94,Online,Debit Card,4,0
ORD-04117,2024-02-29,2024-03-05,5,CUST-2393,Consumer,Northeast,Pennsylvania,Electronics,Monitors,ASUS ProArt 27,425.72,4,10,170.29,0.0,1532.59,308.23,299.67,Mobile App,Credit Card,1,0
ORD-04118,2023-08-04,2023-08-10,6,CUST-2585,Consumer,West,Washington,Electronics,Headphones,AirPods Pro 2,248.32,2,0,0.0,6.69,496.64,184.92,126.8,In-Store,Gift Card,4,0
ORD-04119,2024-11-21,2024-11-26,5,CUST-1762,Corporate,Southwest,Utah,Home & Kitchen,Appliances,Keurig K-Slim,105.14,2,25,52.57,12.63,157.71,76.51,4.69,Online,Apple Pay,4,0
ORD-04120,2024-09-19,2024-09-25,6,CUST-3237,Small Business,Southeast,Georgia,Electronics,Laptops,Lenovo ThinkPad E15,725.13,1,5,36.26,9.25,688.87,406.06,282.81,Online,Credit Card,5,0
ORD-04121,2023-07-07,2023-07-09,2,CUST-2201,Consumer,Midwest,Ohio,Office Supplies,Desks & Chairs,Herman Miller Aeron,1295.85,1,20,259.17,24.1,1036.68,879.91,156.77,Online,PayPal,5,0
ORD-04122,2023-07-16,2023-07-17,1,CUST-3445,Small Business,Northeast,Pennsylvania,Home & Kitchen,Appliances,Dyson V15 Vacuum,681.79,2,0,0.0,7.19,1363.58,445.13,473.32,Online,Gift Card,4,0
ORD-04123,2024-12-28,2024-12-29,1,CUST-1894,Consumer,West,Arizona,Electronics,Headphones,Bose QC45,292.1,5,0,0.0,9.88,1460.5,217.86,371.2,In-Store,Debit Card,4,0
ORD-04124,2023-10-23,2023-10-27,4,CUST-1157,Consumer,Midwest,Michigan,Sports & Outdoors,Running,Nathan Hydration Vest,72.74,1,0,0.0,13.37,72.74,40.1,32.64,Online,Debit Card,5,0
ORD-04125,2023-05-04,2023-05-05,1,CUST-1609,Corporate,Midwest,Illinois,Home & Kitchen,Furniture,IKEA Kallax Shelf,89.05,3,0,0.0,20.98,267.15,54.26,104.37,Online,Gift Card,5,0
ORD-04126,2024-12-01,2024-12-06,5,CUST-2259,Consumer,Northeast,Connecticut,Electronics,Monitors,LG 27-inch 4K,347.99,1,10,34.8,9.02,313.19,256.98,56.21,In-Store,Apple Pay,5,0
ORD-04127,2024-04-16,2024-04-18,2,CUST-1665,Consumer,Southeast,Georgia,Clothing,Men's Apparel,Levi's 501 Jeans,58.87,3,10,17.66,0.0,158.95,42.73,30.76,Online,Credit Card,5,0
ORD-04128,2023-09-30,2023-10-03,3,CUST-3474,Consumer,Midwest,Michigan,Electronics,Tablets,Amazon Fire HD 10,144.76,2,20,57.9,6.67,231.62,82.04,67.54,Online,Gift Card,5,0
ORD-04129,2024-07-09,2024-07-12,3,CUST-3258,Consumer,Midwest,Illinois,Sports & Outdoors,Running,Garmin Forerunner 55,194.52,2,10,38.9,0.0,350.14,122.38,105.38,Mobile App,Credit Card,3,0
ORD-04130,2024-02-06,2024-02-12,6,CUST-3482,Consumer,Northeast,Massachusetts,Office Supplies,Paper Products,HP Printer Paper 5-Ream,29.97,1,0,0.0,16.99,29.97,16.58,13.39,Online,Gift Card,5,0
ORD-04131,2024-10-24,2024-10-28,4,CUST-1516,Corporate,Midwest,Indiana,Sports & Outdoors,Camping Gear,REI Sleeping Bag,179.07,1,0,0.0,0.0,179.07,118.86,60.21,Online,Credit Card,4,0
ORD-04132,2024-09-27,2024-10-03,6,CUST-2412,Consumer,Southeast,Virginia,Clothing,Footwear,Adidas Ultraboost,187.95,1,25,46.99,15.51,140.96,130.07,10.89,Online,PayPal,2,0
ORD-04133,2024-10-22,2024-10-27,5,CUST-2903,Small Business,Midwest,Illinois,Office Supplies,Stationery,Pilot G2 Pen Pack,13.32,3,10,4.0,5.16,35.96,7.88,12.32,Mobile App,Credit Card,4,0
ORD-04134,2023-09-24,2023-09-28,4,CUST-1792,Consumer,Southwest,Texas,Sports & Outdoors,Camping Gear,Yeti Cooler,246.69,2,10,49.34,0.0,444.04,180.72,82.6,In-Store,Gift Card,4,0
ORD-04135,2023-05-30,2023-06-03,4,CUST-2798,Consumer,West,California,Office Supplies,Stationery,Sharpie Marker Set,16.49,1,25,4.12,0.0,12.37,11.15,1.22,In-Store,Gift Card,4,0
ORD-04136,2024-02-28,2024-03-03,4,CUST-2718,Consumer,West,California,Clothing,Activewear,Reebok Sports Bra,33.65,5,20,33.65,0.0,134.6,19.38,37.7,In-Store,Gift Card,4,0
ORD-04137,2023-12-07,2023-12-09,2,CUST-2859,Consumer,Northeast,New Jersey,Electronics,Monitors,LG 27-inch 4K,364.08,2,5,36.41,10.41,691.75,240.73,210.29,Online,Apple Pay,3,0
ORD-04138,2024-05-25,2024-05-31,6,CUST-1609,Consumer,Southeast,Tennessee,Sports & Outdoors,Fitness Equipment,Bowflex Dumbbells,340.62,1,5,17.03,6.79,323.59,243.83,79.76,In-Store,Gift Card,1,1
ORD-04139,2024-03-28,2024-04-02,5,CUST-3463,Corporate,Northeast,Massachusetts,Home & Kitchen,Cookware,Cuisinart Knife Set,79.8,3,10,23.94,22.12,215.46,52.76,57.18,Online,Debit Card,3,0
ORD-04140,2024-06-24,2024-06-28,4,CUST-2888,Consumer,Northeast,New Jersey,Sports & Outdoors,Fitness Equipment,Peloton Bike Mat,57.95,1,5,2.9,20.31,55.05,40.06,14.99,Online,PayPal,2,1
ORD-04141,2024-05-28,2024-06-01,4,CUST-2182,Corporate,West,Colorado,Office Supplies,Desks & Chairs,Herman Miller Aeron,1301.44,1,5,65.07,16.4,1236.37,870.91,365.46,Mobile App,PayPal,2,1
ORD-04142,2023-05-07,2023-05-10,3,CUST-1270,Corporate,Midwest,Indiana,Electronics,Headphones,AirPods Pro 2,249.06,1,10,24.91,16.31,224.15,145.74,78.41,In-Store,PayPal,3,0
ORD-04143,2023-09-27,2023-09-29,2,CUST-2486,Corporate,Southeast,North Carolina,Office Supplies,Organizers,Pendaflex Folders,15.72,1,0,0.0,11.9,15.72,10.52,5.2,Online,Debit Card,2,1
ORD-04144,2024-12-03,2024-12-04,1,CUST-2909,Consumer,Southeast,Tennessee,Sports & Outdoors,Cycling,Bell Helmet,50.83,2,15,15.25,7.17,86.41,33.67,19.07,In-Store,Credit Card,5,0
ORD-04145,2023-12-03,2023-12-07,4,CUST-3308,Consumer,Southeast,Virginia,Electronics,Headphones,Bose QC45,274.4,1,10,27.44,0.0,246.96,195.69,51.27,In-Store,Credit Card,5,0
ORD-04146,2023-08-24,2023-08-31,7,CUST-3438,Consumer,Northeast,Connecticut,Home & Kitchen,Storage,ClosetMaid Organizer,66.83,3,0,0.0,0.0,200.49,40.84,77.97,Online,Apple Pay,1,0
ORD-04147,2024-06-15,2024-06-22,7,CUST-2016,Small Business,Southeast,Virginia,Clothing,Footwear,New Balance 574,89.35,1,0,0.0,17.03,89.35,58.89,30.46,Online,PayPal,3,0
ORD-04148,2024-07-09,2024-07-10,1,CUST-2767,Consumer,West,California,Clothing,Accessories,Ray-Ban Aviators,155.65,1,5,7.78,20.3,147.87,106.11,41.76,Online,Debit Card,5,0
ORD-04149,2024-12-10,2024-12-13,3,CUST-1153,Corporate,Southeast,Georgia,Electronics,Headphones,Bose QC45,289.34,1,5,14.47,20.47,274.87,196.39,78.48,Mobile App,Debit Card,1,0
ORD-04150,2023-01-10,2023-01-15,5,CUST-3484,Consumer,Southwest,Texas,Office Supplies,Paper Products,Post-it Notes Bulk,19.36,4,10,7.74,0.0,69.7,14.34,12.34,Online,Gift Card,3,0
ORD-04151,2023-02-11,2023-02-14,3,CUST-2202,Corporate,Midwest,Michigan,Clothing,Women's Apparel,Adidas Yoga Pants,56.89,5,10,28.45,13.01,256.0,33.83,86.85,Online,Credit Card,4,0
ORD-04152,2023-05-31,2023-06-07,7,CUST-1500,Consumer,Midwest,Wisconsin,Clothing,Women's Apparel,Adidas Yoga Pants,55.68,1,25,13.92,5.51,41.76,39.95,1.81,Online,Debit Card,2,0
ORD-04153,2024-10-21,2024-10-25,4,CUST-3309,Consumer,Midwest,Ohio,Sports & Outdoors,Fitness Equipment,Bowflex Dumbbells,360.92,3,5,54.14,0.0,1028.62,220.6,366.82,Mobile App,Credit Card,3,0
ORD-04154,2024-06-10,2024-06-14,4,CUST-3190,Consumer,Southeast,Tennessee,Home & Kitchen,Decor,Wall Art Canvas,60.87,1,10,6.09,19.56,54.78,41.91,12.87,In-Store,Debit Card,4,0
ORD-04155,2023-03-07,2023-03-13,6,CUST-3399,Consumer,West,Oregon,Electronics,Tablets,Samsung Galaxy Tab S6,334.44,2,20,133.78,5.23,535.1,206.37,122.36,Online,Debit Card,3,0
ORD-04156,2023-04-03,2023-04-04,1,CUST-2515,Consumer,Northeast,New Jersey,Office Supplies,Stationery,Staedtler Pencil Set,10.36,1,0,0.0,11.58,10.36,6.77,3.59,Online,Apple Pay,2,1
ORD-04157,2024-08-10,2024-08-16,6,CUST-2148,Corporate,Southeast,Georgia,Home & Kitchen,Appliances,Keurig K-Slim,107.1,3,20,64.26,5.57,257.04,59.2,79.44,Online,Gift Card,3,0
ORD-04158,2023-10-09,2023-10-12,3,CUST-2745,Small Business,Northeast,New York,Office Supplies,Organizers,AmazonBasics File Cabinet,91.46,2,0,0.0,0.0,182.92,52.87,77.18,Mobile App,Gift Card,5,0
ORD-04159,2023-07-13,2023-07-18,5,CUST-1998,Consumer,Southwest,Utah,Clothing,Activewear,Reebok Sports Bra,33.72,2,25,16.86,0.0,50.58,24.09,2.4,Mobile App,Gift Card,5,0
ORD-04160,2023-11-06,2023-11-12,6,CUST-1697,Consumer,Southwest,Texas,Clothing,Accessories,Ray-Ban Aviators,156.6,2,10,31.32,16.85,281.88,92.99,95.9,In-Store,PayPal,2,0
ORD-04161,2023-06-09,2023-06-16,7,CUST-1651,Consumer,Northeast,Pennsylvania,Electronics,Monitors,LG 27-inch 4K,366.74,1,15,55.01,14.7,311.73,243.24,68.49,Online,Gift Card,1,0
ORD-04162,2024-03-27,2024-03-29,2,CUST-1832,Consumer,Southeast,Tennessee,Sports & Outdoors,Running,Nathan Hydration Vest,70.37,3,5,10.56,7.43,200.55,39.67,81.54,Online,Debit Card,4,0
ORD-04163,2024-10-04,2024-10-10,6,CUST-2056,Small Business,Midwest,Ohio,Home & Kitchen,Cookware,All-Clad Pan Set,257.16,1,0,0.0,11.61,257.16,175.06,82.1,In-Store,Gift Card,3,0
ORD-04164,2024-01-17,2024-01-18,1,CUST-2800,Consumer,Southeast,Tennessee,Sports & Outdoors,Camping Gear,REI Sleeping Bag,180.46,4,20,144.37,11.02,577.47,112.5,127.47,Online,Apple Pay,5,1
ORD-04165,2023-03-28,2023-03-29,1,CUST-2252,Consumer,West,California,Electronics,Laptops,Dell Inspiron 15,541.24,1,0,0.0,11.48,541.24,312.15,229.09,In-Store,Apple Pay,3,0
ORD-04166,2024-07-17,2024-07-23,6,CUST-1412,Corporate,Southeast,Tennessee,Clothing,Accessories,Ray-Ban Aviators,154.35,2,0,0.0,18.98,308.7,100.49,107.72,Online,Gift Card,1,1
ORD-04167,2024-04-21,2024-04-27,6,CUST-2729,Corporate,West,Washington,Sports & Outdoors,Fitness Equipment,Bowflex Dumbbells,350.48,2,0,0.0,7.26,700.96,227.44,246.08,Online,Apple Pay,1,1
ORD-04168,2024-07-05,2024-07-09,4,CUST-2869,Consumer,Southwest,Oklahoma,Home & Kitchen,Storage,ClosetMaid Organizer,67.1,2,10,13.42,7.59,120.78,39.5,41.78,Mobile App,Gift Card,1,1
ORD-04169,2023-10-19,2023-10-25,6,CUST-2354,Small Business,Northeast,Massachusetts,Home & Kitchen,Decor,Wall Art Canvas,57.76,1,15,8.66,24.45,49.1,42.94,6.16,Online,PayPal,1,1
ORD-04170,2023-01-18,2023-01-25,7,CUST-2572,Corporate,Northeast,New York,Office Supplies,Desks & Chairs,Herman Miller Aeron,1327.39,1,10,132.74,6.13,1194.65,982.7,211.95,Mobile App,PayPal,1,0
ORD-04171,2024-08-04,2024-08-10,6,CUST-2758,Corporate,Northeast,New Jersey,Sports & Outdoors,Fitness Equipment,Peloton Bike Mat,58.52,1,5,2.93,7.71,55.59,38.31,17.28,Online,Apple Pay,1,0
ORD-04172,2024-10-28,2024-11-03,6,CUST-1010,Consumer,Northeast,Massachusetts,Office Supplies,Organizers,Bankers Box Set,25.21,1,20,5.04,19.31,20.17,16.41,3.76,In-Store,Debit Card,1,0
ORD-04173,2024-04-06,2024-04-07,1,CUST-1961,Consumer,West,Colorado,Sports & Outdoors,Fitness Equipment,Peloton Bike Mat,58.72,4,5,11.74,23.25,223.14,40.16,62.5,In-Store,PayPal,4,0
ORD-04174,2023-09-10,2023-09-13,3,CUST-1574,Small Business,Northeast,Massachusetts,Office Supplies,Organizers,Pendaflex Folders,15.35,1,0,0.0,5.05,15.35,10.7,4.65,Online,Credit Card,4,0
ORD-04175,2023-12-28,2024-01-01,4,CUST-2133,Consumer,Northeast,Massachusetts,Office Supplies,Printers,Brother Inkjet,148.29,1,5,7.41,0.0,140.88,91.21,49.67,Online,PayPal,3,0
ORD-04176,2024-05-28,2024-06-03,6,CUST-2519,Consumer,Northeast,Pennsylvania,Electronics,Monitors,Dell 24-inch FHD,191.58,2,25,95.79,10.3,287.37,117.11,53.15,Mobile App,Credit Card,3,0
ORD-04177,2023-08-09,2023-08-10,1,CUST-2321,Consumer,Northeast,New Jersey,Home & Kitchen,Cookware,All-Clad Pan Set,250.02,1,0,0.0,8.05,250.02,138.67,111.35,Online,PayPal,5,0
ORD-04178,2024-04-12,2024-04-13,1,CUST-1158,Small Business,Midwest,Wisconsin,Sports & Outdoors,Camping Gear,Coleman Tent 4P,124.79,3,0,0.0,22.28,374.37,82.38,127.23,Online,Apple Pay,5,1
ORD-04179,2023-06-17,2023-06-20,3,CUST-1648,Small Business,West,Colorado,Sports & Outdoors,Cycling,Schwinn Hybrid Bike,351.94,1,10,35.19,21.53,316.75,232.29,84.46,Mobile App,Gift Card,5,0
ORD-04180,2023-03-24,2023-03-31,7,CUST-1200,Corporate,Northeast,Connecticut,Office Supplies,Organizers,Bankers Box Set,25.72,2,10,5.14,7.03,46.3,15.92,14.46,In-Store,PayPal,3,0
ORD-04181,2024-06-02,2024-06-06,4,CUST-2701,Consumer,West,California,Home & Kitchen,Storage,Sterilite Cart,40.91,1,0,0.0,0.0,40.91,28.81,12.1,In-Store,Credit Card,2,0
ORD-04182,2023-08-30,2023-09-01,2,CUST-1607,Corporate,Southwest,Texas,Electronics,Laptops,Lenovo ThinkPad E15,753.34,4,5,150.67,17.93,2862.69,465.72,999.81,Mobile App,Debit Card,5,0
ORD-04183,2023-09-14,2023-09-15,1,CUST-1419,Consumer,Northeast,Pennsylvania,Sports & Outdoors,Running,Garmin Forerunner 55,200.95,2,5,20.09,17.29,381.81,127.85,126.11,Online,Gift Card,5,0
ORD-04184,2024-04-11,2024-04-12,1,CUST-1429,Consumer,Midwest,Illinois,Home & Kitchen,Appliances,Dyson V15 Vacuum,674.53,4,20,539.62,22.54,2158.5,396.61,572.06,Mobile App,Credit Card,5,0
ORD-04185,2024-05-08,2024-05-09,1,CUST-2401,Consumer,Northeast,Pennsylvania,Office Supplies,Organizers,AmazonBasics File Cabinet,89.47,1,5,4.47,24.54,85.0,64.65,20.35,Mobile App,Apple Pay,5,0
ORD-04186,2023-07-20,2023-07-22,2,CUST-2604,Consumer,Southwest,Oklahoma,Home & Kitchen,Decor,Wall Art Canvas,62.41,3,0,0.0,16.93,187.23,42.76,58.95,In-Store,PayPal,5,0
ORD-04187,2024-07-01,2024-07-03,2,CUST-2660,Corporate,Midwest,Wisconsin,Clothing,Accessories,Coach Wallet,80.42,1,0,0.0,23.26,80.42,46.24,34.18,In-Store,Debit Card,3,0
ORD-04188,2023-12-27,2023-12-30,3,CUST-1044,Consumer,Southeast,Florida,Electronics,Tablets,iPad 10th Gen,458.23,3,0,0.0,23.28,1374.69,297.75,481.44,Online,Credit Card,2,0
ORD-04189,2024-05-16,2024-05-21,5,CUST-3339,Small Business,Southeast,Virginia,Office Supplies,Organizers,Bankers Box Set,24.21,1,20,4.84,10.3,19.37,15.66,3.71,Online,Apple Pay,4,1
ORD-04190,2024-10-19,2024-10-25,6,CUST-3001,Corporate,Northeast,Pennsylvania,Home & Kitchen,Cookware,Lodge Cast Iron Skillet,30.62,3,0,0.0,15.19,91.86,17.6,39.06,Mobile App,Credit Card,4,0
ORD-04191,2023-09-28,2023-10-02,4,CUST-3403,Consumer,Northeast,Pennsylvania,Office Supplies,Organizers,Bankers Box Set,24.54,1,10,2.45,8.0,22.09,15.12,6.97,Mobile App,Debit Card,1,0
ORD-04192,2023-07-25,2023-07-26,1,CUST-1517,Consumer,Midwest,Michigan,Clothing,Footwear,Nike Air Max 90,123.72,2,0,0.0,5.22,247.44,81.04,85.36,Online,Gift Card,4,1
ORD-04193,2023-10-02,2023-10-04,2,CUST-1582,Corporate,Northeast,New Jersey,Office Supplies,Paper Products,HP Printer Paper 5-Ream,30.51,2,0,0.0,15.4,61.02,17.9,25.22,In-Store,Debit Card,5,0
ORD-04194,2024-12-31,2025-01-04,4,CUST-2566,Corporate,Midwest,Ohio,Electronics,Monitors,LG 27-inch 4K,335.13,1,20,67.03,19.46,268.1,208.45,59.65,Online,Debit Card,4,0
ORD-04195,2024-11-02,2024-11-04,2,CUST-1850,Consumer,Northeast,New York,Office Supplies,Printers,HP LaserJet Pro,289.97,2,5,29.0,8.75,550.94,206.1,138.74,Online,PayPal,4,0
ORD-04196,2023-01-11,2023-01-18,7,CUST-3196,Consumer,Northeast,New Jersey,Electronics,Tablets,Samsung Galaxy Tab S6,331.75,1,0,0.0,18.72,331.75,209.28,122.47,Online,Gift Card,3,0
ORD-04197,2023-08-02,2023-08-06,4,CUST-1856,Corporate,Southwest,New Mexico,Electronics,Monitors,ASUS ProArt 27,440.55,1,10,44.05,11.52,396.5,253.73,142.77,Online,Debit Card,5,0
ORD-04198,2024-12-19,2024-12-20,1,CUST-1457,Small Business,Northeast,Connecticut,Clothing,Women's Apparel,North Face Fleece,97.32,1,0,0.0,0.0,97.32,55.22,42.1,In-Store,Credit Card,5,0
ORD-04199,2024-02-21,2024-02-24,3,CUST-2426,Small Business,Northeast,New Jersey,Clothing,Accessories,Ray-Ban Aviators,163.77,2,10,32.75,6.23,294.79,102.17,90.45,In-Store,Apple Pay,4,0
ORD-04200,2023-06-13,2023-06-19,6,CUST-3314,Small Business,Midwest,Ohio,Electronics,Smartphones,Google Pixel 7a,396.82,3,20,238.09,7.76,952.37,259.96,172.49,Online,Debit Card,3,0
ORD-04201,2024-02-21,2024-02-26,5,CUST-2988,Consumer,Southeast,Georgia,Office Supplies,Desks & Chairs,FlexiSpot Standing Desk,371.7,1,5,18.59,9.17,353.11,266.67,86.44,Mobile App,Apple Pay,2,1
ORD-04202,2023-08-07,2023-08-09,2,CUST-2828,Corporate,West,Oregon,Electronics,Monitors,LG 27-inch 4K,361.97,1,15,54.3,18.74,307.67,218.94,88.73,Online,PayPal,5,0
ORD-04203,2023-10-14,2023-10-18,4,CUST-2133,Corporate,Southwest,Utah,Clothing,Footwear,Nike Air Max 90,131.82,3,25,98.86,7.93,296.6,78.21,61.97,In-Store,Gift Card,1,0
ORD-04204,2023-05-24,2023-05-31,7,CUST-3429,Consumer,Southeast,Georgia,Electronics,Monitors,ASUS ProArt 27,408.93,3,5,61.34,0.0,1165.45,227.02,484.39,Mobile App,PayPal,3,1
ORD-04205,2024-05-31,2024-06-01,1,CUST-1749,Consumer,Southeast,Georgia,Electronics,Headphones,Bose QC45,277.47,4,5,55.49,16.92,1054.39,167.85,382.99,Mobile App,PayPal,4,0
ORD-04206,2024-10-22,2024-10-26,4,CUST-2763,Consumer,Southwest,Texas,Clothing,Activewear,Reebok Sports Bra,35.74,1,25,8.94,12.25,26.8,22.52,4.28,Online,Debit Card,3,0
ORD-04207,2024-02-07,2024-02-09,2,CUST-1418,Consumer,Midwest,Michigan,Sports & Outdoors,Team Sports,Rawlings Baseball Glove,50.65,2,10,10.13,5.15,91.17,37.07,17.03,Online,Gift Card,5,0
ORD-04208,2023-11-25,2023-11-28,3,CUST-2697,Corporate,Southeast,Virginia,Home & Kitchen,Furniture,West Elm Desk,333.78,3,0,0.0,18.87,1001.34,238.69,285.27,Online,Debit Card,5,0
ORD-04209,2023-08-27,2023-08-29,2,CUST-1284,Consumer,Southwest,New Mexico,Clothing,Activewear,Reebok Sports Bra,36.7,5,10,18.35,23.0,165.15,24.84,40.95,In-Store,Debit Card,5,0
ORD-04210,2023-06-28,2023-06-29,1,CUST-1329,Corporate,Northeast,New Jersey,Electronics,Headphones,Sony WH-1000XM5,298.34,2,20,119.34,17.9,477.34,214.48,48.38,Online,Apple Pay,5,0
ORD-04211,2024-07-16,2024-07-23,7,CUST-2121,Consumer,Southeast,Florida,Sports & Outdoors,Running,Nathan Hydration Vest,67.89,2,10,13.58,0.0,122.2,46.16,29.88,Mobile App,Debit Card,2,1
ORD-04212,2023-05-15,2023-05-19,4,CUST-1460,Corporate,Northeast,Connecticut,Office Supplies,Printers,HP LaserJet Pro,298.74,2,0,0.0,21.87,597.48,204.33,188.82,Mobile App,Apple Pay,5,0
ORD-04213,2023-09-27,2023-09-28,1,CUST-1243,Consumer,West,Colorado,Home & Kitchen,Storage,Sterilite Cart,38.32,4,15,22.99,16.95,130.29,24.61,31.85,Mobile App,Apple Pay,5,1
ORD-04214,2023-06-09,2023-06-12,3,CUST-1136,Small Business,Southeast,Tennessee,Office Supplies,Paper Products,Moleskine Notebook,14.31,1,20,2.86,9.71,11.45,10.02,1.43,Online,Credit Card,5,0
ORD-04215,2023-03-17,2023-03-19,2,CUST-1713,Corporate,Northeast,New Jersey,Electronics,Headphones,Sony WH-1000XM5,289.18,2,10,57.84,17.22,520.52,212.21,96.1,In-Store,Gift Card,5,0
ORD-04216,2024-03-04,2024-03-07,3,CUST-1534,Consumer,Northeast,New Jersey,Office Supplies,Paper Products,HP Printer Paper 5-Ream,31.01,2,0,0.0,15.85,62.02,18.0,26.02,Online,Credit Card,1,1
ORD-04217,2023-10-05,2023-10-09,4,CUST-1716,Corporate,Northeast,Pennsylvania,Office Supplies,Stationery,Pilot G2 Pen Pack,13.45,1,0,0.0,8.14,13.45,9.24,4.21,In-Store,Debit Card,4,0
ORD-04218,2024-04-19,2024-04-26,7,CUST-3011,Consumer,Southeast,Tennessee,Office Supplies,Desks & Chairs,Herman Miller Aeron,1361.08,4,0,0.0,23.23,5444.32,799.35,2246.92,Mobile App,Gift Card,1,0
ORD-04219,2023-06-15,2023-06-17,2,CUST-3196,Consumer,West,Oregon,Clothing,Activewear,Reebok Sports Bra,34.25,1,20,6.85,6.49,27.4,20.38,7.02,Online,Gift Card,3,0
ORD-04220,2023-12-19,2023-12-21,2,CUST-2246,Corporate,Northeast,New York,Sports & Outdoors,Cycling,Garmin Edge 530,289.36,5,0,0.0,20.35,1446.8,174.41,574.75,Mobile App,Apple Pay,4,0
ORD-04221,2023-12-12,2023-12-19,7,CUST-1890,Consumer,Northeast,Massachusetts,Home & Kitchen,Cookware,Lodge Cast Iron Skillet,29.19,1,20,5.84,13.33,23.35,18.28,5.07,Online,Gift Card,1,1
ORD-04222,2024-12-02,2024-12-03,1,CUST-3091,Consumer,Southwest,Oklahoma,Office Supplies,Printers,Brother Inkjet,147.82,1,0,0.0,0.0,147.82,85.67,62.15,Online,Apple Pay,3,0
ORD-04223,2024-09-17,2024-09-24,7,CUST-1701,Consumer,Southwest,Nevada,Sports & Outdoors,Fitness Equipment,Bowflex Dumbbells,359.45,1,10,35.95,20.81,323.5,248.13,75.37,In-Store,Credit Card,1,1
ORD-04224,2023-05-21,2023-05-22,1,CUST-1952,Consumer,Northeast,New Jersey,Sports & Outdoors,Running,Nathan Hydration Vest,70.58,5,15,52.94,24.11,299.96,40.27,98.61,Mobile App,Debit Card,5,0
ORD-04225,2024-06-15,2024-06-17,2,CUST-1808,Small Business,West,California,Electronics,Laptops,Lenovo ThinkPad E15,775.6,1,10,77.56,6.0,698.04,443.55,254.49,Mobile App,Credit Card,5,0
ORD-04226,2024-07-10,2024-07-13,3,CUST-1571,Corporate,West,Arizona,Sports & Outdoors,Team Sports,Wilson Basketball,28.81,1,20,5.76,13.5,23.05,18.75,4.3,Mobile App,Apple Pay,3,0
ORD-04227,2024-08-31,2024-09-02,2,CUST-1566,Corporate,Southeast,North Carolina,Home & Kitchen,Appliances,Dyson V15 Vacuum,679.31,1,10,67.93,8.17,611.38,385.75,225.63,Mobile App,Credit Card,4,0
ORD-04228,2024-12-26,2024-12-30,4,CUST-1629,Consumer,Southeast,North Carolina,Office Supplies,Stationery,Sharpie Marker Set,16.83,1,15,2.52,24.94,14.31,9.87,4.44,Online,Debit Card,4,0
ORD-04229,2023-07-08,2023-07-09,1,CUST-2000,Corporate,Southwest,Utah,Electronics,Laptops,Dell Inspiron 15,576.7,2,0,0.0,13.67,1153.4,427.24,298.92,In-Store,Apple Pay,4,0
ORD-04230,2023-01-12,2023-01-15,3,CUST-1503,Consumer,Northeast,New York,Office Supplies,Paper Products,Post-it Notes Bulk,19.02,1,10,1.9,9.4,17.12,11.48,5.64,In-Store,Credit Card,5,0
ORD-04231,2023-08-29,2023-09-03,5,CUST-3370,Consumer,Southwest,Oklahoma,Clothing,Activewear,Reebok Sports Bra,35.54,2,5,3.55,16.33,67.53,22.69,22.15,Online,Gift Card,5,0
ORD-04232,2024-08-05,2024-08-12,7,CUST-2613,Consumer,Northeast,Pennsylvania,Home & Kitchen,Decor,Pottery Barn Throw Pillow,50.24,2,5,5.02,0.0,95.46,34.15,27.16,Online,Gift Card,2,0
ORD-04233,2023-05-26,2023-05-28,2,CUST-2372,Small Business,Northeast,Pennsylvania,Electronics,Monitors,LG 27-inch 4K,354.37,1,25,88.59,16.29,265.78,244.69,21.09,In-Store,PayPal,5,0
ORD-04234,2023-11-24,2023-12-01,7,CUST-1175,Small Business,Midwest,Ohio,Clothing,Men's Apparel,Columbia Jacket,93.24,1,0,0.0,21.48,93.24,67.34,25.9,In-Store,Apple Pay,3,0
ORD-04235,2024-07-25,2024-07-30,5,CUST-1893,Small Business,Southwest,Oklahoma,Home & Kitchen,Decor,Yankee Candle Set,36.63,5,10,18.32,24.4,164.83,24.55,42.08,Online,Gift Card,3,0
ORD-04236,2023-08-26,2023-08-29,3,CUST-2317,Consumer,Northeast,Massachusetts,Office Supplies,Organizers,Pendaflex Folders,15.4,3,15,6.93,15.23,39.27,9.46,10.89,In-Store,Debit Card,3,0
ORD-04237,2024-07-24,2024-07-31,7,CUST-2843,Consumer,Northeast,New Jersey,Electronics,Tablets,iPad 10th Gen,437.18,2,0,0.0,9.23,874.36,326.01,222.34,Online,Gift Card,2,0
ORD-04238,2023-10-01,2023-10-04,3,CUST-3106,Consumer,Northeast,New York,Office Supplies,Paper Products,Moleskine Notebook,15.12,1,0,0.0,9.91,15.12,9.67,5.45,Online,PayPal,3,0
ORD-04239,2024-11-04,2024-11-10,6,CUST-2655,Consumer,Southeast,Florida,Office Supplies,Printers,Brother Inkjet,148.85,4,0,0.0,14.68,595.4,97.9,203.8,Online,PayPal,3,0
ORD-04240,2023-05-01,2023-05-08,7,CUST-2307,Consumer,Midwest,Michigan,Electronics,Monitors,Dell 24-inch FHD,207.21,1,0,0.0,5.35,207.21,145.1,62.11,Online,Credit Card,2,0
ORD-04241,2024-04-19,2024-04-25,6,CUST-2765,Consumer,Midwest,Illinois,Clothing,Accessories,Ray-Ban Aviators,166.54,1,0,0.0,23.16,166.54,111.11,55.43,In-Store,Debit Card,3,0
ORD-04242,2023-01-10,2023-01-16,6,CUST-3424,Corporate,Southeast,Georgia,Office Supplies,Stationery,Staedtler Pencil Set,9.84,2,0,0.0,11.72,19.68,5.95,7.78,Online,PayPal,5,0
ORD-04243,2024-08-04,2024-08-07,3,CUST-1270,Corporate,West,Oregon,Clothing,Footwear,Nike Air Max 90,124.26,1,0,0.0,17.75,124.26,69.1,55.16,Online,Apple Pay,3,0
ORD-04244,2024-01-26,2024-01-28,2,CUST-3098,Consumer,Northeast,New York,Electronics,Smartphones,Samsung Galaxy A54,359.65,1,10,35.97,15.52,323.68,210.07,113.61,Online,Gift Card,4,0
ORD-04245,2024-12-03,2024-12-06,3,CUST-1209,Corporate,West,Washington,Electronics,Laptops,HP Pavilion x360,630.54,2,0,0.0,23.22,1261.08,409.28,442.52,Online,Debit Card,2,0
ORD-04246,2024-01-27,2024-01-29,2,CUST-1464,Corporate,Northeast,New Jersey,Electronics,Headphones,Bose QC45,291.34,5,0,0.0,0.0,1456.7,184.28,535.3,Online,Debit Card,4,0
ORD-04247,2023-12-09,2023-12-14,5,CUST-1621,Consumer,Southeast,North Carolina,Clothing,Activewear,Under Armour Shorts,38.4,3,10,11.52,0.0,103.68,22.21,37.05,In-Store,Credit Card,2,0
ORD-04248,2024-12-20,2024-12-26,6,CUST-2353,Small Business,Southeast,Georgia,Home & Kitchen,Decor,Yankee Candle Set,35.68,1,20,7.14,8.27,28.54,23.88,4.66,Online,Gift Card,5,1
ORD-04249,2023-11-10,2023-11-11,1,CUST-1110,Consumer,Northeast,New Jersey,Sports & Outdoors,Team Sports,Rawlings Baseball Glove,50.35,3,25,37.76,0.0,113.29,30.51,21.76,Online,Apple Pay,5,0
ORD-04250,2024-10-11,2024-10-13,2,CUST-1085,Consumer,Midwest,Ohio,Office Supplies,Stationery,Sharpie Marker Set,17.64,2,5,1.76,9.68,33.52,11.29,10.94,In-Store,PayPal,5,0
ORD-04251,2024-12-12,2024-12-13,1,CUST-1364,Small Business,Northeast,New Jersey,Sports & Outdoors,Camping Gear,REI Sleeping Bag,184.23,3,0,0.0,10.69,552.69,108.44,227.37,Online,Apple Pay,5,0
ORD-04252,2023-03-23,2023-03-27,4,CUST-2941,Consumer,Northeast,Pennsylvania,Clothing,Footwear,Adidas Ultraboost,178.1,2,25,89.05,7.68,267.15,104.13,58.89,In-Store,PayPal,2,0
ORD-04253,2024-02-10,2024-02-17,7,CUST-2155,Consumer,Southwest,Utah,Electronics,Tablets,Samsung Galaxy Tab S6,330.42,1,0,0.0,5.29,330.42,225.34,105.08,Online,PayPal,2,1
ORD-04254,2024-09-01,2024-09-03,2,CUST-1277,Consumer,Southwest,Utah,Clothing,Men's Apparel,Columbia Jacket,94.07,3,5,14.11,0.0,268.1,59.37,89.99,In-Store,Gift Card,5,0
ORD-04255,2024-10-19,2024-10-22,3,CUST-2381,Consumer,Northeast,Connecticut,Office Supplies,Organizers,AmazonBasics File Cabinet,85.95,1,20,17.19,20.13,68.76,61.46,7.3,Online,Credit Card,5,0
ORD-04256,2024-05-13,2024-05-20,7,CUST-2263,Consumer,Southwest,Texas,Clothing,Activewear,Puma Track Pants,52.4,1,0,0.0,18.0,52.4,38.01,14.39,In-Store,Debit Card,5,0
ORD-04257,2024-07-30,2024-08-06,7,CUST-1733,Consumer,Southeast,North Carolina,Clothing,Men's Apparel,Nike Dri-FIT Tee,35.66,1,0,0.0,6.97,35.66,24.87,10.79,In-Store,PayPal,3,0
ORD-04258,2023-06-23,2023-06-27,4,CUST-1230,Corporate,Midwest,Ohio,Home & Kitchen,Storage,Sterilite Cart,41.73,3,15,18.78,8.11,106.41,31.12,13.05,Mobile App,Gift Card,4,0
ORD-04259,2023-12-27,2024-01-01,5,CUST-2175,Consumer,Northeast,New Jersey,Electronics,Monitors,Dell 24-inch FHD,194.93,1,0,0.0,17.39,194.93,141.36,53.57,Mobile App,Credit Card,4,0
ORD-04260,2023-03-05,2023-03-12,7,CUST-1984,Corporate,Southeast,Georgia,Clothing,Activewear,Puma Track Pants,51.38,1,25,12.85,0.0,38.53,36.27,2.26,In-Store,Credit Card,3,0
ORD-04261,2024-11-14,2024-11-15,1,CUST-1002,Corporate,West,Arizona,Electronics,Tablets,Amazon Fire HD 10,148.38,1,0,0.0,9.62,148.38,110.13,38.25,In-Store,Credit Card,4,0
ORD-04262,2024-05-03,2024-05-07,4,CUST-1361,Consumer,Northeast,New Jersey,Electronics,Monitors,ASUS ProArt 27,413.82,5,10,206.91,0.0,1862.19,280.79,458.24,In-Store,Gift Card,3,0
ORD-04263,2024-04-10,2024-04-16,6,CUST-3345,Consumer,West,Colorado,Home & Kitchen,Cookware,Cuisinart Knife Set,81.09,3,0,0.0,12.9,243.27,59.77,63.96,Online,Apple Pay,3,0
ORD-04264,2023-02-24,2023-03-03,7,CUST-1225,Consumer,West,California,Electronics,Smartphones,Google Pixel 7a,403.04,3,5,60.46,6.42,1148.66,275.84,321.14,Mobile App,Debit Card,1,1
ORD-04265,2023-11-30,2023-12-05,5,CUST-2013,Consumer,Southeast,Virginia,Office Supplies,Stationery,Pilot G2 Pen Pack,13.21,5,0,0.0,16.3,66.05,8.8,22.05,In-Store,PayPal,3,0
ORD-04266,2024-01-18,2024-01-19,1,CUST-2714,Small Business,Southwest,Utah,Home & Kitchen,Cookware,All-Clad Pan Set,246.23,1,10,24.62,11.17,221.61,149.73,71.88,Online,Debit Card,5,0
ORD-04267,2024-02-24,2024-02-29,5,CUST-3287,Consumer,Southeast,Tennessee,Office Supplies,Organizers,Pendaflex Folders,15.23,1,0,0.0,5.89,15.23,10.89,4.34,In-Store,Gift Card,3,0
ORD-04268,2024-10-15,2024-10-20,5,CUST-1799,Consumer,Northeast,New Jersey,Sports & Outdoors,Camping Gear,Coleman Tent 4P,134.65,1,0,0.0,14.5,134.65,83.13,51.52,Online,Credit Card,2,0
ORD-04269,2024-02-22,2024-02-24,2,CUST-3221,Small Business,West,Washington,Electronics,Monitors,LG 27-inch 4K,357.35,3,5,53.6,13.59,1018.45,197.79,425.08,Online,PayPal,3,0
ORD-04270,2024-12-04,2024-12-11,7,CUST-3135,Consumer,West,California,Sports & Outdoors,Camping Gear,Yeti Cooler,253.05,2,10,50.61,17.26,455.49,167.97,119.55,Mobile App,Credit Card,4,0
ORD-04271,2024-08-14,2024-08-18,4,CUST-3386,Small Business,West,Colorado,Sports & Outdoors,Camping Gear,REI Sleeping Bag,188.56,1,15,28.28,15.13,160.28,118.09,42.19,Online,Credit Card,1,0
ORD-04272,2023-12-17,2023-12-18,1,CUST-3494,Small Business,Southwest,Nevada,Electronics,Smartphones,iPhone SE,423.4,2,25,211.7,14.49,635.1,264.62,105.86,In-Store,Gift Card,5,0
ORD-04273,2023-09-06,2023-09-09,3,CUST-2758,Consumer,Southwest,Utah,Office Supplies,Desks & Chairs,FlexiSpot Standing Desk,393.2,1,0,0.0,9.88,393.2,240.5,152.7,In-Store,Credit Card,3,0
ORD-04274,2023-07-20,2023-07-22,2,CUST-2059,Consumer,Midwest,Ohio,Home & Kitchen,Cookware,All-Clad Pan Set,241.91,1,0,0.0,6.32,241.91,134.42,107.49,Mobile App,Debit Card,5,0
ORD-04275,2024-05-28,2024-06-03,6,CUST-2585,Corporate,Northeast,Pennsylvania,Home & Kitchen,Storage,ClosetMaid Organizer,68.69,1,0,0.0,17.08,68.69,40.13,28.56,Online,Apple Pay,2,0
ORD-04276,2024-04-13,2024-04-20,7,CUST-1327,Consumer,Northeast,New Jersey,Clothing,Activewear,Reebok Sports Bra,33.27,5,20,33.27,9.7,133.08,22.04,22.88,Online,Gift Card,3,0
ORD-04277,2024-12-02,2024-12-04,2,CUST-2929,Consumer,Southeast,Georgia,Home & Kitchen,Appliances,Dyson V15 Vacuum,675.5,2,0,0.0,20.5,1351.0,384.46,582.08,In-Store,Credit Card,1,0
ORD-04278,2024-04-08,2024-04-15,7,CUST-1470,Consumer,West,Oregon,Clothing,Men's Apparel,Levi's 501 Jeans,61.16,1,15,9.17,15.25,51.99,34.41,17.58,In-Store,Gift Card,3,0
ORD-04279,2023-02-11,2023-02-18,7,CUST-3469,Consumer,Southeast,North Carolina,Home & Kitchen,Storage,Sterilite Cart,41.02,3,0,0.0,13.18,123.06,22.67,55.05,In-Store,Gift Card,3,1
ORD-04280,2023-04-21,2023-04-22,1,CUST-1826,Corporate,West,Washington,Office Supplies,Desks & Chairs,Herman Miller Aeron,1265.88,5,0,0.0,7.14,6329.4,867.67,1991.05,Online,Credit Card,5,0
ORD-04281,2023-07-21,2023-07-25,4,CUST-3396,Corporate,Southwest,Utah,Sports & Outdoors,Team Sports,Wilson Basketball,28.61,1,20,5.72,0.0,22.89,17.53,5.36,Mobile App,Apple Pay,5,0
ORD-04282,2024-06-13,2024-06-19,6,CUST-2644,Corporate,Southeast,Georgia,Electronics,Laptops,HP Pavilion x360,601.85,1,0,0.0,7.9,601.85,412.02,189.83,Mobile App,PayPal,2,0
ORD-04283,2024-09-24,2024-09-25,1,CUST-1895,Corporate,West,Arizona,Clothing,Accessories,Coach Wallet,77.15,1,5,3.86,0.0,73.29,55.11,18.18,Online,Gift Card,4,0
ORD-04284,2023-02-12,2023-02-14,2,CUST-2719,Small Business,Northeast,Pennsylvania,Electronics,Laptops,Dell Inspiron 15,524.35,1,5,26.22,11.54,498.13,375.07,123.06,In-Store,Apple Pay,5,0
ORD-04285,2024-06-12,2024-06-13,1,CUST-3364,Corporate,Midwest,Wisconsin,Sports & Outdoors,Camping Gear,Coleman Tent 4P,129.31,4,0,0.0,9.97,517.24,95.39,135.68,Online,Credit Card,4,0
ORD-04286,2024-04-20,2024-04-22,2,CUST-1550,Consumer,Southeast,Florida,Clothing,Men's Apparel,Levi's 501 Jeans,58.33,1,15,8.75,0.0,49.58,41.86,7.72,Mobile App,Credit Card,3,0
ORD-04287,2024-04-18,2024-04-19,1,CUST-3230,Small Business,West,Oregon,Sports & Outdoors,Running,Brooks Ghost 15,137.45,1,15,20.62,23.07,116.83,95.15,21.68,In-Store,Debit Card,5,0
ORD-04288,2024-11-03,2024-11-09,6,CUST-1431,Consumer,Northeast,Massachusetts,Clothing,Women's Apparel,North Face Fleece,102.89,4,0,0.0,23.73,411.56,63.42,157.88,Mobile App,Debit Card,3,0
ORD-04289,2023-09-13,2023-09-20,7,CUST-1211,Consumer,Southwest,Oklahoma,Electronics,Smartphones,iPhone SE,449.09,2,10,89.82,22.79,808.36,319.73,168.9,Mobile App,Apple Pay,3,0
ORD-04290,2024-06-21,2024-06-24,3,CUST-1395,Consumer,Midwest,Indiana,Clothing,Footwear,Adidas Ultraboost,180.05,3,15,81.02,5.86,459.13,121.62,94.27,Online,Debit Card,5,0
ORD-04291,2023-07-01,2023-07-05,4,CUST-1674,Consumer,Southeast,Virginia,Home & Kitchen,Appliances,Instant Pot Duo 7-in-1,93.82,2,10,18.76,6.2,168.88,63.67,41.54,In-Store,Credit Card,5,0
ORD-04292,2024-10-06,2024-10-08,2,CUST-3074,Consumer,Northeast,New York,Clothing,Women's Apparel,Adidas Yoga Pants,57.64,3,5,8.65,14.81,164.27,40.73,42.08,Online,PayPal,4,0
ORD-04293,2024-08-07,2024-08-10,3,CUST-2094,Corporate,Southwest,New Mexico,Sports & Outdoors,Team Sports,Rawlings Baseball Glove,49.17,1,0,0.0,0.0,49.17,27.5,21.67,In-Store,Gift Card,5,0
ORD-04294,2023-07-05,2023-07-12,7,CUST-1671,Corporate,West,California,Home & Kitchen,Furniture,Wayfair Sofa,505.21,3,0,0.0,0.0,1515.63,291.24,641.91,Online,PayPal,3,0
ORD-04295,2024-02-19,2024-02-22,3,CUST-2701,Consumer,Northeast,New York,Home & Kitchen,Cookware,All-Clad Pan Set,247.8,4,10,99.12,19.05,892.08,171.01,208.04,In-Store,PayPal,1,0
ORD-04296,2024-05-27,2024-06-01,5,CUST-1602,Consumer,Northeast,Massachusetts,Home & Kitchen,Cookware,Cuisinart Knife Set,81.61,3,15,36.72,12.39,208.11,50.8,55.71,In-Store,PayPal,2,0
ORD-04297,2023-10-15,2023-10-21,6,CUST-2206,Consumer,Northeast,New York,Office Supplies,Stationery,Staedtler Pencil Set,9.5,3,0,0.0,8.44,28.5,6.81,8.07,In-Store,Apple Pay,2,0
ORD-04298,2024-07-20,2024-07-23,3,CUST-2890,Consumer,Northeast,Pennsylvania,Home & Kitchen,Storage,Sterilite Cart,38.82,1,0,0.0,23.09,38.82,25.38,13.44,In-Store,Debit Card,4,0
ORD-04299,2023-06-12,2023-06-15,3,CUST-1896,Consumer,Midwest,Indiana,Sports & Outdoors,Team Sports,Wilson Basketball,30.21,2,5,3.02,17.47,57.4,17.44,22.52,Online,Gift Card,4,1
ORD-04300,2023-10-17,2023-10-19,2,CUST-2745,Corporate,Northeast,New Jersey,Clothing,Men's Apparel,Levi's 501 Jeans,61.44,3,0,0.0,12.77,184.32,43.58,53.58,Online,Apple Pay,4,0
ORD-04301,2024-03-02,2024-03-04,2,CUST-2641,Small Business,Midwest,Indiana,Clothing,Footwear,New Balance 574,91.65,2,15,27.5,21.24,155.8,66.95,21.9,Online,Gift Card,3,0
ORD-04302,2023-02-03,2023-02-10,7,CUST-1311,Corporate,Southwest,Nevada,Office Supplies,Desks & Chairs,Herman Miller Aeron,1351.07,3,5,202.66,10.14,3850.55,825.0,1375.55,Mobile App,Gift Card,2,0
ORD-04303,2023-01-15,2023-01-22,7,CUST-1420,Small Business,Southeast,Florida,Office Supplies,Organizers,Pendaflex Folders,15.19,1,5,0.76,20.48,14.43,8.47,5.96,In-Store,Credit Card,3,0
ORD-04304,2023-02-03,2023-02-05,2,CUST-2987,Consumer,Northeast,Pennsylvania,Home & Kitchen,Decor,Yankee Candle Set,36.05,3,25,27.04,16.58,81.11,21.48,16.67,In-Store,Credit Card,5,0
ORD-04305,2024-08-08,2024-08-13,5,CUST-1006,Small Business,Northeast,Pennsylvania,Sports & Outdoors,Camping Gear,Yeti Cooler,261.64,2,0,0.0,7.08,523.28,157.99,207.3,In-Store,Apple Pay,5,0
ORD-04306,2024-02-28,2024-03-03,4,CUST-1506,Consumer,Midwest,Wisconsin,Clothing,Men's Apparel,Nike Dri-FIT Tee,35.63,1,10,3.56,5.46,32.07,19.7,12.37,Mobile App,PayPal,5,0
ORD-04307,2024-04-01,2024-04-08,7,CUST-1409,Small Business,Midwest,Wisconsin,Office Supplies,Desks & Chairs,Autonomous SmartDesk,428.96,2,0,0.0,14.64,857.92,256.58,344.76,In-Store,Gift Card,1,0
ORD-04308,2023-05-20,2023-05-23,3,CUST-1403,Consumer,Northeast,New York,Office Supplies,Organizers,Pendaflex Folders,15.56,1,10,1.56,0.0,14.0,8.78,5.22,Online,Gift Card,1,0
ORD-04309,2024-12-27,2024-12-28,1,CUST-2925,Corporate,Southwest,Oklahoma,Clothing,Accessories,Ray-Ban Aviators,159.49,1,5,7.97,14.61,151.52,100.35,51.17,Online,Gift Card,2,0
ORD-04310,2024-05-07,2024-05-10,3,CUST-3259,Consumer,Northeast,New Jersey,Sports & Outdoors,Team Sports,Rawlings Baseball Glove,50.71,1,25,12.68,6.2,38.03,33.31,4.72,In-Store,PayPal,2,1
ORD-04311,2024-03-10,2024-03-11,1,CUST-2559,Corporate,West,California,Office Supplies,Printers,Brother Inkjet,149.36,1,0,0.0,17.2,149.36,103.18,46.18,Online,Credit Card,5,0
ORD-04312,2024-09-02,2024-09-09,7,CUST-2765,Corporate,Southwest,Texas,Home & Kitchen,Appliances,Keurig K-Slim,114.51,1,10,11.45,13.48,103.06,66.29,36.77,Mobile App,Apple Pay,3,0
ORD-04313,2024-08-06,2024-08-07,1,CUST-3417,Small Business,Southwest,Nevada,Sports & Outdoors,Team Sports,Adidas Soccer Ball,23.77,2,10,4.75,15.05,42.79,17.76,7.27,Online,PayPal,4,0
ORD-04314,2024-12-27,2024-12-28,1,CUST-1050,Consumer,Northeast,New York,Home & Kitchen,Storage,ClosetMaid Organizer,68.63,1,10,6.86,0.0,61.77,37.79,23.98,Online,Apple Pay,3,0
ORD-04315,2024-12-04,2024-12-06,2,CUST-1525,Consumer,Midwest,Wisconsin,Electronics,Monitors,LG 27-inch 4K,345.69,3,25,259.27,10.78,777.8,237.41,65.57,Mobile App,Debit Card,5,0
ORD-04316,2023-07-21,2023-07-24,3,CUST-3440,Corporate,Midwest,Ohio,Home & Kitchen,Cookware,Lodge Cast Iron Skillet,29.19,1,5,1.46,24.28,27.73,17.21,10.52,In-Store,Gift Card,2,1
ORD-04317,2024-02-04,2024-02-08,4,CUST-1602,Corporate,Southwest,Oklahoma,Sports & Outdoors,Camping Gear,Yeti Cooler,260.97,4,0,0.0,18.43,1043.88,194.76,264.84,Online,Apple Pay,4,0
ORD-04318,2023-10-06,2023-10-11,5,CUST-1975,Consumer,Northeast,Connecticut,Office Supplies,Paper Products,Post-it Notes Bulk,19.9,2,0,0.0,14.78,39.8,11.37,17.06,Mobile App,Gift Card,2,0
ORD-04319,2024-02-19,2024-02-20,1,CUST-1955,Corporate,Northeast,New Jersey,Electronics,Laptops,HP Pavilion x360,638.28,3,10,191.48,0.0,1723.36,455.61,356.53,In-Store,Apple Pay,5,0
ORD-04320,2023-07-03,2023-07-04,1,CUST-3110,Consumer,Midwest,Wisconsin,Sports & Outdoors,Team Sports,Wilson Basketball,28.72,4,0,0.0,0.0,114.88,20.65,32.28,Mobile App,Credit Card,3,0
ORD-04321,2023-06-03,2023-06-08,5,CUST-2239,Consumer,Southwest,New Mexico,Clothing,Accessories,Ray-Ban Aviators,164.2,2,0,0.0,10.48,328.4,107.09,114.22,Mobile App,Credit Card,2,1
ORD-04322,2024-07-13,2024-07-18,5,CUST-2907,Consumer,Midwest,Michigan,Clothing,Accessories,Coach Wallet,81.89,1,10,8.19,6.81,73.7,58.17,15.53,Online,Credit Card,3,0
ORD-04323,2023-03-21,2023-03-24,3,CUST-2750,Corporate,Midwest,Ohio,Office Supplies,Organizers,Bankers Box Set,25.99,2,5,2.6,6.97,49.38,16.88,15.62,Online,Credit Card,5,1
ORD-04324,2023-04-18,2023-04-20,2,CUST-2825,Consumer,Southwest,Nevada,Electronics,Laptops,Dell Inspiron 15,526.26,5,5,131.56,0.0,2499.74,308.88,955.34,Online,Credit Card,3,0
ORD-04325,2023-07-06,2023-07-11,5,CUST-2069,Consumer,West,Oregon,Office Supplies,Organizers,AmazonBasics File Cabinet,92.79,1,0,0.0,0.0,92.79,64.37,28.42,In-Store,PayPal,4,0
ORD-04326,2023-09-08,2023-09-15,7,CUST-1917,Consumer,Northeast,Massachusetts,Home & Kitchen,Appliances,Keurig K-Slim,107.05,4,5,21.41,0.0,406.79,63.01,154.75,Mobile App,Credit Card,1,1
ORD-04327,2023-01-24,2023-01-31,7,CUST-1276,Corporate,Midwest,Michigan,Home & Kitchen,Appliances,Instant Pot Duo 7-in-1,88.41,1,0,0.0,10.87,88.41,49.42,38.99,In-Store,Apple Pay,1,0
ORD-04328,2024-10-19,2024-10-20,1,CUST-3477,Corporate,Southwest,Oklahoma,Sports & Outdoors,Team Sports,Rawlings Baseball Glove,49.0,1,0,0.0,0.0,49.0,35.02,13.98,In-Store,Apple Pay,3,0
ORD-04329,2024-07-06,2024-07-13,7,CUST-1630,Consumer,West,Arizona,Clothing,Women's Apparel,Adidas Yoga Pants,54.14,1,5,2.71,20.95,51.43,36.88,14.55,Online,PayPal,1,0
ORD-04330,2023-05-13,2023-05-18,5,CUST-3419,Corporate,Southwest,Nevada,Office Supplies,Stationery,Pilot G2 Pen Pack,13.21,2,5,1.32,15.67,25.1,7.36,10.38,Online,PayPal,3,0
ORD-04331,2023-10-05,2023-10-06,1,CUST-2582,Corporate,Midwest,Wisconsin,Office Supplies,Paper Products,HP Printer Paper 5-Ream,30.18,2,0,0.0,12.24,60.36,20.05,20.26,Online,Apple Pay,5,0
ORD-04332,2023-01-25,2023-01-26,1,CUST-2764,Corporate,Midwest,Indiana,Home & Kitchen,Appliances,Instant Pot Duo 7-in-1,90.09,3,0,0.0,21.06,270.27,60.55,88.62,Online,Apple Pay,5,0
ORD-04333,2024-12-20,2024-12-27,7,CUST-2087,Consumer,Midwest,Ohio,Clothing,Activewear,Reebok Sports Bra,33.81,4,15,20.29,12.81,114.95,18.68,40.23,Online,PayPal,3,0
ORD-04334,2023-06-07,2023-06-14,7,CUST-1764,Consumer,Southwest,Utah,Home & Kitchen,Furniture,West Elm Desk,347.59,1,0,0.0,5.87,347.59,243.77,103.82,Mobile App,Apple Pay,3,0
ORD-04335,2024-04-03,2024-04-10,7,CUST-3222,Corporate,Northeast,New York,Clothing,Activewear,Under Armour Shorts,40.56,3,0,0.0,20.47,121.68,22.58,53.94,Mobile App,Debit Card,3,0
ORD-04336,2023-02-06,2023-02-09,3,CUST-2865,Consumer,Southeast,Georgia,Office Supplies,Printers,Epson EcoTank,190.89,1,0,0.0,18.17,190.89,140.21,50.68,Mobile App,PayPal,5,0
ORD-04337,2023-08-31,2023-09-04,4,CUST-2191,Corporate,West,Colorado,Sports & Outdoors,Fitness Equipment,Bowflex Dumbbells,347.87,1,0,0.0,19.29,347.87,237.19,110.68,In-Store,Gift Card,5,0
ORD-04338,2024-03-05,2024-03-12,7,CUST-1266,Small Business,Northeast,Connecticut,Electronics,Tablets,iPad 10th Gen,431.77,4,10,172.71,0.0,1554.37,249.28,557.25,Online,Debit Card,2,0
ORD-04339,2024-04-14,2024-04-18,4,CUST-1776,Small Business,West,Washington,Home & Kitchen,Cookware,All-Clad Pan Set,258.45,2,5,25.84,23.26,491.06,149.77,191.52,In-Store,Debit Card,5,1
ORD-04340,2023-07-02,2023-07-04,2,CUST-1049,Consumer,West,Washington,Office Supplies,Paper Products,Post-it Notes Bulk,20.85,3,15,9.38,9.19,53.17,11.5,18.67,Mobile App,Gift Card,4,0
ORD-04341,2023-10-07,2023-10-09,2,CUST-1808,Consumer,Southeast,North Carolina,Home & Kitchen,Cookware,Cuisinart Knife Set,77.34,3,0,0.0,17.08,232.02,57.42,59.76,In-Store,Apple Pay,3,0
ORD-04342,2023-09-26,2023-09-28,2,CUST-2258,Corporate,Southeast,Georgia,Electronics,Tablets,Amazon Fire HD 10,146.08,3,0,0.0,23.18,438.24,104.41,125.01,In-Store,PayPal,4,0
ORD-04343,2024-07-24,2024-07-31,7,CUST-1012,Corporate,Southeast,Georgia,Sports & Outdoors,Cycling,Garmin Edge 530,301.53,1,5,15.08,17.62,286.45,191.99,94.46,In-Store,Credit Card,5,0
ORD-04344,2024-06-02,2024-06-07,5,CUST-2177,Small Business,West,Colorado,Electronics,Laptops,HP Pavilion x360,636.81,1,0,0.0,20.28,636.81,364.2,272.61,Online,PayPal,4,0
ORD-04345,2024-08-17,2024-08-23,6,CUST-1458,Small Business,Southeast,Virginia,Sports & Outdoors,Cycling,Bell Helmet,50.81,2,0,0.0,10.58,101.62,32.97,35.68,Online,Debit Card,4,0
ORD-04346,2023-05-25,2023-05-30,5,CUST-1912,Consumer,Southeast,Georgia,Home & Kitchen,Storage,ClosetMaid Organizer,71.86,3,15,32.34,6.48,183.24,43.97,51.33,Online,Apple Pay,2,0
ORD-04347,2024-03-26,2024-03-27,1,CUST-2527,Consumer,Southwest,Oklahoma,Sports & Outdoors,Cycling,Bell Helmet,50.05,2,0,0.0,11.81,100.1,30.6,38.9,Online,Gift Card,3,0
ORD-04348,2024-11-09,2024-11-14,5,CUST-2520,Corporate,Midwest,Indiana,Office Supplies,Desks & Chairs,Autonomous SmartDesk,427.74,1,0,0.0,7.25,427.74,312.18,115.56,Online,Apple Pay,3,0
ORD-04349,2024-04-21,2024-04-27,6,CUST-1590,Corporate,Northeast,New York,Electronics,Tablets,Amazon Fire HD 10,156.55,2,25,78.28,0.0,234.82,116.29,2.24,Online,Apple Pay,4,0
ORD-04350,2023-06-14,2023-06-17,3,CUST-2663,Consumer,Northeast,New York,Office Supplies,Paper Products,Post-it Notes Bulk,19.53,1,15,2.93,10.9,16.6,13.09,3.51,Online,Credit Card,3,0
ORD-04351,2023-07-10,2023-07-17,7,CUST-1570,Consumer,West,Oregon,Office Supplies,Organizers,Bankers Box Set,25.24,2,0,0.0,23.66,50.48,17.94,14.6,Mobile App,PayPal,2,0
ORD-04352,2024-02-29,2024-03-04,4,CUST-2682,Small Business,West,Colorado,Home & Kitchen,Storage,Sterilite Cart,40.75,2,10,8.15,15.12,73.35,23.9,25.55,In-Store,Gift Card,5,0
ORD-04353,2023-01-31,2023-02-05,5,CUST-1438,Consumer,Southeast,North Carolina,Sports & Outdoors,Cycling,Garmin Edge 530,295.8,3,10,88.74,8.25,798.66,174.33,275.67,In-Store,Gift Card,4,0
ORD-04354,2024-09-28,2024-09-30,2,CUST-2578,Consumer,Northeast,Pennsylvania,Home & Kitchen,Storage,ClosetMaid Organizer,67.7,1,5,3.38,15.68,64.32,49.77,14.55,Online,Gift Card,5,0
ORD-04355,2024-07-11,2024-07-15,4,CUST-2845,Corporate,Northeast,New York,Home & Kitchen,Cookware,Lodge Cast Iron Skillet,29.33,1,0,0.0,0.0,29.33,16.87,12.46,In-Store,Gift Card,3,0
ORD-04356,2023-09-26,2023-09-28,2,CUST-1103,Consumer,Northeast,Connecticut,Office Supplies,Printers,Epson EcoTank,191.32,1,5,9.57,20.95,181.75,141.35,40.4,Online,Credit Card,3,1
ORD-04357,2024-01-16,2024-01-19,3,CUST-2683,Small Business,Southeast,Florida,Electronics,Headphones,Sony WH-1000XM5,285.98,1,20,57.2,22.82,228.78,157.46,71.32,Online,Gift Card,5,0
ORD-04358,2024-12-05,2024-12-10,5,CUST-1556,Consumer,Midwest,Indiana,Electronics,Smartphones,Google Pixel 7a,386.68,1,0,0.0,0.0,386.68,265.71,120.97,In-Store,Debit Card,2,0
ORD-04359,2024-05-16,2024-05-18,2,CUST-1045,Corporate,Northeast,Connecticut,Electronics,Smartphones,iPhone SE,433.45,2,15,130.03,10.02,736.87,315.42,106.03,In-Store,Debit Card,5,0
ORD-04360,2023-02-20,2023-02-21,1,CUST-1868,Corporate,Midwest,Michigan,Office Supplies,Printers,HP LaserJet Pro,310.88,1,0,0.0,18.37,310.88,217.36,93.52,Mobile App,Gift Card,4,0
ORD-04361,2023-10-11,2023-10-17,6,CUST-1325,Corporate,West,Colorado,Sports & Outdoors,Cycling,Garmin Edge 530,302.72,1,5,15.14,18.98,287.58,193.98,93.6,In-Store,Credit Card,3,0
ORD-04362,2024-02-25,2024-03-01,5,CUST-2882,Small Business,West,Oregon,Sports & Outdoors,Running,Garmin Forerunner 55,198.7,2,0,0.0,6.6,397.4,118.16,161.08,Online,Gift Card,4,0
ORD-04363,2024-01-27,2024-01-31,4,CUST-2201,Consumer,Midwest,Ohio,Home & Kitchen,Cookware,All-Clad Pan Set,245.46,2,5,24.55,23.72,466.37,154.34,157.69,Online,PayPal,3,0
ORD-04364,2023-12-04,2023-12-11,7,CUST-1779,Consumer,Northeast,Pennsylvania,Home & Kitchen,Furniture,Wayfair Sofa,484.96,5,0,0.0,18.38,2424.8,351.73,666.15,Online,Debit Card,4,0
ORD-04365,2023-06-11,2023-06-14,3,CUST-1120,Small Business,Southeast,North Carolina,Home & Kitchen,Cookware,Cuisinart Knife Set,78.36,1,5,3.92,20.28,74.44,57.67,16.77,Online,PayPal,4,0
ORD-04366,2024-05-02,2024-05-06,4,CUST-2332,Consumer,Midwest,Illinois,Home & Kitchen,Appliances,Keurig K-Slim,109.29,4,15,65.57,17.98,371.59,74.94,71.83,Mobile App,Gift Card,3,0
ORD-04367,2024-12-01,2024-12-05,4,CUST-2656,Consumer,Midwest,Michigan,Office Supplies,Desks & Chairs,Autonomous SmartDesk,434.22,2,0,0.0,8.36,868.44,248.37,371.7,In-Store,PayPal,3,0
ORD-04368,2023-11-26,2023-12-01,5,CUST-2277,Consumer,Northeast,New York,Sports & Outdoors,Running,Nathan Hydration Vest,67.66,2,0,0.0,0.0,135.32,38.74,57.84,Mobile App,Credit Card,4,0
ORD-04369,2023-05-06,2023-05-08,2,CUST-1054,Consumer,Southeast,Florida,Clothing,Men's Apparel,Nike Dri-FIT Tee,35.43,2,15,10.63,15.25,60.23,23.88,12.47,Online,Apple Pay,5,0
ORD-04370,2023-05-14,2023-05-20,6,CUST-2115,Corporate,Northeast,New York,Office Supplies,Organizers,AmazonBasics File Cabinet,89.36,2,0,0.0,8.93,178.72,49.17,80.38,Online,Debit Card,2,0
ORD-04371,2023-04-03,2023-04-07,4,CUST-3425,Consumer,West,California,Office Supplies,Stationery,Pilot G2 Pen Pack,13.58,1,0,0.0,14.29,13.58,8.0,5.58,Mobile App,Debit Card,5,0
ORD-04372,2024-01-25,2024-01-28,3,CUST-2528,Consumer,Midwest,Michigan,Home & Kitchen,Cookware,All-Clad Pan Set,248.95,2,10,49.79,11.84,448.11,139.92,168.27,In-Store,Credit Card,4,0
ORD-04373,2023-08-17,2023-08-20,3,CUST-3276,Corporate,Northeast,Connecticut,Home & Kitchen,Furniture,West Elm Desk,340.62,1,0,0.0,19.39,340.62,202.15,138.47,In-Store,PayPal,2,0
ORD-04374,2024-03-14,2024-03-20,6,CUST-1402,Consumer,Northeast,New Jersey,Sports & Outdoors,Running,Nathan Hydration Vest,68.3,3,15,30.73,6.65,174.17,41.92,48.41,Online,Apple Pay,5,1
ORD-04375,2024-10-06,2024-10-10,4,CUST-2160,Consumer,West,Colorado,Office Supplies,Organizers,Pendaflex Folders,14.47,4,5,2.89,8.08,54.99,10.21,14.15,Online,Debit Card,2,0
ORD-04376,2024-06-09,2024-06-11,2,CUST-2427,Consumer,Southwest,New Mexico,Sports & Outdoors,Running,Brooks Ghost 15,139.86,1,10,13.99,7.93,125.87,92.31,33.56,In-Store,Debit Card,3,0
ORD-04377,2023-07-10,2023-07-16,6,CUST-1512,Consumer,Northeast,Massachusetts,Clothing,Men's Apparel,Nike Dri-FIT Tee,35.64,2,25,17.82,6.86,53.46,26.46,0.54,Mobile App,Apple Pay,5,0
ORD-04378,2023-06-17,2023-06-18,1,CUST-1415,Consumer,Midwest,Illinois,Electronics,Monitors,ASUS ProArt 27,427.59,1,10,42.76,11.66,384.83,311.15,73.68,Mobile App,Gift Card,5,0
ORD-04379,2023-08-15,2023-08-17,2,CUST-1247,Small Business,Northeast,New York,Clothing,Accessories,Ray-Ban Aviators,155.62,2,0,0.0,22.22,311.24,94.18,122.88,Online,Apple Pay,2,1
ORD-04380,2024-04-26,2024-04-28,2,CUST-2098,Corporate,Midwest,Michigan,Home & Kitchen,Decor,Wall Art Canvas,60.46,1,0,0.0,16.54,60.46,33.83,26.63,Online,Gift Card,5,0
ORD-04381,2024-02-17,2024-02-19,2,CUST-3365,Consumer,Northeast,Connecticut,Office Supplies,Desks & Chairs,FlexiSpot Standing Desk,369.19,4,10,147.68,8.18,1329.08,248.78,333.96,In-Store,Credit Card,5,0
ORD-04382,2024-08-03,2024-08-04,1,CUST-1562,Consumer,Southeast,Florida,Home & Kitchen,Cookware,Lodge Cast Iron Skillet,29.32,1,20,5.86,0.0,23.46,16.15,7.31,In-Store,Credit Card,5,0
ORD-04383,2024-12-03,2024-12-05,2,CUST-1513,Consumer,Southeast,Georgia,Home & Kitchen,Appliances,Keurig K-Slim,112.0,3,25,84.0,12.39,252.0,65.36,55.92,Mobile App,PayPal,5,0
ORD-04384,2024-10-12,2024-10-15,3,CUST-1913,Consumer,Midwest,Indiana,Home & Kitchen,Appliances,Keurig K-Slim,110.17,2,0,0.0,15.13,220.34,79.46,61.42,Mobile App,Gift Card,3,0
ORD-04385,2024-09-25,2024-09-29,4,CUST-2839,Consumer,Southwest,Utah,Clothing,Men's Apparel,Levi's 501 Jeans,58.06,5,0,0.0,10.95,290.3,37.39,103.35,Online,Credit Card,2,0
ORD-04386,2023-05-04,2023-05-07,3,CUST-2454,Consumer,Southeast,Tennessee,Clothing,Women's Apparel,Adidas Yoga Pants,54.92,3,0,0.0,14.28,164.76,31.13,71.37,Online,PayPal,5,0
ORD-04387,2024-04-03,2024-04-08,5,CUST-2148,Consumer,West,California,Home & Kitchen,Appliances,Dyson V15 Vacuum,646.27,3,0,0.0,17.39,1938.81,447.38,596.67,Online,PayPal,4,0
ORD-04388,2023-05-25,2023-05-28,3,CUST-2604,Small Business,West,Washington,Clothing,Footwear,Nike Air Max 90,127.79,5,0,0.0,21.02,638.95,72.37,277.1,Online,Apple Pay,4,0
ORD-04389,2023-10-31,2023-11-01,1,CUST-1527,Corporate,Northeast,New Jersey,Clothing,Women's Apparel,Adidas Yoga Pants,56.78,1,5,2.84,14.3,53.94,32.19,21.75,Mobile App,PayPal,1,0
ORD-04390,2024-09-11,2024-09-18,7,CUST-3062,Consumer,Southeast,Georgia,Office Supplies,Desks & Chairs,Herman Miller Aeron,1334.07,1,15,200.11,10.57,1133.96,890.72,243.24,Online,PayPal,2,0
ORD-04391,2023-07-11,2023-07-17,6,CUST-1789,Small Business,Northeast,Massachusetts,Home & Kitchen,Appliances,Instant Pot Duo 7-in-1,87.88,1,5,4.39,10.49,83.49,59.39,24.1,Online,Apple Pay,1,0
ORD-04392,2024-05-13,2024-05-20,7,CUST-2713,Consumer,Southeast,Florida,Sports & Outdoors,Cycling,Garmin Edge 530,297.24,1,10,29.72,0.0,267.52,178.49,89.03,Mobile App,Gift Card,2,0
ORD-04393,2024-04-10,2024-04-14,4,CUST-3485,Consumer,Northeast,Pennsylvania,Sports & Outdoors,Cycling,Schwinn Hybrid Bike,352.16,2,5,35.22,24.46,669.1,263.96,141.18,In-Store,PayPal,4,0
ORD-04394,2023-04-21,2023-04-24,3,CUST-2731,Corporate,Southeast,North Carolina,Home & Kitchen,Furniture,Wayfair Sofa,508.11,1,5,25.41,8.66,482.7,356.23,126.47,Online,Credit Card,4,0
ORD-04395,2023-05-09,2023-05-14,5,CUST-3410,Corporate,Southwest,New Mexico,Home & Kitchen,Appliances,Keurig K-Slim,106.94,2,0,0.0,13.37,213.88,72.59,68.7,In-Store,Apple Pay,2,0
ORD-04396,2024-02-02,2024-02-04,2,CUST-2156,Consumer,Northeast,Massachusetts,Clothing,Activewear,Puma Track Pants,50.59,1,5,2.53,10.19,48.06,37.57,10.49,In-Store,Credit Card,4,0
ORD-04397,2024-01-10,2024-01-16,6,CUST-2809,Consumer,Northeast,Connecticut,Office Supplies,Desks & Chairs,FlexiSpot Standing Desk,389.84,1,0,0.0,16.32,389.84,278.2,111.64,Online,Apple Pay,1,0
ORD-04398,2024-03-02,2024-03-06,4,CUST-1599,Consumer,Midwest,Indiana,Clothing,Accessories,Fossil Watch,130.02,4,0,0.0,13.73,520.08,90.2,159.28,Online,Credit Card,3,0
ORD-04399,2023-10-23,2023-10-27,4,CUST-2151,Consumer,Midwest,Michigan,Sports & Outdoors,Running,Garmin Forerunner 55,194.29,5,5,48.57,16.28,922.88,142.12,212.28,In-Store,Apple Pay,5,0
ORD-04400,2024-02-11,2024-02-14,3,CUST-2096,Consumer,Southeast,Florida,Home & Kitchen,Appliances,Instant Pot Duo 7-in-1,86.41,2,5,8.64,0.0,164.18,63.58,37.02,In-Store,Credit Card,3,0
ORD-04401,2024-12-27,2024-12-31,4,CUST-1094,Consumer,West,Arizona,Electronics,Monitors,ASUS ProArt 27,427.87,1,15,64.18,0.0,363.69,320.07,43.62,In-Store,Gift Card,4,0
ORD-04402,2023-06-15,2023-06-19,4,CUST-2866,Corporate,West,California,Electronics,Tablets,Amazon Fire HD 10,147.2,1,10,14.72,0.0,132.48,104.31,28.17,Mobile App,Debit Card,4,0
ORD-04403,2023-01-02,2023-01-06,4,CUST-3019,Corporate,West,Oregon,Office Supplies,Organizers,Bankers Box Set,24.33,1,15,3.65,0.0,20.68,15.69,4.99,Online,Debit Card,2,0
ORD-04404,2023-12-16,2023-12-22,6,CUST-2885,Corporate,Southeast,Virginia,Office Supplies,Stationery,Sharpie Marker Set,16.59,4,0,0.0,14.93,66.36,10.58,24.04,Mobile App,PayPal,1,0
ORD-04405,2023-04-03,2023-04-07,4,CUST-2282,Small Business,West,Arizona,Electronics,Headphones,Bose QC45,285.53,1,10,28.55,22.08,256.98,189.52,67.46,Online,PayPal,4,0
ORD-04406,2024-09-20,2024-09-23,3,CUST-1461,Consumer,Southwest,Texas,Home & Kitchen,Appliances,Keurig K-Slim,115.2,1,15,17.28,17.15,97.92,82.08,15.84,In-Store,Credit Card,5,0
ORD-04407,2023-01-11,2023-01-15,4,CUST-2743,Consumer,Northeast,Massachusetts,Office Supplies,Organizers,AmazonBasics File Cabinet,90.63,3,0,0.0,20.7,271.89,50.16,121.41,Online,Gift Card,2,0
ORD-04408,2024-08-25,2024-08-31,6,CUST-3029,Small Business,Southeast,Tennessee,Office Supplies,Desks & Chairs,FlexiSpot Standing Desk,388.24,2,15,116.47,19.76,660.01,228.34,203.33,Online,PayPal,4,0
ORD-04409,2023-02-16,2023-02-19,3,CUST-1369,Consumer,Southeast,Florida,Home & Kitchen,Storage,Sterilite Cart,39.23,3,5,5.88,13.1,111.81,22.03,45.72,In-Store,Credit Card,5,0
ORD-04410,2024-08-20,2024-08-21,1,CUST-3131,Corporate,Southwest,Utah,Home & Kitchen,Furniture,Wayfair Sofa,503.02,4,5,100.6,18.72,1911.48,362.24,462.52,Online,Debit Card,5,0
ORD-04411,2023-06-02,2023-06-07,5,CUST-1095,Consumer,Midwest,Indiana,Clothing,Accessories,Coach Wallet,76.29,3,20,45.77,5.92,183.1,46.7,43.0,Online,PayPal,3,0
ORD-04412,2024-05-08,2024-05-14,6,CUST-2092,Consumer,West,California,Clothing,Accessories,Coach Wallet,79.97,4,10,31.99,24.8,287.89,48.09,95.53,Online,Credit Card,4,0
ORD-04413,2024-11-17,2024-11-24,7,CUST-2816,Consumer,Southeast,Virginia,Electronics,Headphones,AirPods Pro 2,246.12,1,15,36.92,9.22,209.2,170.54,38.66,Online,Gift Card,2,1
ORD-04414,2023-05-18,2023-05-19,1,CUST-2097,Consumer,Midwest,Indiana,Office Supplies,Paper Products,HP Printer Paper 5-Ream,28.88,4,15,17.33,22.38,98.19,19.94,18.43,In-Store,Credit Card,5,0
ORD-04415,2024-07-10,2024-07-16,6,CUST-2741,Consumer,West,California,Office Supplies,Organizers,Bankers Box Set,25.39,1,10,2.54,0.0,22.85,17.17,5.68,In-Store,Debit Card,2,0
ORD-04416,2023-07-28,2023-08-02,5,CUST-2213,Consumer,Northeast,New Jersey,Home & Kitchen,Cookware,All-Clad Pan Set,237.6,2,0,0.0,8.82,475.2,161.94,151.32,In-Store,Apple Pay,4,0
ORD-04417,2024-05-19,2024-05-25,6,CUST-1208,Small Business,West,California,Home & Kitchen,Cookware,All-Clad Pan Set,251.98,1,15,37.8,18.81,214.18,158.7,55.48,In-Store,Apple Pay,3,0
ORD-04418,2024-04-27,2024-04-30,3,CUST-1300,Small Business,Northeast,New York,Office Supplies,Desks & Chairs,Autonomous SmartDesk,451.39,2,5,45.14,19.47,857.64,262.67,332.3,Mobile App,Gift Card,3,0
ORD-04419,2024-05-25,2024-05-31,6,CUST-1187,Consumer,Northeast,New York,Electronics,Monitors,ASUS ProArt 27,419.15,1,0,0.0,9.62,419.15,311.79,107.36,Online,Gift Card,5,0
ORD-04420,2023-04-18,2023-04-22,4,CUST-1461,Consumer,Midwest,Wisconsin,Home & Kitchen,Furniture,West Elm Desk,341.33,2,25,170.66,10.07,512.0,211.94,88.12,Online,Apple Pay,3,0
ORD-04421,2023-10-17,2023-10-20,3,CUST-1890,Consumer,Northeast,New Jersey,Clothing,Accessories,Coach Wallet,77.4,1,15,11.61,15.18,65.79,42.64,23.15,In-Store,Gift Card,2,0
ORD-04422,2024-07-30,2024-08-05,6,CUST-2961,Consumer,Midwest,Michigan,Clothing,Accessories,Fossil Watch,124.45,3,25,93.34,6.39,280.01,73.54,59.39,Online,Apple Pay,2,1
ORD-04423,2023-06-19,2023-06-26,7,CUST-1165,Consumer,Southwest,Texas,Home & Kitchen,Storage,Sterilite Cart,41.24,3,15,18.56,0.0,105.16,23.49,34.69,Online,Gift Card,4,0
ORD-04424,2024-03-01,2024-03-07,6,CUST-1882,Small Business,West,Arizona,Office Supplies,Paper Products,HP Printer Paper 5-Ream,29.26,1,20,5.85,24.72,23.41,19.87,3.54,Online,Gift Card,3,0
ORD-04425,2023-03-26,2023-03-29,3,CUST-1442,Corporate,Southeast,Tennessee,Sports & Outdoors,Fitness Equipment,Peloton Bike Mat,61.84,2,25,30.92,13.37,92.76,38.51,15.74,Online,Credit Card,4,0
ORD-04426,2024-11-26,2024-12-03,7,CUST-1681,Consumer,Southeast,Virginia,Home & Kitchen,Storage,Sterilite Cart,40.14,2,5,4.01,14.98,76.27,26.39,23.49,In-Store,Gift Card,3,0
ORD-04427,2023-07-01,2023-07-02,1,CUST-1667,Corporate,Northeast,New Jersey,Electronics,Laptops,Dell Inspiron 15,573.62,1,25,143.41,15.51,430.21,337.97,92.24,In-Store,Credit Card,5,0
ORD-04428,2023-12-06,2023-12-07,1,CUST-2190,Consumer,Northeast,Connecticut,Office Supplies,Desks & Chairs,FlexiSpot Standing Desk,365.14,1,5,18.26,9.49,346.88,273.4,73.48,Online,Apple Pay,5,0
ORD-04429,2024-08-15,2024-08-21,6,CUST-1879,Small Business,West,Arizona,Sports & Outdoors,Fitness Equipment,Bowflex Dumbbells,351.02,1,15,52.65,14.47,298.37,211.61,86.76,Mobile App,Apple Pay,5,0
ORD-04430,2023-05-02,2023-05-05,3,CUST-1202,Corporate,West,California,Clothing,Men's Apparel,Columbia Jacket,90.93,2,0,0.0,9.54,181.86,53.82,74.22,In-Store,Gift Card,1,1
ORD-04431,2023-12-27,2024-01-03,7,CUST-1840,Corporate,West,Colorado,Electronics,Tablets,Samsung Galaxy Tab S6,331.06,2,0,0.0,18.28,662.12,203.7,254.72,Online,Gift Card,4,0
ORD-04432,2023-09-27,2023-09-28,1,CUST-1531,Consumer,Midwest,Ohio,Office Supplies,Desks & Chairs,Herman Miller Aeron,1298.97,1,20,259.79,12.92,1039.18,747.61,291.57,Online,PayPal,5,0
ORD-04433,2023-07-28,2023-07-29,1,CUST-1163,Corporate,Southeast,Tennessee,Electronics,Tablets,Samsung Galaxy Tab S6,330.51,1,10,33.05,22.89,297.46,246.16,51.3,Mobile App,Credit Card,4,0
ORD-04434,2024-10-01,2024-10-04,3,CUST-1575,Corporate,Northeast,New Jersey,Electronics,Headphones,AirPods Pro 2,240.93,1,5,12.05,6.08,228.88,139.59,89.29,Online,Debit Card,5,0
ORD-04435,2023-11-06,2023-11-10,4,CUST-2217,Consumer,Southeast,Tennessee,Electronics,Smartphones,Google Pixel 7a,403.28,1,5,20.16,8.84,383.12,266.49,116.63,Online,Credit Card,4,0
ORD-04436,2023-03-30,2023-04-06,7,CUST-2497,Consumer,Southeast,Tennessee,Office Supplies,Printers,Epson EcoTank,200.67,1,0,0.0,9.6,200.67,133.02,67.65,Mobile App,PayPal,2,0
ORD-04437,2023-06-23,2023-06-29,6,CUST-1597,Consumer,Northeast,Connecticut,Electronics,Laptops,Lenovo ThinkPad E15,740.13,1,25,185.03,16.36,555.1,495.11,59.99,Online,Debit Card,4,0
ORD-04438,2023-11-10,2023-11-13,3,CUST-1501,Corporate,West,Washington,Office Supplies,Organizers,Pendaflex Folders,14.8,2,10,2.96,11.45,26.64,8.48,9.68,Online,Credit Card,3,0
ORD-04439,2024-09-28,2024-09-29,1,CUST-1010,Small Business,Southeast,Tennessee,Office Supplies,Stationery,Sharpie Marker Set,17.42,1,20,3.48,11.77,13.94,11.87,2.07,In-Store,Gift Card,4,0
ORD-04440,2023-02-21,2023-02-26,5,CUST-2941,Small Business,Northeast,Pennsylvania,Office Supplies,Stationery,Sharpie Marker Set,16.28,1,0,0.0,14.52,16.28,11.46,4.82,Online,Apple Pay,3,0
ORD-04441,2023-08-11,2023-08-15,4,CUST-1597,Consumer,Midwest,Ohio,Clothing,Accessories,Coach Wallet,83.77,1,0,0.0,17.65,83.77,59.19,24.58,Online,Debit Card,5,0
ORD-04442,2024-03-18,2024-03-19,1,CUST-1621,Consumer,Midwest,Illinois,Office Supplies,Stationery,Staedtler Pencil Set,9.99,1,5,0.5,10.96,9.49,7.15,2.34,In-Store,Credit Card,3,0
ORD-04443,2024-11-29,2024-12-01,2,CUST-3067,Consumer,Southwest,Nevada,Home & Kitchen,Cookware,All-Clad Pan Set,259.12,1,20,51.82,16.99,207.3,170.38,36.92,Online,PayPal,5,0
ORD-04444,2024-04-26,2024-05-02,6,CUST-2246,Corporate,West,California,Home & Kitchen,Appliances,Instant Pot Duo 7-in-1,88.18,3,0,0.0,15.34,264.54,55.1,99.24,In-Store,Credit Card,5,0
ORD-04445,2024-05-16,2024-05-19,3,CUST-2737,Consumer,Northeast,New Jersey,Sports & Outdoors,Running,Nathan Hydration Vest,72.14,1,0,0.0,17.23,72.14,52.75,19.39,Online,Debit Card,3,0
ORD-04446,2023-11-20,2023-11-22,2,CUST-1102,Consumer,West,Oregon,Home & Kitchen,Decor,Pottery Barn Throw Pillow,51.26,3,25,38.45,16.6,115.33,30.14,24.91,Online,Gift Card,4,0
ORD-04447,2024-03-02,2024-03-05,3,CUST-2459,Consumer,Midwest,Ohio,Electronics,Smartphones,Google Pixel 7a,381.37,1,5,19.07,0.0,362.3,229.25,133.05,In-Store,Credit Card,5,0
ORD-04448,2023-03-31,2023-04-05,5,CUST-1449,Corporate,Southeast,North Carolina,Office Supplies,Stationery,Pilot G2 Pen Pack,13.44,1,5,0.67,23.49,12.77,7.5,5.27,Online,Gift Card,3,0
ORD-04449,2023-04-26,2023-04-29,3,CUST-3247,Small Business,West,Washington,Sports & Outdoors,Team Sports,Rawlings Baseball Glove,50.73,2,0,0.0,10.58,101.46,32.99,35.48,In-Store,Gift Card,3,0
ORD-04450,2024-08-20,2024-08-21,1,CUST-2982,Corporate,Southwest,Utah,Clothing,Men's Apparel,Columbia Jacket,87.9,1,15,13.19,23.15,74.71,64.86,9.85,Mobile App,Apple Pay,5,0
ORD-04451,2023-08-31,2023-09-06,6,CUST-3113,Small Business,Northeast,Massachusetts,Office Supplies,Organizers,AmazonBasics File Cabinet,88.6,1,10,8.86,19.69,79.74,51.07,28.67,Mobile App,Apple Pay,3,0
ORD-04452,2023-11-14,2023-11-15,1,CUST-1404,Corporate,Southwest,Utah,Clothing,Footwear,Nike Air Max 90,134.66,3,10,40.4,21.64,363.58,74.51,140.05,Online,PayPal,4,0
ORD-04453,2024-06-19,2024-06-21,2,CUST-3250,Small Business,West,Colorado,Home & Kitchen,Decor,Yankee Candle Set,33.95,2,0,0.0,21.03,67.9,19.85,28.2,Online,PayPal,3,0
ORD-04454,2024-09-11,2024-09-13,2,CUST-1481,Corporate,Northeast,New York,Home & Kitchen,Storage,Sterilite Cart,39.18,2,5,3.92,22.55,74.44,21.84,30.76,Online,Apple Pay,4,0
ORD-04455,2024-01-16,2024-01-21,5,CUST-1886,Consumer,Midwest,Wisconsin,Clothing,Women's Apparel,Lululemon Tank,65.7,2,0,0.0,6.89,131.4,46.8,37.8,In-Store,PayPal,2,0
ORD-04456,2023-02-02,2023-02-07,5,CUST-2225,Consumer,Midwest,Michigan,Electronics,Laptops,Lenovo ThinkPad E15,715.51,1,0,0.0,16.74,715.51,499.83,215.68,In-Store,PayPal,4,0
ORD-04457,2024-10-17,2024-10-24,7,CUST-2884,Consumer,West,Washington,Home & Kitchen,Storage,Sterilite Cart,40.94,1,20,8.19,22.24,32.75,23.53,9.22,Online,Credit Card,3,0
ORD-04458,2023-12-11,2023-12-12,1,CUST-3023,Consumer,Midwest,Illinois,Office Supplies,Desks & Chairs,Autonomous SmartDesk,440.75,3,25,330.56,10.91,991.69,298.06,97.51,Online,PayPal,5,0
ORD-04459,2023-12-28,2024-01-01,4,CUST-1805,Consumer,Midwest,Indiana,Clothing,Women's Apparel,North Face Fleece,98.03,1,0,0.0,13.26,98.03,64.43,33.6,Online,Apple Pay,4,0
ORD-04460,2023-06-22,2023-06-24,2,CUST-1262,Consumer,Northeast,Massachusetts,Sports & Outdoors,Running,Brooks Ghost 15,138.31,1,5,6.92,8.99,131.39,100.94,30.45,Mobile App,PayPal,2,0
ORD-04461,2023-12-02,2023-12-03,1,CUST-3139,Consumer,Southwest,Utah,Clothing,Accessories,Ray-Ban Aviators,166.32,1,15,24.95,11.11,141.37,102.76,38.61,In-Store,Gift Card,5,0
ORD-04462,2023-05-14,2023-05-15,1,CUST-1643,Consumer,Northeast,Connecticut,Clothing,Women's Apparel,Lululemon Tank,71.34,1,0,0.0,17.43,71.34,42.9,28.44,Mobile App,Debit Card,5,0
ORD-04463,2023-12-13,2023-12-14,1,CUST-3207,Consumer,Northeast,New York,Sports & Outdoors,Camping Gear,Coleman Tent 4P,130.6,3,0,0.0,10.14,391.8,97.79,98.43,Mobile App,Apple Pay,5,0
ORD-04464,2024-04-03,2024-04-10,7,CUST-3125,Corporate,Northeast,Pennsylvania,Home & Kitchen,Storage,Container Store Bins,24.19,1,5,1.21,16.48,22.98,14.9,8.08,Online,Credit Card,5,0
ORD-04465,2024-12-20,2024-12-27,7,CUST-2536,Consumer,Northeast,New Jersey,Electronics,Tablets,iPad 10th Gen,466.66,4,0,0.0,9.86,1866.64,273.74,771.68,Online,Credit Card,5,0
ORD-04466,2023-06-25,2023-06-26,1,CUST-1251,Corporate,Southeast,North Carolina,Home & Kitchen,Decor,Pottery Barn Throw Pillow,50.1,2,0,0.0,0.0,100.2,28.83,42.54,Online,Gift Card,5,0
ORD-04467,2023-11-11,2023-11-13,2,CUST-1923,Corporate,West,Washington,Sports & Outdoors,Cycling,Garmin Edge 530,314.21,1,10,31.42,15.26,282.79,225.29,57.5,Mobile App,PayPal,5,0
ORD-04468,2023-03-23,2023-03-27,4,CUST-1110,Consumer,Southeast,Virginia,Clothing,Accessories,Ray-Ban Aviators,160.56,4,10,64.22,0.0,578.02,102.79,166.86,Online,Debit Card,5,0
ORD-04469,2024-03-09,2024-03-13,4,CUST-1424,Consumer,Northeast,Massachusetts,Office Supplies,Organizers,Pendaflex Folders,15.2,1,5,0.76,7.02,14.44,8.4,6.04,Mobile App,Gift Card,2,0
ORD-04470,2024-03-20,2024-03-23,3,CUST-3127,Consumer,Southwest,New Mexico,Clothing,Activewear,Puma Track Pants,48.01,1,25,12.0,19.46,36.01,27.46,8.55,In-Store,Debit Card,5,0
ORD-04471,2023-04-22,2023-04-23,1,CUST-3105,Corporate,Northeast,New York,Sports & Outdoors,Team Sports,Adidas Soccer Ball,24.19,4,25,24.19,20.92,72.57,17.41,2.93,Mobile App,Credit Card,5,0
ORD-04472,2024-04-08,2024-04-14,6,CUST-2491,Consumer,Midwest,Indiana,Sports & Outdoors,Running,Garmin Forerunner 55,201.62,1,0,0.0,24.02,201.62,112.7,88.92,In-Store,Apple Pay,3,1
ORD-04473,2024-05-08,2024-05-12,4,CUST-1376,Consumer,Northeast,Connecticut,Office Supplies,Printers,Brother Inkjet,147.31,4,0,0.0,0.0,589.24,100.48,187.32,Mobile App,Gift Card,4,0
ORD-04474,2023-01-18,2023-01-22,4,CUST-1836,Corporate,Southwest,New Mexico,Sports & Outdoors,Running,Garmin Forerunner 55,190.8,3,20,114.48,9.58,457.92,125.63,81.03,In-Store,Apple Pay,5,0
ORD-04475,2023-03-14,2023-03-18,4,CUST-1942,Corporate,West,Arizona,Office Supplies,Paper Products,Post-it Notes Bulk,20.02,1,0,0.0,15.81,20.02,13.06,6.96,In-Store,PayPal,4,0
ORD-04476,2023-08-16,2023-08-23,7,CUST-3054,Corporate,Midwest,Indiana,Clothing,Women's Apparel,Lululemon Tank,65.6,3,15,29.52,17.26,167.28,38.91,50.55,Online,Apple Pay,4,0
ORD-04477,2024-03-04,2024-03-09,5,CUST-1332,Corporate,Northeast,New York,Electronics,Smartphones,iPhone SE,430.01,1,5,21.5,12.53,408.51,275.39,133.12,Mobile App,Debit Card,3,0
ORD-04478,2024-06-09,2024-06-10,1,CUST-2652,Consumer,Northeast,Massachusetts,Home & Kitchen,Cookware,All-Clad Pan Set,262.14,5,0,0.0,23.14,1310.7,145.67,582.35,Online,Gift Card,2,0
ORD-04479,2023-08-02,2023-08-08,6,CUST-1296,Small Business,Northeast,New Jersey,Office Supplies,Stationery,Pilot G2 Pen Pack,12.78,3,15,5.75,20.89,32.59,8.5,7.09,Online,Debit Card,4,0
ORD-04480,2023-08-27,2023-08-28,1,CUST-1005,Consumer,Northeast,New Jersey,Office Supplies,Desks & Chairs,Herman Miller Aeron,1304.1,2,15,391.23,19.99,2216.97,930.04,356.89,Online,Debit Card,4,0
ORD-04481,2023-08-27,2023-08-30,3,CUST-3266,Corporate,Midwest,Michigan,Office Supplies,Paper Products,Moleskine Notebook,14.52,1,25,3.63,9.08,10.89,10.22,0.67,Online,Gift Card,3,0
ORD-04482,2024-11-08,2024-11-15,7,CUST-1876,Small Business,West,Washington,Clothing,Footwear,Adidas Ultraboost,176.12,1,10,17.61,18.33,158.51,116.21,42.3,Mobile App,PayPal,2,0
ORD-04483,2023-07-19,2023-07-22,3,CUST-3448,Consumer,Southeast,North Carolina,Home & Kitchen,Cookware,Lodge Cast Iron Skillet,29.41,1,0,0.0,12.4,29.41,17.94,11.47,In-Store,Debit Card,3,0
ORD-04484,2024-01-24,2024-01-31,7,CUST-2154,Corporate,Northeast,New Jersey,Clothing,Men's Apparel,Columbia Jacket,86.87,1,15,13.03,5.17,73.84,64.48,9.36,Online,PayPal,1,1
ORD-04485,2023-07-24,2023-07-28,4,CUST-2713,Corporate,Northeast,Connecticut,Clothing,Footwear,Nike Air Max 90,131.13,2,5,13.11,15.99,249.15,88.21,72.73,Online,Apple Pay,4,0
ORD-04486,2023-10-22,2023-10-24,2,CUST-2978,Consumer,Northeast,Connecticut,Home & Kitchen,Appliances,Keurig K-Slim,109.55,1,0,0.0,24.56,109.55,78.02,31.53,Online,Gift Card,2,0
ORD-04487,2024-07-26,2024-07-28,2,CUST-2555,Corporate,Southeast,Florida,Office Supplies,Stationery,Sharpie Marker Set,17.8,1,5,0.89,6.57,16.91,11.0,5.91,In-Store,Gift Card,4,0
ORD-04488,2024-08-06,2024-08-08,2,CUST-3294,Consumer,Midwest,Michigan,Home & Kitchen,Furniture,Wayfair Sofa,514.58,3,0,0.0,22.64,1543.74,298.58,648.0,Online,Apple Pay,5,0
ORD-04489,2024-11-25,2024-11-26,1,CUST-3110,Consumer,Northeast,Massachusetts,Home & Kitchen,Decor,Pottery Barn Throw Pillow,49.07,2,15,14.72,0.0,83.42,30.63,22.16,Mobile App,PayPal,4,0
ORD-04490,2023-08-10,2023-08-15,5,CUST-2129,Consumer,Southwest,Utah,Clothing,Men's Apparel,Nike Dri-FIT Tee,34.5,1,10,3.45,7.75,31.05,21.88,9.17,Online,Debit Card,2,0
ORD-04491,2024-10-23,2024-10-28,5,CUST-3103,Consumer,Southwest,New Mexico,Sports & Outdoors,Cycling,Bell Helmet,52.41,2,5,5.24,5.24,99.58,37.09,25.4,In-Store,Apple Pay,3,0
ORD-04492,2024-11-18,2024-11-23,5,CUST-1362,Consumer,Southwest,Utah,Electronics,Headphones,Bose QC45,278.24,1,10,27.82,21.69,250.42,200.28,50.14,Mobile App,Credit Card,2,0
ORD-04493,2024-06-21,2024-06-28,7,CUST-1097,Consumer,Southeast,Virginia,Home & Kitchen,Decor,Yankee Candle Set,33.43,3,20,20.06,22.3,80.23,24.53,6.64,In-Store,Apple Pay,3,0
ORD-04494,2023-06-20,2023-06-21,1,CUST-2262,Consumer,Northeast,New York,Office Supplies,Paper Products,Moleskine Notebook,15.67,1,0,0.0,11.32,15.67,11.11,4.56,Mobile App,PayPal,5,0
ORD-04495,2023-01-01,2023-01-02,1,CUST-1080,Small Business,Southwest,Texas,Office Supplies,Desks & Chairs,Autonomous SmartDesk,441.14,1,20,88.23,11.06,352.91,256.85,96.06,Online,Apple Pay,5,0
ORD-04496,2023-11-23,2023-11-26,3,CUST-1005,Consumer,Northeast,New Jersey,Clothing,Men's Apparel,Levi's 501 Jeans,58.03,1,10,5.8,16.58,52.23,37.75,14.48,Mobile App,PayPal,5,0
ORD-04497,2024-11-15,2024-11-16,1,CUST-3378,Small Business,Southwest,Nevada,Home & Kitchen,Storage,ClosetMaid Organizer,72.25,2,25,36.12,5.07,108.38,51.37,5.64,Mobile App,Apple Pay,5,0
ORD-04498,2024-10-19,2024-10-21,2,CUST-3076,Consumer,Northeast,New York,Home & Kitchen,Storage,ClosetMaid Organizer,67.4,2,5,6.74,19.03,128.06,42.1,43.86,Mobile App,Debit Card,5,0
ORD-04499,2023-05-06,2023-05-07,1,CUST-2906,Corporate,Midwest,Michigan,Electronics,Headphones,Bose QC45,293.9,2,0,0.0,8.78,587.8,182.22,223.36,Online,Credit Card,3,0
ORD-04500,2023-09-29,2023-10-05,6,CUST-3241,Consumer,Midwest,Wisconsin,Sports & Outdoors,Running,Garmin Forerunner 55,207.42,1,10,20.74,21.93,186.68,121.29,65.39,Online,Apple Pay,3,0
ORD-04501,2024-12-24,2024-12-30,6,CUST-1589,Consumer,West,Colorado,Electronics,Headphones,Bose QC45,291.38,2,5,29.14,16.86,553.62,180.25,193.12,In-Store,Credit Card,3,0
ORD-04502,2024-05-24,2024-05-30,6,CUST-1023,Small Business,Southeast,Virginia,Office Supplies,Organizers,AmazonBasics File Cabinet,86.47,3,0,0.0,0.0,259.41,52.52,101.85,In-Store,Gift Card,5,0
ORD-04503,2024-10-30,2024-11-02,3,CUST-1500,Consumer,Northeast,Connecticut,Sports & Outdoors,Team Sports,Rawlings Baseball Glove,48.91,2,5,4.89,11.52,92.93,27.93,37.07,Online,Apple Pay,5,0
ORD-04504,2024-09-23,2024-09-28,5,CUST-1348,Consumer,West,Washington,Home & Kitchen,Decor,Wall Art Canvas,61.05,2,15,18.32,18.71,103.78,40.23,23.32,Online,Apple Pay,5,1
ORD-04505,2023-06-20,2023-06-22,2,CUST-2172,Consumer,Southeast,North Carolina,Sports & Outdoors,Team Sports,Wilson Basketball,30.56,3,10,9.17,10.37,82.51,21.43,18.22,In-Store,Apple Pay,3,0
ORD-04506,2023-02-17,2023-02-20,3,CUST-1349,Corporate,West,Washington,Home & Kitchen,Furniture,West Elm Desk,333.81,2,5,33.38,20.79,634.24,224.89,184.46,Online,PayPal,4,0
ORD-04507,2023-03-24,2023-03-28,4,CUST-2391,Consumer,Southwest,Oklahoma,Electronics,Headphones,AirPods Pro 2,255.1,1,0,0.0,23.21,255.1,184.28,70.82,In-Store,PayPal,1,1
ORD-04508,2024-09-06,2024-09-09,3,CUST-3105,Consumer,West,Arizona,Sports & Outdoors,Cycling,Bell Helmet,50.09,2,20,20.04,19.71,80.14,35.42,9.3,Mobile App,Debit Card,4,0
ORD-04509,2024-05-07,2024-05-13,6,CUST-2540,Consumer,Southeast,Georgia,Clothing,Women's Apparel,Lululemon Tank,68.84,3,20,41.3,17.47,165.22,46.72,25.06,Online,PayPal,4,0
ORD-04510,2024-06-18,2024-06-19,1,CUST-1599,Consumer,West,Oregon,Electronics,Laptops,Lenovo ThinkPad E15,733.84,1,5,36.69,16.45,697.15,505.97,191.18,Mobile App,Credit Card,2,0
ORD-04511,2024-06-18,2024-06-24,6,CUST-2960,Corporate,Northeast,New York,Home & Kitchen,Cookware,All-Clad Pan Set,252.34,1,0,0.0,0.0,252.34,168.25,84.09,In-Store,Apple Pay,1,1
ORD-04512,2023-02-08,2023-02-14,6,CUST-2026,Corporate,Southwest,Utah,Clothing,Women's Apparel,Adidas Yoga Pants,56.56,1,20,11.31,7.0,45.25,35.78,9.47,In-Store,PayPal,5,0
ORD-04513,2024-05-11,2024-05-14,3,CUST-2665,Consumer,Midwest,Indiana,Office Supplies,Organizers,Bankers Box Set,25.22,1,20,5.04,7.54,20.18,18.13,2.05,Online,Credit Card,5,0
ORD-04514,2024-10-04,2024-10-07,3,CUST-1942,Consumer,West,Oregon,Electronics,Monitors,ASUS ProArt 27,435.0,1,0,0.0,23.91,435.0,257.65,177.35,Online,PayPal,3,0
ORD-04515,2024-02-02,2024-02-06,4,CUST-2026,Small Business,West,Washington,Home & Kitchen,Furniture,IKEA Kallax Shelf,86.6,1,25,21.65,15.53,64.95,50.86,14.09,Online,Apple Pay,4,0
ORD-04516,2023-01-10,2023-01-11,1,CUST-2735,Corporate,Northeast,Connecticut,Clothing,Footwear,Adidas Ultraboost,181.63,2,5,18.16,16.47,345.1,128.57,87.96,Online,Debit Card,5,1
ORD-04517,2024-09-06,2024-09-08,2,CUST-2642,Consumer,Southwest,Nevada,Electronics,Monitors,LG 27-inch 4K,348.51,1,0,0.0,5.12,348.51,257.98,90.53,In-Store,Credit Card,2,0
ORD-04518,2023-10-21,2023-10-23,2,CUST-3073,Small Business,Northeast,New Jersey,Office Supplies,Desks & Chairs,Herman Miller Aeron,1253.39,1,0,0.0,10.21,1253.39,712.31,541.08,Mobile App,Gift Card,5,0
ORD-04519,2024-06-11,2024-06-14,3,CUST-3119,Small Business,West,Colorado,Office Supplies,Paper Products,Post-it Notes Bulk,19.5,3,25,14.62,0.0,43.88,10.89,11.21,Online,Gift Card,4,0
ORD-04520,2024-08-01,2024-08-05,4,CUST-1864,Consumer,Southeast,Virginia,Clothing,Men's Apparel,Nike Dri-FIT Tee,34.56,3,0,0.0,0.0,103.68,19.98,43.74,Online,PayPal,5,0
ORD-04521,2024-08-30,2024-09-01,2,CUST-1711,Consumer,Northeast,Massachusetts,Office Supplies,Stationery,Pilot G2 Pen Pack,13.57,4,10,5.43,23.0,48.85,9.38,11.33,In-Store,Gift Card,5,0
ORD-04522,2024-07-05,2024-07-07,2,CUST-1809,Consumer,West,Washington,Electronics,Smartphones,Samsung Galaxy A54,364.25,5,15,273.19,20.86,1548.06,264.15,227.31,Online,PayPal,5,0
ORD-04523,2023-12-28,2024-01-02,5,CUST-3498,Small Business,Southwest,Oklahoma,Office Supplies,Stationery,Staedtler Pencil Set,9.8,1,5,0.49,0.0,9.31,6.23,3.08,Online,PayPal,5,0
ORD-04524,2024-01-17,2024-01-24,7,CUST-2301,Consumer,Northeast,Connecticut,Electronics,Headphones,Sony WH-1000XM5,292.32,1,0,0.0,17.73,292.32,175.5,116.82,Online,Debit Card,2,0
ORD-04525,2024-03-15,2024-03-16,1,CUST-2583,Consumer,Southwest,Utah,Sports & Outdoors,Running,Brooks Ghost 15,135.62,2,0,0.0,9.49,271.24,84.7,101.84,Mobile App,Credit Card,3,0
ORD-04526,2023-06-21,2023-06-28,7,CUST-3039,Consumer,Midwest,Indiana,Electronics,Monitors,Dell 24-inch FHD,195.55,3,0,0.0,24.41,586.65,126.2,208.05,Online,PayPal,1,1
ORD-04527,2023-01-30,2023-02-06,7,CUST-3327,Consumer,Northeast,New Jersey,Sports & Outdoors,Camping Gear,Coleman Tent 4P,135.34,5,10,67.67,19.02,609.03,91.43,151.88,Online,Gift Card,3,0
ORD-04528,2024-09-08,2024-09-12,4,CUST-1061,Small Business,Northeast,Pennsylvania,Office Supplies,Organizers,Bankers Box Set,23.94,1,0,0.0,9.3,23.94,15.09,8.85,Mobile App,Apple Pay,2,0
ORD-04529,2024-03-05,2024-03-09,4,CUST-1418,Consumer,Midwest,Illinois,Sports & Outdoors,Running,Nathan Hydration Vest,67.29,1,0,0.0,20.82,67.29,38.74,28.55,Mobile App,Apple Pay,5,0
ORD-04530,2024-01-24,2024-01-25,1,CUST-1621,Small Business,Northeast,New Jersey,Home & Kitchen,Decor,Wall Art Canvas,59.35,1,10,5.93,5.75,53.42,35.08,18.34,Mobile App,PayPal,5,0
ORD-04531,2024-07-28,2024-08-02,5,CUST-3260,Consumer,Northeast,New York,Electronics,Monitors,Dell 24-inch FHD,200.61,1,0,0.0,12.17,200.61,132.54,68.07,In-Store,Credit Card,4,0
ORD-04532,2024-12-02,2024-12-08,6,CUST-1820,Corporate,Northeast,Massachusetts,Electronics,Monitors,ASUS ProArt 27,441.73,2,25,220.87,9.02,662.59,248.52,165.55,Online,Apple Pay,2,1
ORD-04533,2024-11-02,2024-11-04,2,CUST-2176,Corporate,Southeast,Virginia,Home & Kitchen,Decor,Wall Art Canvas,58.07,1,15,8.71,16.07,49.36,38.82,10.54,Online,PayPal,3,0
ORD-04534,2024-03-07,2024-03-12,5,CUST-1295,Corporate,Southwest,Nevada,Sports & Outdoors,Fitness Equipment,Bowflex Dumbbells,355.96,2,15,106.79,17.49,605.13,255.95,93.23,In-Store,PayPal,4,0
ORD-04535,2024-02-20,2024-02-22,2,CUST-2385,Consumer,Southwest,Oklahoma,Office Supplies,Printers,Epson EcoTank,192.25,1,0,0.0,5.35,192.25,125.98,66.27,Online,PayPal,4,0
ORD-04536,2023-01-13,2023-01-18,5,CUST-2236,Small Business,Northeast,Massachusetts,Clothing,Activewear,Reebok Sports Bra,35.72,1,0,0.0,6.17,35.72,24.92,10.8,Mobile App,PayPal,2,0
ORD-04537,2023-07-22,2023-07-29,7,CUST-2904,Corporate,West,Washington,Clothing,Men's Apparel,Nike Dri-FIT Tee,34.86,1,25,8.71,8.74,26.15,25.09,1.06,In-Store,Credit Card,1,1
ORD-04538,2024-10-26,2024-10-30,4,CUST-2461,Consumer,Southeast,Florida,Clothing,Footwear,Adidas Ultraboost,181.46,1,10,18.15,6.18,163.31,122.56,40.75,Online,PayPal,4,0
ORD-04539,2023-04-22,2023-04-28,6,CUST-2358,Consumer,Southeast,Tennessee,Office Supplies,Organizers,AmazonBasics File Cabinet,93.83,1,5,4.69,17.32,89.14,68.35,20.79,Online,Gift Card,4,0
ORD-04540,2024-06-13,2024-06-15,2,CUST-1100,Corporate,Southeast,Tennessee,Electronics,Headphones,AirPods Pro 2,244.13,1,0,0.0,9.46,244.13,161.72,82.41,Online,Apple Pay,5,0
ORD-04541,2023-09-17,2023-09-24,7,CUST-1560,Consumer,West,California,Electronics,Laptops,Lenovo ThinkPad E15,774.2,1,5,38.71,8.74,735.49,493.38,242.11,Online,Apple Pay,2,1
ORD-04542,2024-06-11,2024-06-18,7,CUST-3027,Consumer,Southwest,Utah,Home & Kitchen,Cookware,Lodge Cast Iron Skillet,30.44,1,5,1.52,23.15,28.92,19.3,9.62,Online,Gift Card,3,0
ORD-04543,2024-06-28,2024-06-30,2,CUST-2744,Consumer,Southwest,New Mexico,Home & Kitchen,Storage,ClosetMaid Organizer,72.18,3,0,0.0,18.36,216.54,53.76,55.26,Online,Apple Pay,3,0
ORD-04544,2024-02-22,2024-02-23,1,CUST-2612,Corporate,Southeast,Virginia,Clothing,Footwear,New Balance 574,88.7,2,5,8.87,20.29,168.53,58.19,52.15,Mobile App,Gift Card,5,0
ORD-04545,2024-03-14,2024-03-17,3,CUST-2559,Small Business,Midwest,Illinois,Home & Kitchen,Decor,Wall Art Canvas,60.79,2,20,24.32,16.46,97.26,38.77,19.72,Mobile App,Apple Pay,4,0
ORD-04546,2024-07-28,2024-07-29,1,CUST-3369,Small Business,Northeast,New York,Electronics,Smartphones,iPhone SE,412.57,1,15,61.89,20.07,350.68,265.29,85.39,Mobile App,PayPal,5,0
ORD-04547,2023-05-23,2023-05-26,3,CUST-3367,Corporate,West,Washington,Clothing,Footwear,New Balance 574,86.25,1,15,12.94,6.2,73.31,57.82,15.49,Online,Gift Card,5,0
ORD-04548,2023-10-19,2023-10-24,5,CUST-1715,Consumer,Northeast,Connecticut,Sports & Outdoors,Cycling,Garmin Edge 530,309.66,1,15,46.45,9.27,263.21,173.03,90.18,Mobile App,Debit Card,2,1
ORD-04549,2023-04-19,2023-04-26,7,CUST-3279,Corporate,Midwest,Illinois,Sports & Outdoors,Running,Nathan Hydration Vest,72.01,2,5,7.2,16.51,136.82,47.16,42.5,Online,Gift Card,4,0
ORD-04550,2023-07-21,2023-07-26,5,CUST-2809,Consumer,Midwest,Indiana,Office Supplies,Desks & Chairs,FlexiSpot Standing Desk,374.49,1,10,37.45,13.66,337.04,219.11,117.93,Online,Credit Card,2,0
ORD-04551,2024-09-22,2024-09-29,7,CUST-3020,Consumer,Midwest,Illinois,Sports & Outdoors,Running,Brooks Ghost 15,146.1,1,0,0.0,24.3,146.1,81.48,64.62,Online,Apple Pay,2,0
ORD-04552,2024-06-10,2024-06-12,2,CUST-3234,Corporate,Northeast,New York,Clothing,Accessories,Coach Wallet,83.12,2,0,0.0,18.95,166.24,57.4,51.44,Online,Gift Card,4,0
ORD-04553,2024-10-28,2024-11-01,4,CUST-2018,Consumer,West,Oregon,Electronics,Tablets,Samsung Galaxy Tab S6,337.23,1,5,16.86,15.96,320.37,220.39,99.98,Online,Gift Card,4,0
ORD-04554,2023-07-21,2023-07-23,2,CUST-2208,Consumer,Southeast,Virginia,Electronics,Headphones,Bose QC45,279.34,2,20,111.74,8.13,446.94,156.75,133.44,In-Store,Credit Card,5,0
ORD-04555,2024-04-08,2024-04-10,2,CUST-2683,Consumer,Northeast,New York,Sports & Outdoors,Team Sports,Rawlings Baseball Glove,50.07,1,5,2.5,13.25,47.57,32.89,14.68,In-Store,Gift Card,4,0
ORD-04556,2024-06-30,2024-07-07,7,CUST-1784,Consumer,Southeast,North Carolina,Electronics,Smartphones,Samsung Galaxy A54,348.91,1,10,34.89,7.55,314.02,197.45,116.57,Mobile App,Gift Card,5,0
ORD-04557,2024-02-20,2024-02-21,1,CUST-1304,Corporate,Midwest,Ohio,Office Supplies,Desks & Chairs,FlexiSpot Standing Desk,375.69,1,0,0.0,10.72,375.69,252.01,123.68,In-Store,PayPal,4,0
ORD-04558,2023-07-18,2023-07-24,6,CUST-1862,Corporate,West,Arizona,Office Supplies,Organizers,Bankers Box Set,25.81,2,10,5.16,0.0,46.46,14.72,17.02,Online,Apple Pay,1,0
ORD-04559,2023-10-24,2023-10-26,2,CUST-3178,Corporate,Northeast,New York,Sports & Outdoors,Running,Garmin Forerunner 55,192.3,1,20,38.46,17.22,153.84,114.83,39.01,In-Store,Gift Card,5,0
ORD-04560,2024-05-08,2024-05-14,6,CUST-2701,Consumer,Midwest,Wisconsin,Sports & Outdoors,Camping Gear,Yeti Cooler,245.24,1,5,12.26,9.22,232.98,166.21,66.77,In-Store,Debit Card,4,0
ORD-04561,2023-09-05,2023-09-12,7,CUST-3037,Small Business,Southwest,Texas,Electronics,Monitors,ASUS ProArt 27,416.69,2,20,166.68,23.99,666.7,297.74,71.22,Online,Credit Card,3,0
ORD-04562,2023-03-20,2023-03-27,7,CUST-2993,Consumer,Midwest,Ohio,Home & Kitchen,Appliances,Instant Pot Duo 7-in-1,92.4,5,25,115.5,0.0,346.5,59.13,50.85,Online,Apple Pay,3,0
ORD-04563,2024-06-09,2024-06-15,6,CUST-3310,Consumer,Northeast,New Jersey,Office Supplies,Organizers,Pendaflex Folders,14.56,3,0,0.0,7.59,43.68,8.69,17.61,Mobile App,Gift Card,2,1
ORD-04564,2024-05-17,2024-05-18,1,CUST-3413,Consumer,West,Washington,Sports & Outdoors,Fitness Equipment,Bowflex Dumbbells,367.46,1,25,91.86,21.75,275.6,269.99,5.61,Mobile App,Debit Card,4,0
ORD-04565,2024-04-04,2024-04-10,6,CUST-2784,Small Business,Southwest,Nevada,Home & Kitchen,Cookware,Cuisinart Knife Set,81.08,1,15,12.16,23.48,68.92,51.54,17.38,Online,Debit Card,3,0
ORD-04566,2024-02-16,2024-02-18,2,CUST-1918,Corporate,Northeast,Massachusetts,Office Supplies,Paper Products,HP Printer Paper 5-Ream,29.78,1,15,4.47,0.0,25.31,19.26,6.05,In-Store,Gift Card,5,0
ORD-04567,2023-07-25,2023-08-01,7,CUST-1396,Consumer,Midwest,Indiana,Home & Kitchen,Cookware,All-Clad Pan Set,241.27,1,15,36.19,10.16,205.08,144.51,60.57,In-Store,Apple Pay,1,0
ORD-04568,2023-01-28,2023-01-31,3,CUST-2540,Consumer,Midwest,Ohio,Office Supplies,Stationery,Staedtler Pencil Set,9.62,4,0,0.0,6.19,38.48,6.54,12.32,In-Store,PayPal,5,0
ORD-04569,2023-08-31,2023-09-01,1,CUST-1090,Corporate,Northeast,Pennsylvania,Clothing,Footwear,New Balance 574,88.78,2,5,8.88,0.0,168.68,65.77,37.14,Mobile App,Credit Card,2,0
ORD-04570,2024-11-11,2024-11-15,4,CUST-2041,Corporate,Southwest,Utah,Electronics,Monitors,ASUS ProArt 27,417.18,1,0,0.0,24.85,417.18,284.79,132.39,Mobile App,Credit Card,4,0
ORD-04571,2024-05-29,2024-06-04,6,CUST-3351,Consumer,Midwest,Indiana,Home & Kitchen,Storage,ClosetMaid Organizer,68.93,1,10,6.89,0.0,62.04,44.39,17.65,Mobile App,Apple Pay,3,0
ORD-04572,2024-06-25,2024-06-29,4,CUST-1332,Consumer,West,Colorado,Home & Kitchen,Cookware,All-Clad Pan Set,258.55,3,0,0.0,7.77,775.65,155.99,307.68,Online,Gift Card,5,0
ORD-04573,2024-11-04,2024-11-06,2,CUST-3164,Consumer,Northeast,New York,Clothing,Men's Apparel,Levi's 501 Jeans,62.48,1,5,3.12,5.01,59.36,45.96,13.4,Online,Gift Card,5,0
ORD-04574,2023-06-17,2023-06-18,1,CUST-3125,Consumer,Northeast,Pennsylvania,Clothing,Activewear,Puma Track Pants,47.62,1,10,4.76,23.79,42.86,33.48,9.38,Mobile App,Debit Card,5,0
ORD-04575,2024-06-27,2024-06-29,2,CUST-2627,Consumer,Northeast,Pennsylvania,Home & Kitchen,Decor,Wall Art Canvas,59.31,3,5,8.9,0.0,169.03,35.0,64.03,Mobile App,Gift Card,5,0
ORD-04576,2023-01-02,2023-01-08,6,CUST-1870,Consumer,Northeast,New York,Electronics,Tablets,Amazon Fire HD 10,147.88,1,5,7.39,20.75,140.49,85.59,54.9,Online,PayPal,2,1
ORD-04577,2023-07-26,2023-08-01,6,CUST-1132,Small Business,Southeast,Florida,Electronics,Monitors,LG 27-inch 4K,337.29,1,0,0.0,13.07,337.29,220.63,116.66,Online,PayPal,1,1
ORD-04578,2023-04-07,2023-04-11,4,CUST-3019,Consumer,Midwest,Indiana,Home & Kitchen,Furniture,West Elm Desk,364.92,1,20,72.98,24.86,291.94,231.7,60.24,Online,PayPal,3,0
ORD-04579,2023-03-28,2023-04-02,5,CUST-2957,Small Business,Midwest,Ohio,Home & Kitchen,Decor,Wall Art Canvas,57.7,3,0,0.0,11.92,173.1,39.48,54.66,Mobile App,Apple Pay,1,0
ORD-04580,2023-01-01,2023-01-06,5,CUST-1194,Small Business,Southeast,North Carolina,Clothing,Accessories,Fossil Watch,124.58,1,15,18.69,14.23,105.89,88.21,17.68,Online,Credit Card,2,1
ORD-04581,2023-06-08,2023-06-10,2,CUST-3161,Consumer,Northeast,Massachusetts,Office Supplies,Paper Products,Moleskine Notebook,14.94,2,10,2.99,7.45,26.89,9.58,7.73,Mobile App,Debit Card,5,0
ORD-04582,2024-06-11,2024-06-17,6,CUST-2184,Consumer,Northeast,Pennsylvania,Electronics,Laptops,HP Pavilion x360,628.45,2,15,188.53,22.55,1068.37,346.75,374.87,Mobile App,PayPal,3,0
ORD-04583,2023-10-17,2023-10-24,7,CUST-1348,Small Business,Southeast,Georgia,Clothing,Women's Apparel,Adidas Yoga Pants,53.63,1,10,5.36,6.4,48.27,29.85,18.42,Online,Gift Card,2,1
ORD-04584,2024-12-31,2025-01-02,2,CUST-1923,Corporate,Midwest,Illinois,Electronics,Headphones,Bose QC45,291.09,1,0,0.0,7.19,291.09,181.88,109.21,In-Store,Credit Card,4,1
ORD-04585,2023-02-04,2023-02-09,5,CUST-2686,Consumer,Northeast,New York,Clothing,Men's Apparel,Nike Dri-FIT Tee,34.77,1,0,0.0,24.1,34.77,25.42,9.35,In-Store,Debit Card,3,0
ORD-04586,2023-10-05,2023-10-07,2,CUST-2208,Consumer,Northeast,Connecticut,Sports & Outdoors,Camping Gear,Coleman Tent 4P,131.86,1,5,6.59,15.48,125.27,93.0,32.27,Online,Apple Pay,5,0
ORD-04587,2024-08-27,2024-08-30,3,CUST-2562,Corporate,Midwest,Ohio,Clothing,Footwear,New Balance 574,86.27,3,5,12.94,18.08,245.87,58.54,70.25,In-Store,Gift Card,4,0
ORD-04588,2024-01-22,2024-01-26,4,CUST-1799,Consumer,Midwest,Indiana,Sports & Outdoors,Fitness Equipment,Resistance Band Set,25.13,3,10,7.54,14.66,67.85,15.6,21.05,Mobile App,Gift Card,3,0
ORD-04589,2024-07-01,2024-07-04,3,CUST-1789,Consumer,Midwest,Illinois,Electronics,Laptops,HP Pavilion x360,650.96,2,0,0.0,22.87,1301.92,480.1,341.72,Online,Debit Card,3,0
ORD-04590,2024-11-26,2024-11-29,3,CUST-1834,Consumer,Northeast,Pennsylvania,Home & Kitchen,Decor,Wall Art Canvas,62.34,1,10,6.23,11.9,56.11,36.69,19.42,In-Store,Apple Pay,5,0
ORD-04591,2024-04-22,2024-04-29,7,CUST-2113,Small Business,Southeast,Virginia,Electronics,Monitors,LG 27-inch 4K,341.63,5,0,0.0,19.79,1708.15,232.21,547.1,Online,Apple Pay,4,0
ORD-04592,2024-08-13,2024-08-20,7,CUST-1270,Small Business,Southeast,Tennessee,Office Supplies,Organizers,AmazonBasics File Cabinet,90.57,3,5,13.59,15.13,258.12,50.6,106.32,Mobile App,Gift Card,1,1
ORD-04593,2023-04-20,2023-04-26,6,CUST-3150,Small Business,Midwest,Illinois,Home & Kitchen,Storage,ClosetMaid Organizer,72.44,1,5,3.62,9.96,68.82,46.19,22.63,Mobile App,Credit Card,3,0
ORD-04594,2024-07-28,2024-08-03,6,CUST-1743,Corporate,Northeast,Connecticut,Office Supplies,Paper Products,Moleskine Notebook,14.98,1,10,1.5,17.52,13.48,10.63,2.85,In-Store,Apple Pay,5,0
ORD-04595,2024-09-19,2024-09-22,3,CUST-2460,Consumer,West,Washington,Office Supplies,Organizers,Pendaflex Folders,15.71,3,15,7.07,20.77,40.06,10.98,7.12,Mobile App,Apple Pay,4,0
ORD-04596,2024-01-17,2024-01-23,6,CUST-1820,Consumer,Midwest,Illinois,Clothing,Accessories,Ray-Ban Aviators,162.81,4,0,0.0,11.14,651.24,121.75,164.24,In-Store,PayPal,4,0
ORD-04597,2023-10-01,2023-10-04,3,CUST-3335,Consumer,West,Colorado,Home & Kitchen,Decor,Yankee Candle Set,33.62,1,0,0.0,10.02,33.62,23.03,10.59,Online,Apple Pay,2,0
ORD-04598,2023-04-11,2023-04-13,2,CUST-1547,Consumer,Northeast,New York,Electronics,Monitors,ASUS ProArt 27,423.32,1,0,0.0,14.96,423.32,272.57,150.75,In-Store,Debit Card,4,0
ORD-04599,2024-08-09,2024-08-14,5,CUST-1206,Corporate,Northeast,Pennsylvania,Home & Kitchen,Decor,Wall Art Canvas,57.52,2,0,0.0,9.21,115.04,33.28,48.48,Online,PayPal,4,0
ORD-04600,2024-07-23,2024-07-29,6,CUST-1828,Consumer,Midwest,Illinois,Clothing,Accessories,Coach Wallet,78.78,1,25,19.7,0.0,59.08,55.46,3.62,Online,PayPal,1,0
ORD-04601,2024-07-12,2024-07-18,6,CUST-1628,Consumer,Midwest,Michigan,Sports & Outdoors,Cycling,Garmin Edge 530,311.13,1,5,15.56,19.11,295.57,220.54,75.03,In-Store,Apple Pay,2,1
ORD-04602,2024-10-17,2024-10-22,5,CUST-3416,Small Business,Southwest,Utah,Home & Kitchen,Appliances,Keurig K-Slim,110.74,4,10,44.3,6.26,398.66,63.5,144.66,Mobile App,PayPal,3,0
ORD-04603,2023-10-09,2023-10-11,2,CUST-1930,Small Business,Southeast,Virginia,Clothing,Accessories,Ray-Ban Aviators,160.8,2,0,0.0,22.03,321.6,101.51,118.58,Online,Apple Pay,5,0
ORD-04604,2023-08-18,2023-08-22,4,CUST-1363,Small Business,Southeast,Georgia,Sports & Outdoors,Fitness Equipment,Peloton Bike Mat,62.74,1,15,9.41,14.37,53.33,43.86,9.47,In-Store,Debit Card,3,0
ORD-04605,2024-09-09,2024-09-16,7,CUST-2264,Corporate,West,Oregon,Electronics,Smartphones,Samsung Galaxy A54,366.81,2,10,73.36,16.01,660.26,203.25,253.76,In-Store,Credit Card,3,0
ORD-04606,2024-09-23,2024-09-28,5,CUST-1397,Consumer,West,Washington,Office Supplies,Organizers,Pendaflex Folders,14.62,1,0,0.0,17.21,14.62,8.88,5.74,Mobile App,Debit Card,4,0
ORD-04607,2023-04-20,2023-04-22,2,CUST-1059,Consumer,Northeast,Massachusetts,Sports & Outdoors,Fitness Equipment,Resistance Band Set,26.05,1,10,2.6,0.0,23.45,14.49,8.96,In-Store,Gift Card,4,1
ORD-04608,2024-08-17,2024-08-18,1,CUST-1332,Small Business,West,Oregon,Sports & Outdoors,Running,Garmin Forerunner 55,190.56,1,5,9.53,13.06,181.03,137.51,43.52,In-Store,Debit Card,3,0
ORD-04609,2023-03-21,2023-03-28,7,CUST-3339,Small Business,Southeast,Georgia,Office Supplies,Stationery,Staedtler Pencil Set,9.99,1,0,0.0,24.94,9.99,6.36,3.63,In-Store,Apple Pay,4,0
ORD-04610,2024-01-23,2024-01-29,6,CUST-1891,Consumer,Midwest,Wisconsin,Electronics,Laptops,Dell Inspiron 15,561.12,2,15,168.34,8.91,953.9,386.24,181.42,In-Store,Debit Card,3,0
ORD-04611,2024-02-24,2024-03-02,7,CUST-1976,Consumer,Southeast,Florida,Clothing,Men's Apparel,Columbia Jacket,94.34,1,5,4.72,7.73,89.62,60.47,29.15,Mobile App,Debit Card,4,0
ORD-04612,2024-08-21,2024-08-22,1,CUST-3479,Consumer,Northeast,New York,Sports & Outdoors,Fitness Equipment,Resistance Band Set,25.67,1,10,2.57,0.0,23.1,17.6,5.5,Mobile App,Debit Card,4,0
ORD-04613,2024-03-22,2024-03-29,7,CUST-2522,Consumer,West,Oregon,Home & Kitchen,Decor,Pottery Barn Throw Pillow,50.51,1,15,7.58,9.83,42.93,34.44,8.49,Online,Credit Card,1,0
ORD-04614,2024-04-10,2024-04-15,5,CUST-1810,Corporate,West,Washington,Sports & Outdoors,Team Sports,Rawlings Baseball Glove,48.22,1,10,4.82,7.59,43.4,27.61,15.79,In-Store,Gift Card,2,0
ORD-04615,2023-04-12,2023-04-17,5,CUST-3138,Corporate,Midwest,Illinois,Office Supplies,Printers,Brother Inkjet,151.07,4,5,30.21,11.28,574.07,88.46,220.23,Online,Apple Pay,3,0
ORD-04616,2023-11-24,2023-11-27,3,CUST-2020,Corporate,Southwest,New Mexico,Office Supplies,Desks & Chairs,FlexiSpot Standing Desk,378.25,2,5,37.83,7.23,718.67,267.82,183.03,Mobile App,Gift Card,4,0
ORD-04617,2023-12-22,2023-12-27,5,CUST-1855,Corporate,Midwest,Wisconsin,Electronics,Tablets,Amazon Fire HD 10,145.58,1,0,0.0,17.82,145.58,98.89,46.69,Online,Credit Card,3,0
ORD-04618,2024-06-28,2024-06-29,1,CUST-2399,Corporate,Northeast,New York,Electronics,Monitors,LG 27-inch 4K,357.74,2,10,71.55,9.06,643.93,244.19,155.55,Online,Apple Pay,4,0
ORD-04619,2024-05-23,2024-05-27,4,CUST-1019,Consumer,Southeast,Tennessee,Home & Kitchen,Appliances,Instant Pot Duo 7-in-1,86.26,2,10,17.25,0.0,155.27,58.08,39.11,Mobile App,Debit Card,2,0
ORD-04620,2023-05-12,2023-05-19,7,CUST-3348,Consumer,Southwest,New Mexico,Sports & Outdoors,Running,Nathan Hydration Vest,73.27,2,0,0.0,23.0,146.54,54.15,38.24,Mobile App,Debit Card,1,1
ORD-04621,2024-07-18,2024-07-25,7,CUST-1950,Corporate,West,Colorado,Sports & Outdoors,Team Sports,Rawlings Baseball Glove,49.3,1,0,0.0,23.0,49.3,32.1,17.2,In-Store,PayPal,4,0
ORD-04622,2023-01-07,2023-01-10,3,CUST-3209,Consumer,Midwest,Ohio,Sports & Outdoors,Camping Gear,Coleman Tent 4P,133.8,5,10,66.9,19.24,602.1,78.04,211.9,Online,Debit Card,4,0
ORD-04623,2023-05-04,2023-05-11,7,CUST-2890,Consumer,Southeast,Virginia,Clothing,Footwear,Adidas Ultraboost,182.7,3,20,109.62,24.59,438.48,116.16,90.0,In-Store,Apple Pay,3,0
ORD-04624,2023-01-28,2023-02-01,4,CUST-2554,Consumer,Southeast,Florida,Electronics,Smartphones,Samsung Galaxy A54,356.15,3,10,106.84,13.47,961.61,258.14,187.19,Online,Gift Card,3,0
ORD-04625,2024-06-24,2024-06-30,6,CUST-1131,Consumer,Southeast,North Carolina,Sports & Outdoors,Cycling,Bell Helmet,48.47,1,15,7.27,20.39,41.2,28.32,12.88,Online,Gift Card,4,0
ORD-04626,2024-05-18,2024-05-20,2,CUST-1689,Corporate,Northeast,Connecticut,Sports & Outdoors,Running,Brooks Ghost 15,138.99,2,0,0.0,0.0,277.98,94.54,88.9,Mobile App,Gift Card,2,1
ORD-04627,2024-03-31,2024-04-04,4,CUST-1777,Consumer,Northeast,Connecticut,Home & Kitchen,Decor,Yankee Candle Set,33.85,3,15,15.23,8.56,86.32,20.31,25.39,In-Store,Credit Card,3,0
ORD-04628,2023-01-01,2023-01-03,2,CUST-1079,Consumer,Midwest,Wisconsin,Home & Kitchen,Furniture,West Elm Desk,333.51,5,0,0.0,17.91,1667.55,217.85,578.3,Mobile App,PayPal,4,0
ORD-04629,2023-05-26,2023-05-28,2,CUST-1332,Consumer,Southeast,Tennessee,Electronics,Monitors,ASUS ProArt 27,421.92,1,0,0.0,11.93,421.92,277.3,144.62,Mobile App,Debit Card,4,0
ORD-04630,2023-12-25,2024-01-01,7,CUST-1771,Consumer,Southwest,Oklahoma,Sports & Outdoors,Running,Nathan Hydration Vest,72.99,1,25,18.25,21.89,54.74,41.25,13.49,Online,PayPal,2,1
ORD-04631,2024-08-23,2024-08-30,7,CUST-3459,Corporate,Southeast,Tennessee,Office Supplies,Desks & Chairs,Herman Miller Aeron,1275.76,2,0,0.0,21.59,2551.52,762.49,1026.54,Online,Apple Pay,4,0
ORD-04632,2024-01-13,2024-01-18,5,CUST-2626,Consumer,Northeast,Massachusetts,Electronics,Smartphones,Samsung Galaxy A54,350.81,4,0,0.0,10.23,1403.24,207.95,571.44,Online,Gift Card,2,1
ORD-04633,2024-10-16,2024-10-21,5,CUST-1695,Corporate,Southeast,Georgia,Clothing,Accessories,Coach Wallet,80.8,1,0,0.0,5.47,80.8,49.27,31.53,Mobile App,Debit Card,2,0
ORD-04634,2023-05-03,2023-05-07,4,CUST-2285,Consumer,Northeast,Connecticut,Sports & Outdoors,Camping Gear,Coleman Tent 4P,123.91,4,25,123.91,0.0,371.73,77.68,61.01,In-Store,PayPal,5,0
ORD-04635,2023-09-07,2023-09-13,6,CUST-1340,Consumer,Southeast,North Carolina,Electronics,Smartphones,iPhone SE,440.65,1,0,0.0,20.7,440.65,306.25,134.4,Online,PayPal,3,0
ORD-04636,2023-03-10,2023-03-11,1,CUST-2490,Consumer,Northeast,Massachusetts,Clothing,Accessories,Coach Wallet,80.59,1,5,4.03,5.75,76.56,58.87,17.69,In-Store,PayPal,4,0
ORD-04637,2024-03-16,2024-03-17,1,CUST-2457,Small Business,West,Oregon,Office Supplies,Organizers,Bankers Box Set,25.41,2,25,12.71,23.21,38.11,15.63,6.85,Online,Debit Card,5,0
ORD-04638,2024-12-30,2025-01-06,7,CUST-2302,Consumer,West,Washington,Sports & Outdoors,Fitness Equipment,Peloton Bike Mat,62.74,1,10,6.27,6.69,56.47,46.45,10.02,In-Store,PayPal,3,1
ORD-04639,2023-05-15,2023-05-20,5,CUST-2331,Consumer,Midwest,Ohio,Electronics,Tablets,iPad 10th Gen,446.0,4,5,89.2,12.49,1694.8,254.62,676.32,Online,PayPal,2,1
ORD-04640,2024-06-14,2024-06-16,2,CUST-2624,Corporate,Midwest,Michigan,Sports & Outdoors,Running,Garmin Forerunner 55,196.16,2,15,58.85,8.13,333.47,116.41,100.65,Mobile App,Debit Card,4,0
ORD-04641,2024-04-08,2024-04-09,1,CUST-2865,Consumer,Southeast,Florida,Sports & Outdoors,Camping Gear,REI Sleeping Bag,177.62,1,15,26.64,0.0,150.98,100.57,50.41,In-Store,PayPal,5,0
ORD-04642,2024-04-22,2024-04-26,4,CUST-3289,Consumer,Midwest,Ohio,Sports & Outdoors,Cycling,Garmin Edge 530,308.5,1,5,15.43,5.68,293.07,183.68,109.39,Mobile App,Credit Card,2,0
ORD-04643,2023-03-13,2023-03-20,7,CUST-1992,Consumer,Midwest,Indiana,Clothing,Accessories,Ray-Ban Aviators,163.52,2,15,49.06,20.62,277.98,103.01,71.96,Mobile App,Gift Card,1,0
ORD-04644,2024-10-09,2024-10-13,4,CUST-1621,Consumer,Midwest,Indiana,Clothing,Accessories,Coach Wallet,81.78,2,10,16.36,5.33,147.2,53.99,39.22,In-Store,Gift Card,4,0
ORD-04645,2023-04-06,2023-04-09,3,CUST-1064,Corporate,Midwest,Michigan,Electronics,Smartphones,Google Pixel 7a,396.11,5,0,0.0,0.0,1980.55,239.09,785.1,Mobile App,Credit Card,4,0
ORD-04646,2023-06-12,2023-06-15,3,CUST-2344,Corporate,Southwest,Texas,Home & Kitchen,Furniture,IKEA Kallax Shelf,86.12,1,0,0.0,0.0,86.12,59.14,26.98,Online,Apple Pay,5,0
ORD-04647,2024-09-24,2024-10-01,7,CUST-2087,Corporate,Northeast,Connecticut,Sports & Outdoors,Cycling,Bell Helmet,51.39,4,0,0.0,18.66,205.56,36.26,60.52,Online,PayPal,4,0
ORD-04648,2024-06-18,2024-06-23,5,CUST-2274,Small Business,Southeast,North Carolina,Office Supplies,Stationery,Pilot G2 Pen Pack,12.77,2,0,0.0,5.5,25.54,9.07,7.4,In-Store,Credit Card,5,0
ORD-04649,2023-11-30,2023-12-02,2,CUST-2086,Consumer,Southwest,Nevada,Sports & Outdoors,Fitness Equipment,Resistance Band Set,25.51,2,20,10.2,22.36,40.82,16.77,7.28,Mobile App,PayPal,3,0
ORD-04650,2023-05-10,2023-05-13,3,CUST-3422,Corporate,Southwest,New Mexico,Home & Kitchen,Furniture,Wayfair Sofa,514.04,2,20,205.62,10.82,822.46,366.32,89.82,Online,Gift Card,3,0
ORD-04651,2023-06-23,2023-06-27,4,CUST-1233,Consumer,Southwest,Utah,Clothing,Footwear,Adidas Ultraboost,173.35,1,20,34.67,8.92,138.68,122.39,16.29,Online,Apple Pay,2,0
ORD-04652,2024-02-01,2024-02-05,4,CUST-3100,Corporate,Northeast,Pennsylvania,Clothing,Footwear,New Balance 574,89.44,1,10,8.94,20.3,80.5,55.93,24.57,Online,Apple Pay,4,0
ORD-04653,2024-09-12,2024-09-19,7,CUST-3451,Small Business,West,Arizona,Clothing,Footwear,Adidas Ultraboost,175.08,4,25,175.08,8.42,525.24,125.3,24.04,Online,Gift Card,2,1
ORD-04654,2024-09-05,2024-09-06,1,CUST-1843,Consumer,Southwest,Utah,Home & Kitchen,Appliances,Dyson V15 Vacuum,648.85,1,25,162.21,15.4,486.64,442.93,43.71,Online,Debit Card,4,0
ORD-04655,2024-01-06,2024-01-07,1,CUST-3349,Corporate,Southeast,North Carolina,Home & Kitchen,Storage,Container Store Bins,24.22,1,25,6.05,14.24,18.17,16.29,1.88,In-Store,Debit Card,5,0
ORD-04656,2023-04-08,2023-04-14,6,CUST-2115,Consumer,Midwest,Ohio,Office Supplies,Desks & Chairs,Autonomous SmartDesk,428.93,1,10,42.89,18.46,386.04,243.34,142.7,In-Store,Debit Card,1,0
ORD-04657,2023-09-11,2023-09-18,7,CUST-2015,Consumer,Southeast,Florida,Home & Kitchen,Storage,Sterilite Cart,39.79,1,20,7.96,14.13,31.83,28.1,3.73,Online,Debit Card,3,0
ORD-04658,2024-08-09,2024-08-15,6,CUST-2043,Corporate,Northeast,Connecticut,Clothing,Women's Apparel,North Face Fleece,99.45,1,10,9.95,18.96,89.5,57.08,32.42,Online,Gift Card,4,0
ORD-04659,2024-06-25,2024-06-30,5,CUST-1301,Consumer,Southeast,North Carolina,Office Supplies,Paper Products,Moleskine Notebook,14.95,2,10,2.99,12.49,26.91,10.97,4.97,Mobile App,Gift Card,5,0
ORD-04660,2024-02-14,2024-02-18,4,CUST-2835,Consumer,Midwest,Indiana,Sports & Outdoors,Cycling,Bell Helmet,51.13,5,15,38.35,20.82,217.3,29.0,72.3,Online,PayPal,4,0
ORD-04661,2024-09-17,2024-09-18,1,CUST-2207,Consumer,Northeast,New York,Sports & Outdoors,Fitness Equipment,Bowflex Dumbbells,347.53,1,20,69.51,23.07,278.02,247.48,30.54,In-Store,PayPal,5,0
ORD-04662,2024-01-03,2024-01-10,7,CUST-1250,Consumer,Northeast,New York,Office Supplies,Desks & Chairs,Autonomous SmartDesk,449.4,1,0,0.0,10.79,449.4,320.63,128.77,In-Store,PayPal,5,0
ORD-04663,2024-09-10,2024-09-13,3,CUST-3411,Small Business,Midwest,Indiana,Sports & Outdoors,Cycling,Bell Helmet,47.67,5,0,0.0,24.63,238.35,28.09,97.9,Online,Credit Card,1,1
ORD-04664,2023-02-08,2023-02-11,3,CUST-3300,Consumer,Southwest,Texas,Sports & Outdoors,Running,Garmin Forerunner 55,197.6,3,0,0.0,8.96,592.8,112.22,256.14,In-Store,Credit Card,4,0
ORD-04665,2024-08-15,2024-08-16,1,CUST-3232,Corporate,Midwest,Wisconsin,Electronics,Smartphones,iPhone SE,441.47,4,0,0.0,13.78,1765.88,278.2,653.08,Online,Apple Pay,2,0
ORD-04666,2024-12-17,2024-12-19,2,CUST-1662,Consumer,Southeast,Tennessee,Sports & Outdoors,Running,Nathan Hydration Vest,70.68,1,25,17.67,24.18,53.01,52.07,0.94,Mobile App,Gift Card,4,0
ORD-04667,2024-10-06,2024-10-10,4,CUST-2687,Corporate,Southeast,Virginia,Home & Kitchen,Storage,Container Store Bins,25.17,1,5,1.26,19.74,23.91,18.57,5.34,Online,Credit Card,2,0
ORD-04668,2023-04-21,2023-04-23,2,CUST-2096,Corporate,Northeast,Connecticut,Home & Kitchen,Appliances,Keurig K-Slim,111.24,1,5,5.56,20.86,105.68,63.02,42.66,In-Store,Gift Card,5,0
ORD-04669,2023-07-22,2023-07-26,4,CUST-2130,Corporate,Northeast,New York,Home & Kitchen,Cookware,All-Clad Pan Set,241.04,4,10,96.42,17.58,867.74,165.62,205.26,In-Store,Debit Card,4,0
ORD-04670,2023-01-07,2023-01-10,3,CUST-2733,Consumer,Southeast,North Carolina,Electronics,Headphones,Sony WH-1000XM5,307.4,2,20,122.96,12.29,491.84,208.21,75.42,Mobile App,Debit Card,4,0
ORD-04671,2023-11-29,2023-12-04,5,CUST-1724,Corporate,Northeast,Massachusetts,Electronics,Smartphones,Samsung Galaxy A54,334.51,5,5,83.63,19.05,1588.92,209.96,539.12,Online,Credit Card,3,0
ORD-04672,2023-11-09,2023-11-11,2,CUST-1612,Small Business,Southeast,Florida,Sports & Outdoors,Fitness Equipment,Resistance Band Set,24.24,1,10,2.42,16.03,21.82,18.12,3.7,Mobile App,Apple Pay,5,0
ORD-04673,2024-11-19,2024-11-21,2,CUST-3434,Consumer,Southeast,Georgia,Office Supplies,Paper Products,Post-it Notes Bulk,19.12,2,25,9.56,21.74,28.68,12.39,3.9,In-Store,Apple Pay,5,1
ORD-04674,2024-04-06,2024-04-07,1,CUST-1503,Consumer,Midwest,Michigan,Home & Kitchen,Appliances,Instant Pot Duo 7-in-1,87.97,1,0,0.0,16.02,87.97,60.25,27.72,In-Store,Apple Pay,3,0
ORD-04675,2023-11-11,2023-11-18,7,CUST-1627,Consumer,Northeast,Massachusetts,Electronics,Laptops,Dell Inspiron 15,551.94,1,5,27.6,19.25,524.34,338.95,185.39,In-Store,Debit Card,4,0
ORD-04676,2023-07-26,2023-07-31,5,CUST-2936,Corporate,Midwest,Ohio,Sports & Outdoors,Team Sports,Wilson Basketball,30.81,1,10,3.08,0.0,27.73,19.27,8.46,In-Store,PayPal,5,0
ORD-04677,2024-06-17,2024-06-23,6,CUST-2262,Corporate,West,Arizona,Sports & Outdoors,Camping Gear,REI Sleeping Bag,175.79,1,0,0.0,22.15,175.79,109.61,66.18,Online,PayPal,3,1
ORD-04678,2024-02-23,2024-02-26,3,CUST-1896,Consumer,Midwest,Illinois,Clothing,Footwear,New Balance 574,86.28,2,15,25.88,6.6,146.68,54.8,37.08,In-Store,Gift Card,4,0
ORD-04679,2023-01-25,2023-01-29,4,CUST-1252,Consumer,West,Arizona,Sports & Outdoors,Team Sports,Wilson Basketball,28.67,4,0,0.0,24.28,114.68,18.21,41.84,In-Store,Apple Pay,5,0
ORD-04680,2023-07-16,2023-07-23,7,CUST-1799,Consumer,West,Washington,Office Supplies,Stationery,Staedtler Pencil Set,10.24,3,10,3.07,19.66,27.65,5.88,10.01,Online,Gift Card,2,0
ORD-04681,2023-07-09,2023-07-14,5,CUST-1264,Consumer,West,Washington,Clothing,Men's Apparel,Nike Dri-FIT Tee,36.6,5,10,18.3,14.21,164.7,20.48,62.3,Online,Gift Card,3,0
ORD-04682,2023-06-12,2023-06-19,7,CUST-2697,Small Business,West,Oregon,Clothing,Activewear,Reebok Sports Bra,34.53,1,5,1.73,0.0,32.8,25.43,7.37,In-Store,Apple Pay,3,0
ORD-04683,2024-06-12,2024-06-16,4,CUST-2625,Consumer,Southwest,Nevada,Electronics,Monitors,LG 27-inch 4K,345.78,2,5,34.58,10.19,656.98,199.71,257.56,In-Store,Gift Card,3,0
ORD-04684,2023-12-23,2023-12-28,5,CUST-2984,Small Business,Northeast,Connecticut,Sports & Outdoors,Camping Gear,REI Sleeping Bag,176.11,3,0,0.0,24.15,528.33,113.63,187.44,In-Store,PayPal,2,1
ORD-04685,2023-05-08,2023-05-13,5,CUST-3114,Consumer,Southwest,Utah,Home & Kitchen,Cookware,Lodge Cast Iron Skillet,31.49,1,10,3.15,0.0,28.34,17.57,10.77,Online,Apple Pay,2,1
ORD-04686,2024-12-10,2024-12-16,6,CUST-3171,Small Business,Southeast,Virginia,Sports & Outdoors,Fitness Equipment,Bowflex Dumbbells,334.44,1,0,0.0,8.57,334.44,219.93,114.51,Online,Gift Card,2,1
ORD-04687,2023-05-07,2023-05-11,4,CUST-3125,Corporate,Southwest,New Mexico,Electronics,Tablets,iPad 10th Gen,472.41,1,15,70.86,0.0,401.55,328.64,72.91,In-Store,Apple Pay,4,0
ORD-04688,2024-09-30,2024-10-06,6,CUST-1024,Corporate,Midwest,Illinois,Clothing,Accessories,Ray-Ban Aviators,163.05,2,10,32.61,0.0,293.49,97.84,97.81,Mobile App,PayPal,5,0
ORD-04689,2023-12-18,2023-12-22,4,CUST-1281,Small Business,West,Arizona,Electronics,Laptops,Dell Inspiron 15,571.39,3,0,0.0,6.58,1714.17,423.16,444.69,Mobile App,Debit Card,5,1
ORD-04690,2024-04-04,2024-04-10,6,CUST-2082,Corporate,Northeast,New Jersey,Sports & Outdoors,Cycling,Bell Helmet,51.74,2,0,0.0,6.26,103.48,29.56,44.36,Mobile App,Debit Card,2,0
ORD-04691,2023-07-03,2023-07-06,3,CUST-3383,Small Business,Southeast,Virginia,Clothing,Women's Apparel,Lululemon Tank,70.94,1,0,0.0,18.61,70.94,46.3,24.64,In-Store,Apple Pay,4,0
ORD-04692,2024-08-21,2024-08-23,2,CUST-3447,Consumer,Southeast,Georgia,Clothing,Activewear,Puma Track Pants,50.35,1,0,0.0,17.59,50.35,32.29,18.06,Online,Apple Pay,5,0
ORD-04693,2024-12-13,2024-12-17,4,CUST-3425,Consumer,Southeast,Virginia,Sports & Outdoors,Cycling,Schwinn Hybrid Bike,362.49,1,25,90.62,0.0,271.87,253.86,18.01,Online,Credit Card,2,1
ORD-04694,2023-03-03,2023-03-05,2,CUST-1140,Consumer,Northeast,Connecticut,Home & Kitchen,Decor,Yankee Candle Set,33.26,3,10,9.98,14.66,89.8,22.95,20.95,Mobile App,PayPal,5,0
ORD-04695,2023-03-24,2023-03-30,6,CUST-3028,Consumer,Midwest,Wisconsin,Clothing,Women's Apparel,Lululemon Tank,68.44,2,15,20.53,11.66,116.35,39.32,37.71,Online,Credit Card,3,0
ORD-04696,2024-07-23,2024-07-29,6,CUST-3188,Consumer,Northeast,Connecticut,Sports & Outdoors,Running,Brooks Ghost 15,140.27,2,10,28.05,16.49,252.49,104.61,43.27,Mobile App,Gift Card,2,1
ORD-04697,2023-06-25,2023-06-28,3,CUST-1195,Small Business,Southeast,Georgia,Office Supplies,Desks & Chairs,Autonomous SmartDesk,444.49,1,0,0.0,23.4,444.49,317.56,126.93,Online,Debit Card,3,0
ORD-04698,2024-11-04,2024-11-10,6,CUST-2931,Consumer,Southwest,Nevada,Sports & Outdoors,Fitness Equipment,Peloton Bike Mat,58.57,1,25,14.64,21.88,43.93,34.09,9.84,Online,Credit Card,1,0
ORD-04699,2024-01-12,2024-01-18,6,CUST-1624,Consumer,Midwest,Indiana,Office Supplies,Desks & Chairs,Herman Miller Aeron,1321.41,1,5,66.07,9.08,1255.34,869.46,385.88,In-Store,Apple Pay,3,1
ORD-04700,2024-08-14,2024-08-21,7,CUST-2330,Small Business,Southeast,North Carolina,Office Supplies,Organizers,Pendaflex Folders,15.43,1,5,0.77,24.78,14.66,10.64,4.02,In-Store,Gift Card,2,0
ORD-04701,2023-10-02,2023-10-03,1,CUST-1611,Consumer,Southwest,Texas,Sports & Outdoors,Camping Gear,Yeti Cooler,255.24,4,25,255.24,22.24,765.72,143.25,192.72,Mobile App,Gift Card,4,0
ORD-04702,2024-07-14,2024-07-16,2,CUST-1250,Corporate,Midwest,Indiana,Clothing,Accessories,Ray-Ban Aviators,152.02,1,15,22.8,12.12,129.22,89.71,39.51,Mobile App,Gift Card,4,0
ORD-04703,2023-02-23,2023-03-01,6,CUST-1893,Consumer,Northeast,Massachusetts,Sports & Outdoors,Camping Gear,Coleman Tent 4P,123.9,2,15,37.17,9.85,210.63,81.32,47.99,Online,PayPal,3,1
ORD-04704,2023-11-22,2023-11-27,5,CUST-3287,Consumer,Northeast,New Jersey,Office Supplies,Desks & Chairs,Autonomous SmartDesk,442.57,1,10,44.26,5.14,398.31,310.77,87.54,Online,PayPal,4,1
ORD-04705,2024-09-24,2024-09-25,1,CUST-3375,Corporate,Northeast,Pennsylvania,Office Supplies,Paper Products,HP Printer Paper 5-Ream,28.74,1,0,0.0,7.38,28.74,19.57,9.17,Online,Gift Card,5,0
ORD-04706,2023-12-30,2024-01-04,5,CUST-3224,Small Business,Southeast,Florida,Electronics,Monitors,Dell 24-inch FHD,206.0,2,10,41.2,15.44,370.8,118.5,133.8,Online,Credit Card,5,0
ORD-04707,2023-08-28,2023-08-31,3,CUST-3166,Consumer,Midwest,Wisconsin,Sports & Outdoors,Cycling,Schwinn Hybrid Bike,335.99,2,25,168.0,22.98,503.98,223.84,56.3,Online,Debit Card,4,0
ORD-04708,2023-05-06,2023-05-08,2,CUST-1192,Small Business,Southeast,North Carolina,Home & Kitchen,Appliances,Instant Pot Duo 7-in-1,90.96,2,0,0.0,0.0,181.92,50.64,80.64,In-Store,Credit Card,5,0
ORD-04709,2023-09-23,2023-09-29,6,CUST-1305,Consumer,Northeast,Pennsylvania,Electronics,Headphones,Sony WH-1000XM5,309.37,1,0,0.0,0.0,309.37,200.9,108.47,In-Store,Apple Pay,1,1
ORD-04710,2023-11-17,2023-11-20,3,CUST-1429,Consumer,Southeast,Florida,Office Supplies,Organizers,AmazonBasics File Cabinet,87.75,3,15,39.49,19.72,223.76,52.53,66.17,Online,Debit Card,4,0
ORD-04711,2024-09-14,2024-09-16,2,CUST-2707,Corporate,Northeast,Connecticut,Electronics,Headphones,AirPods Pro 2,243.83,1,5,12.19,0.0,231.64,180.84,50.8,Online,Apple Pay,3,0
ORD-04712,2023-07-29,2023-07-31,2,CUST-3156,Corporate,Northeast,Massachusetts,Sports & Outdoors,Camping Gear,Yeti Cooler,253.17,1,5,12.66,11.64,240.51,188.46,52.05,In-Store,Debit Card,4,0
ORD-04713,2023-02-08,2023-02-13,5,CUST-1283,Small Business,Southeast,Virginia,Sports & Outdoors,Fitness Equipment,Resistance Band Set,25.93,3,25,19.45,23.39,58.34,16.1,10.04,Online,PayPal,2,0
ORD-04714,2024-04-08,2024-04-12,4,CUST-1581,Small Business,Southwest,Oklahoma,Clothing,Footwear,New Balance 574,90.47,1,5,4.52,21.1,85.95,59.37,26.58,Online,PayPal,4,0
ORD-04715,2024-04-29,2024-05-04,5,CUST-1649,Small Business,Southwest,Nevada,Office Supplies,Desks & Chairs,FlexiSpot Standing Desk,369.04,1,0,0.0,23.13,369.04,257.76,111.28,Online,Debit Card,4,0
ORD-04716,2023-02-18,2023-02-21,3,CUST-1032,Consumer,Southwest,Nevada,Home & Kitchen,Decor,Pottery Barn Throw Pillow,50.13,4,25,50.13,13.17,150.39,32.77,19.31,In-Store,Credit Card,3,0
ORD-04717,2023-09-20,2023-09-27,7,CUST-1210,Consumer,Northeast,New Jersey,Office Supplies,Organizers,Pendaflex Folders,15.71,2,0,0.0,14.38,31.42,9.99,11.44,Online,PayPal,3,0
ORD-04718,2024-05-20,2024-05-21,1,CUST-3367,Corporate,Southeast,Florida,Sports & Outdoors,Team Sports,Wilson Basketball,31.34,4,0,0.0,16.32,125.36,21.6,38.96,In-Store,Gift Card,5,0
ORD-04719,2023-12-07,2023-12-13,6,CUST-3459,Small Business,Southeast,Virginia,Sports & Outdoors,Team Sports,Wilson Basketball,30.83,1,20,6.17,0.0,24.66,19.05,5.61,Online,Debit Card,3,0
ORD-04720,2024-06-09,2024-06-15,6,CUST-3376,Consumer,Southeast,Florida,Home & Kitchen,Cookware,Lodge Cast Iron Skillet,29.8,1,5,1.49,0.0,28.31,19.48,8.83,Online,Apple Pay,3,0
ORD-04721,2024-08-08,2024-08-11,3,CUST-3170,Small Business,Southwest,Oklahoma,Electronics,Monitors,LG 27-inch 4K,358.09,2,0,0.0,18.17,716.18,252.21,211.76,Mobile App,Debit Card,4,0
ORD-04722,2024-05-05,2024-05-06,1,CUST-2394,Corporate,Midwest,Illinois,Home & Kitchen,Storage,ClosetMaid Organizer,72.89,1,10,7.29,24.29,65.6,46.62,18.98,Online,Credit Card,4,0
ORD-04723,2023-10-04,2023-10-06,2,CUST-1541,Consumer,Northeast,New York,Clothing,Men's Apparel,Nike Dri-FIT Tee,34.6,4,10,13.84,21.03,124.56,20.11,44.12,In-Store,Credit Card,4,0
ORD-04724,2024-10-08,2024-10-11,3,CUST-2224,Consumer,Northeast,New Jersey,Office Supplies,Printers,HP LaserJet Pro,305.71,2,0,0.0,0.0,611.42,186.89,237.64,Online,PayPal,5,0
ORD-04725,2024-04-05,2024-04-07,2,CUST-1419,Consumer,West,Arizona,Office Supplies,Printers,HP LaserJet Pro,312.96,2,0,0.0,23.21,625.92,178.87,268.18,Mobile App,Debit Card,5,0
ORD-04726,2024-09-16,2024-09-17,1,CUST-1038,Consumer,Southeast,Georgia,Electronics,Tablets,Samsung Galaxy Tab S6,334.46,3,20,200.68,17.13,802.7,245.4,66.5,In-Store,Apple Pay,5,0
ORD-04727,2024-11-24,2024-12-01,7,CUST-2209,Consumer,Southwest,New Mexico,Home & Kitchen,Decor,Wall Art Canvas,62.92,2,15,18.88,8.64,106.96,34.92,37.12,Online,PayPal,1,1
ORD-04728,2024-11-28,2024-12-02,4,CUST-2871,Consumer,Midwest,Illinois,Electronics,Tablets,iPad 10th Gen,463.51,1,5,23.18,22.22,440.33,344.78,95.55,In-Store,Credit Card,3,0
ORD-04729,2023-10-21,2023-10-28,7,CUST-2881,Small Business,Southeast,North Carolina,Home & Kitchen,Storage,ClosetMaid Organizer,69.98,2,10,14.0,0.0,125.96,45.2,35.56,Mobile App,PayPal,4,0
ORD-04730,2024-07-30,2024-08-05,6,CUST-3040,Small Business,Midwest,Ohio,Clothing,Men's Apparel,Levi's 501 Jeans,62.81,2,20,25.12,6.24,100.5,45.58,9.34,In-Store,Debit Card,3,0
ORD-04731,2023-10-05,2023-10-06,1,CUST-2907,Consumer,Southwest,Nevada,Electronics,Smartphones,Samsung Galaxy A54,340.09,1,15,51.01,21.85,289.08,226.41,62.67,In-Store,Debit Card,5,0
ORD-04732,2024-10-11,2024-10-14,3,CUST-2329,Small Business,Midwest,Ohio,Electronics,Headphones,Bose QC45,275.33,1,0,0.0,17.77,275.33,191.28,84.05,In-Store,PayPal,5,0
ORD-04733,2023-02-01,2023-02-02,1,CUST-2831,Consumer,Northeast,New York,Home & Kitchen,Storage,ClosetMaid Organizer,66.99,3,15,30.15,20.26,170.82,44.21,38.19,In-Store,Credit Card,4,0
ORD-04734,2024-06-28,2024-07-05,7,CUST-2999,Consumer,Southeast,Tennessee,Office Supplies,Printers,Epson EcoTank,199.23,1,0,0.0,6.66,199.23,143.02,56.21,In-Store,Gift Card,4,0
ORD-04735,2023-09-25,2023-09-26,1,CUST-2151,Corporate,Midwest,Michigan,Home & Kitchen,Appliances,Instant Pot Duo 7-in-1,88.17,2,25,44.09,16.2,132.25,61.4,9.45,Online,PayPal,4,0
ORD-04736,2024-05-17,2024-05-23,6,CUST-1168,Consumer,Southeast,Tennessee,Sports & Outdoors,Running,Brooks Ghost 15,146.74,1,5,7.34,9.5,139.4,92.05,47.35,Online,PayPal,1,1
ORD-04737,2023-03-27,2023-04-03,7,CUST-3140,Consumer,Southeast,Tennessee,Sports & Outdoors,Fitness Equipment,Bowflex Dumbbells,335.19,2,5,33.52,21.23,636.86,205.87,225.12,Mobile App,Gift Card,3,0
ORD-04738,2023-04-26,2023-04-27,1,CUST-1569,Consumer,Midwest,Indiana,Home & Kitchen,Storage,ClosetMaid Organizer,72.66,2,5,7.27,12.61,138.05,46.88,44.29,In-Store,Gift Card,4,0
ORD-04739,2024-01-07,2024-01-14,7,CUST-2475,Consumer,Northeast,Connecticut,Home & Kitchen,Decor,Pottery Barn Throw Pillow,49.39,5,0,0.0,9.49,246.95,31.62,88.85,Mobile App,Apple Pay,3,0
ORD-04740,2024-04-09,2024-04-16,7,CUST-3371,Consumer,West,Colorado,Clothing,Activewear,Reebok Sports Bra,36.1,1,5,1.8,19.23,34.3,23.75,10.55,Online,Gift Card,4,0
ORD-04741,2024-03-08,2024-03-09,1,CUST-2085,Consumer,Northeast,Pennsylvania,Home & Kitchen,Appliances,Instant Pot Duo 7-in-1,90.02,3,15,40.51,23.48,229.55,65.83,32.06,Mobile App,Credit Card,4,0
ORD-04742,2023-09-19,2023-09-26,7,CUST-2208,Consumer,West,Oregon,Electronics,Headphones,Sony WH-1000XM5,304.66,2,5,30.47,15.11,578.85,183.88,211.09,In-Store,Credit Card,2,0
ORD-04743,2024-12-04,2024-12-05,1,CUST-2600,Corporate,West,Washington,Clothing,Activewear,Reebok Sports Bra,34.14,1,0,0.0,13.49,34.14,21.51,12.63,Mobile App,Apple Pay,2,1
ORD-04744,2023-02-14,2023-02-21,7,CUST-2520,Small Business,Southwest,New Mexico,Office Supplies,Organizers,Bankers Box Set,24.13,1,5,1.21,19.3,22.92,17.05,5.87,Mobile App,PayPal,1,1
ORD-04745,2024-02-20,2024-02-23,3,CUST-1897,Consumer,Southwest,New Mexico,Office Supplies,Stationery,Staedtler Pencil Set,9.56,2,0,0.0,14.2,19.12,7.08,4.96,Online,Debit Card,3,0
ORD-04746,2023-09-10,2023-09-15,5,CUST-1858,Consumer,Northeast,Pennsylvania,Sports & Outdoors,Running,Garmin Forerunner 55,204.62,3,20,122.77,22.28,491.09,120.47,129.68,Mobile App,Credit Card,3,0
ORD-04747,2024-06-09,2024-06-16,7,CUST-1678,Corporate,Southwest,Utah,Home & Kitchen,Furniture,Wayfair Sofa,515.97,2,5,51.6,0.0,980.34,340.67,299.0,Online,Debit Card,2,0
ORD-04748,2024-08-20,2024-08-21,1,CUST-1744,Small Business,Midwest,Ohio,Clothing,Footwear,Nike Air Max 90,126.38,1,0,0.0,0.0,126.38,82.73,43.65,Mobile App,Gift Card,3,0
ORD-04749,2024-04-04,2024-04-10,6,CUST-2691,Small Business,Southeast,Georgia,Home & Kitchen,Furniture,Wayfair Sofa,495.93,3,5,74.39,21.48,1413.4,278.35,578.35,In-Store,Gift Card,2,0
ORD-04750,2024-03-01,2024-03-04,3,CUST-2553,Consumer,Midwest,Wisconsin,Sports & Outdoors,Running,Brooks Ghost 15,141.96,2,5,14.2,13.24,269.72,80.86,108.0,Online,Credit Card,5,0
ORD-04751,2023-03-05,2023-03-10,5,CUST-2992,Consumer,Midwest,Michigan,Sports & Outdoors,Team Sports,Adidas Soccer Ball,24.61,2,5,2.46,24.72,46.76,13.78,19.2,Online,Debit Card,2,0
ORD-04752,2024-02-21,2024-02-23,2,CUST-2625,Consumer,Northeast,Connecticut,Office Supplies,Paper Products,Moleskine Notebook,15.57,1,10,1.56,24.09,14.01,10.88,3.13,In-Store,Apple Pay,5,0
ORD-04753,2024-11-04,2024-11-05,1,CUST-2618,Consumer,Southwest,Oklahoma,Sports & Outdoors,Cycling,Garmin Edge 530,289.69,2,10,57.94,14.45,521.44,212.42,96.6,Mobile App,Credit Card,5,0
ORD-04754,2023-09-06,2023-09-13,7,CUST-2972,Small Business,Northeast,Connecticut,Sports & Outdoors,Running,Brooks Ghost 15,134.34,4,5,26.87,14.51,510.49,87.88,158.97,In-Store,Apple Pay,1,1
ORD-04755,2023-03-05,2023-03-08,3,CUST-2622,Consumer,Northeast,Pennsylvania,Electronics,Headphones,AirPods Pro 2,247.36,2,0,0.0,14.45,494.72,164.02,166.68,Mobile App,Debit Card,3,0
ORD-04756,2023-09-18,2023-09-23,5,CUST-1857,Consumer,West,Oregon,Home & Kitchen,Decor,Pottery Barn Throw Pillow,47.84,3,10,14.35,21.49,129.17,26.81,48.74,Mobile App,Credit Card,3,0
ORD-04757,2024-06-19,2024-06-25,6,CUST-1354,Corporate,Midwest,Illinois,Office Supplies,Desks & Chairs,Herman Miller Aeron,1312.02,2,15,393.61,20.96,2230.43,826.45,577.53,In-Store,PayPal,2,1
ORD-04758,2024-05-20,2024-05-23,3,CUST-2125,Small Business,West,Arizona,Home & Kitchen,Furniture,Wayfair Sofa,495.57,1,20,99.11,14.76,396.46,356.32,40.14,In-Store,Credit Card,4,0
ORD-04759,2023-07-25,2023-08-01,7,CUST-1271,Consumer,West,Arizona,Sports & Outdoors,Camping Gear,Coleman Tent 4P,128.42,2,20,51.37,23.7,205.47,71.98,61.51,Mobile App,Debit Card,3,0
ORD-04760,2023-10-18,2023-10-21,3,CUST-2103,Corporate,West,Washington,Electronics,Tablets,Samsung Galaxy Tab S6,327.54,1,5,16.38,18.63,311.16,214.75,96.41,Online,Debit Card,1,0
ORD-04761,2023-05-18,2023-05-25,7,CUST-1098,Consumer,Southwest,Nevada,Electronics,Laptops,Lenovo ThinkPad E15,771.58,1,15,115.74,14.22,655.84,556.74,99.1,Mobile App,Gift Card,2,0
ORD-04762,2024-06-25,2024-06-29,4,CUST-3465,Consumer,Northeast,Connecticut,Clothing,Accessories,Ray-Ban Aviators,158.54,1,10,15.85,18.39,142.69,115.66,27.03,Online,PayPal,1,1
ORD-04763,2024-11-12,2024-11-16,4,CUST-2296,Consumer,Midwest,Indiana,Home & Kitchen,Decor,Pottery Barn Throw Pillow,50.29,1,25,12.57,17.52,37.72,28.63,9.09,Online,Apple Pay,4,0
ORD-04764,2024-06-27,2024-07-03,6,CUST-1812,Consumer,Northeast,New York,Electronics,Monitors,ASUS ProArt 27,440.85,2,25,220.43,13.9,661.27,254.99,151.29,Mobile App,Credit Card,3,0
ORD-04765,2024-08-06,2024-08-10,4,CUST-1835,Consumer,West,Oregon,Office Supplies,Desks & Chairs,FlexiSpot Standing Desk,379.19,5,0,0.0,22.43,1895.95,229.23,749.8,Mobile App,Gift Card,5,0
ORD-04766,2024-08-26,2024-08-27,1,CUST-2717,Consumer,West,Colorado,Clothing,Footwear,Nike Air Max 90,134.2,1,0,0.0,22.51,134.2,91.09,43.11,In-Store,Gift Card,4,0
ORD-04767,2023-06-21,2023-06-22,1,CUST-2112,Consumer,Midwest,Indiana,Sports & Outdoors,Camping Gear,REI Sleeping Bag,177.76,2,10,35.55,6.4,319.97,111.95,96.07,Mobile App,Debit Card,5,0
ORD-04768,2024-09-25,2024-10-02,7,CUST-3185,Small Business,Southwest,Texas,Sports & Outdoors,Camping Gear,Coleman Tent 4P,132.52,4,5,26.5,15.65,503.58,95.54,121.42,Online,Apple Pay,3,1
ORD-04769,2023-11-24,2023-11-28,4,CUST-3336,Consumer,Midwest,Indiana,Home & Kitchen,Appliances,Dyson V15 Vacuum,677.36,1,0,0.0,21.96,677.36,424.34,253.02,Mobile App,Gift Card,4,0
ORD-04770,2023-03-01,2023-03-06,5,CUST-3403,Consumer,Northeast,New Jersey,Office Supplies,Printers,Epson EcoTank,190.28,1,0,0.0,18.95,190.28,105.02,85.26,In-Store,Debit Card,3,0
ORD-04771,2024-06-02,2024-06-06,4,CUST-2855,Consumer,Midwest,Ohio,Electronics,Monitors,ASUS ProArt 27,426.82,4,10,170.73,8.36,1536.55,262.37,487.07,Online,PayPal,5,0
ORD-04772,2023-03-17,2023-03-21,4,CUST-1846,Consumer,Southwest,Nevada,Office Supplies,Organizers,Pendaflex Folders,14.53,1,10,1.45,0.0,13.08,9.53,3.55,Online,Gift Card,4,0
ORD-04773,2024-11-20,2024-11-26,6,CUST-1200,Small Business,Northeast,Pennsylvania,Home & Kitchen,Storage,ClosetMaid Organizer,71.69,3,10,21.51,12.8,193.56,48.12,49.2,Mobile App,PayPal,4,0
ORD-04774,2023-10-17,2023-10-18,1,CUST-2504,Corporate,Southwest,Utah,Electronics,Monitors,LG 27-inch 4K,355.22,1,0,0.0,19.82,355.22,232.88,122.34,In-Store,Credit Card,3,0
ORD-04775,2023-05-28,2023-06-01,4,CUST-2494,Small Business,Northeast,Pennsylvania,Office Supplies,Printers,Brother Inkjet,144.69,4,10,57.88,14.65,520.88,88.31,167.64,In-Store,Apple Pay,4,0
ORD-04776,2023-01-15,2023-01-18,3,CUST-1171,Consumer,Southwest,New Mexico,Office Supplies,Printers,HP LaserJet Pro,293.84,4,0,0.0,10.5,1175.36,199.96,375.52,Mobile App,Credit Card,3,0
ORD-04777,2023-12-28,2023-12-30,2,CUST-1776,Corporate,Northeast,New Jersey,Electronics,Monitors,Dell 24-inch FHD,199.8,1,0,0.0,13.49,199.8,143.33,56.47,Online,PayPal,5,0
ORD-04778,2024-07-05,2024-07-09,4,CUST-1312,Consumer,West,Oregon,Clothing,Men's Apparel,Nike Dri-FIT Tee,35.59,2,5,3.56,12.85,67.62,24.01,19.6,Online,PayPal,3,0
ORD-04779,2023-04-20,2023-04-21,1,CUST-2437,Corporate,Southwest,Oklahoma,Clothing,Women's Apparel,Adidas Yoga Pants,55.13,1,25,13.78,14.53,41.35,30.37,10.98,In-Store,Apple Pay,5,0
ORD-04780,2023-02-18,2023-02-23,5,CUST-1985,Consumer,Southeast,Tennessee,Clothing,Activewear,Puma Track Pants,52.45,4,20,41.96,21.14,167.84,33.84,32.48,In-Store,PayPal,2,0
ORD-04781,2024-08-03,2024-08-08,5,CUST-1939,Corporate,Northeast,Connecticut,Clothing,Men's Apparel,Columbia Jacket,89.95,2,5,8.99,7.7,170.91,56.07,58.77,In-Store,PayPal,2,0
ORD-04782,2024-04-02,2024-04-08,6,CUST-1183,Consumer,Southeast,Florida,Electronics,Smartphones,Samsung Galaxy A54,365.01,1,0,0.0,13.83,365.01,208.71,156.3,Mobile App,Debit Card,4,0
ORD-04783,2023-06-29,2023-07-02,3,CUST-1067,Consumer,Northeast,Pennsylvania,Home & Kitchen,Appliances,Instant Pot Duo 7-in-1,94.45,2,10,18.89,11.62,170.01,56.99,56.03,Mobile App,Credit Card,2,0
ORD-04784,2024-01-24,2024-01-26,2,CUST-1447,Consumer,Midwest,Illinois,Office Supplies,Paper Products,HP Printer Paper 5-Ream,30.16,1,0,0.0,22.66,30.16,18.63,11.53,Mobile App,PayPal,3,0
ORD-04785,2024-12-13,2024-12-16,3,CUST-3440,Consumer,Southeast,Tennessee,Sports & Outdoors,Camping Gear,Yeti Cooler,252.12,1,10,25.21,6.79,226.91,169.41,57.5,In-Store,Gift Card,4,0
ORD-04786,2023-03-07,2023-03-14,7,CUST-1066,Consumer,Northeast,New Jersey,Office Supplies,Desks & Chairs,FlexiSpot Standing Desk,394.14,1,15,59.12,22.59,335.02,250.53,84.49,Mobile App,Debit Card,2,0
ORD-04787,2023-08-27,2023-09-03,7,CUST-3343,Consumer,Midwest,Wisconsin,Electronics,Laptops,Dell Inspiron 15,551.21,3,5,82.68,9.61,1570.95,355.9,503.25,Online,PayPal,3,0
ORD-04788,2023-02-14,2023-02-20,6,CUST-1953,Consumer,Northeast,New Jersey,Office Supplies,Stationery,Staedtler Pencil Set,9.57,1,15,1.44,0.0,8.13,5.86,2.27,In-Store,Gift Card,4,0
ORD-04789,2023-07-08,2023-07-15,7,CUST-3439,Consumer,Northeast,New York,Electronics,Headphones,Bose QC45,276.14,1,15,41.42,20.15,234.72,171.57,63.15,Online,Credit Card,2,1
ORD-04790,2024-11-12,2024-11-18,6,CUST-1472,Consumer,West,Oregon,Electronics,Tablets,Amazon Fire HD 10,148.69,5,0,0.0,0.0,743.45,105.36,216.65,Mobile App,Debit Card,3,0
ORD-04791,2024-07-18,2024-07-23,5,CUST-1358,Small Business,Southeast,Tennessee,Electronics,Monitors,ASUS ProArt 27,425.09,1,5,21.25,6.1,403.84,262.85,140.99,Online,PayPal,2,0
ORD-04792,2024-11-29,2024-12-04,5,CUST-3148,Consumer,Northeast,New Jersey,Office Supplies,Organizers,AmazonBasics File Cabinet,86.34,1,5,4.32,24.13,82.02,51.7,30.32,In-Store,PayPal,4,0
ORD-04793,2023-03-24,2023-03-31,7,CUST-2948,Corporate,Southeast,Florida,Clothing,Women's Apparel,North Face Fleece,103.37,3,0,0.0,14.69,310.11,68.61,104.28,Mobile App,Apple Pay,2,0
ORD-04794,2024-06-30,2024-07-05,5,CUST-2145,Corporate,Southeast,North Carolina,Home & Kitchen,Decor,Yankee Candle Set,35.18,1,5,1.76,9.26,33.42,23.67,9.75,Online,PayPal,1,0
ORD-04795,2024-08-09,2024-08-14,5,CUST-1469,Consumer,Southeast,Tennessee,Electronics,Headphones,AirPods Pro 2,261.19,3,25,195.89,21.46,587.68,161.12,104.32,Online,Gift Card,5,0
ORD-04796,2024-10-03,2024-10-04,1,CUST-1068,Consumer,Midwest,Indiana,Office Supplies,Organizers,Pendaflex Folders,14.53,5,10,7.26,24.29,65.39,9.0,20.39,Mobile App,Apple Pay,5,0
ORD-04797,2023-12-08,2023-12-13,5,CUST-1253,Small Business,Midwest,Michigan,Sports & Outdoors,Team Sports,Rawlings Baseball Glove,49.34,2,0,0.0,15.22,98.68,30.44,37.8,Online,Gift Card,3,0
ORD-04798,2023-05-16,2023-05-22,6,CUST-2226,Corporate,Midwest,Illinois,Electronics,Tablets,iPad 10th Gen,462.02,2,0,0.0,18.35,924.04,258.4,407.24,Mobile App,Apple Pay,5,0
ORD-04799,2023-02-02,2023-02-09,7,CUST-1827,Consumer,West,California,Office Supplies,Paper Products,HP Printer Paper 5-Ream,31.05,3,0,0.0,0.0,93.15,18.16,38.67,In-Store,Gift Card,3,0
ORD-04800,2024-07-02,2024-07-08,6,CUST-1160,Small Business,Midwest,Indiana,Home & Kitchen,Decor,Yankee Candle Set,34.72,1,10,3.47,0.0,31.25,20.06,11.19,Online,Apple Pay,4,0
ORD-04801,2023-01-13,2023-01-17,4,CUST-1803,Small Business,Northeast,Pennsylvania,Office Supplies,Organizers,Bankers Box Set,25.12,1,15,3.77,0.0,21.35,17.33,4.02,Online,Credit Card,2,1
ORD-04802,2024-09-28,2024-10-03,5,CUST-1765,Consumer,West,Washington,Electronics,Monitors,Dell 24-inch FHD,190.95,1,10,19.09,13.03,171.86,130.17,41.69,Online,Apple Pay,3,0
ORD-04803,2023-12-25,2023-12-28,3,CUST-2279,Corporate,Southwest,Texas,Office Supplies,Organizers,AmazonBasics File Cabinet,85.73,1,0,0.0,13.41,85.73,61.92,23.81,In-Store,PayPal,5,0
ORD-04804,2023-11-28,2023-12-03,5,CUST-1622,Consumer,Midwest,Ohio,Sports & Outdoors,Cycling,Schwinn Hybrid Bike,350.45,3,15,157.7,10.83,893.65,248.84,147.13,Online,Credit Card,2,1
ORD-04805,2023-02-26,2023-02-28,2,CUST-1301,Consumer,Northeast,Connecticut,Clothing,Women's Apparel,North Face Fleece,95.57,4,0,0.0,9.24,382.28,63.12,129.8,In-Store,Credit Card,4,0
ORD-04806,2024-04-17,2024-04-19,2,CUST-1276,Consumer,Midwest,Michigan,Office Supplies,Stationery,Sharpie Marker Set,17.58,2,10,3.52,10.41,31.64,11.62,8.4,Online,PayPal,4,0
ORD-04807,2023-02-28,2023-03-01,1,CUST-1912,Consumer,Southeast,Virginia,Electronics,Headphones,AirPods Pro 2,251.93,2,20,100.77,15.67,403.09,167.99,67.11,In-Store,Credit Card,4,0
ORD-04808,2023-04-10,2023-04-11,1,CUST-3062,Consumer,Southeast,Tennessee,Office Supplies,Organizers,Pendaflex Folders,15.42,4,10,6.17,22.88,55.51,8.5,21.51,Online,Debit Card,5,0
ORD-04809,2024-12-16,2024-12-22,6,CUST-1465,Small Business,Northeast,New York,Sports & Outdoors,Fitness Equipment,Peloton Bike Mat,59.31,1,5,2.97,9.91,56.34,42.02,14.32,In-Store,Apple Pay,5,0
ORD-04810,2024-08-04,2024-08-11,7,CUST-3126,Consumer,West,Arizona,Clothing,Men's Apparel,Columbia Jacket,91.76,1,15,13.76,11.0,78.0,51.16,26.84,Online,Apple Pay,3,0
ORD-04811,2023-12-13,2023-12-18,5,CUST-2423,Consumer,Southeast,Virginia,Sports & Outdoors,Camping Gear,REI Sleeping Bag,186.3,1,10,18.63,23.44,167.67,110.55,57.12,In-Store,PayPal,2,0
ORD-04812,2024-09-15,2024-09-18,3,CUST-1903,Consumer,Southwest,Oklahoma,Office Supplies,Organizers,AmazonBasics File Cabinet,93.51,3,10,28.05,5.79,252.48,57.15,81.03,Online,Gift Card,4,0
ORD-04813,2024-05-17,2024-05-22,5,CUST-2598,Small Business,West,Washington,Home & Kitchen,Furniture,IKEA Kallax Shelf,94.27,5,25,117.84,15.76,353.51,68.03,13.36,Online,Debit Card,5,0
ORD-04814,2024-07-25,2024-07-31,6,CUST-1417,Corporate,Southwest,Nevada,Electronics,Tablets,Amazon Fire HD 10,148.41,1,5,7.42,6.76,140.99,109.74,31.25,In-Store,PayPal,1,1
ORD-04815,2024-06-30,2024-07-02,2,CUST-1441,Consumer,Southwest,Oklahoma,Clothing,Footwear,New Balance 574,88.32,1,0,0.0,15.35,88.32,49.86,38.46,Online,Apple Pay,3,0
ORD-04816,2023-10-16,2023-10-20,4,CUST-2819,Small Business,Southwest,New Mexico,Electronics,Monitors,Dell 24-inch FHD,205.21,3,25,153.91,13.88,461.72,117.06,110.54,Online,PayPal,5,0
ORD-04817,2023-05-14,2023-05-19,5,CUST-2522,Corporate,Northeast,New Jersey,Clothing,Footwear,New Balance 574,92.95,3,5,13.94,15.63,264.91,67.77,61.6,Online,Credit Card,1,0
ORD-04818,2023-02-22,2023-02-25,3,CUST-2932,Consumer,Midwest,Wisconsin,Sports & Outdoors,Team Sports,Wilson Basketball,29.85,1,10,2.98,17.15,26.87,20.9,5.97,Online,Gift Card,5,0
ORD-04819,2024-01-30,2024-02-05,6,CUST-2150,Consumer,Southeast,Tennessee,Sports & Outdoors,Running,Brooks Ghost 15,146.12,4,0,0.0,0.0,584.48,106.86,157.04,Online,Apple Pay,3,0
ORD-04820,2023-11-10,2023-11-15,5,CUST-1467,Consumer,West,California,Sports & Outdoors,Fitness Equipment,Bowflex Dumbbells,357.61,1,5,17.88,9.89,339.73,231.43,108.3,Online,PayPal,2,1
ORD-04821,2023-08-25,2023-09-01,7,CUST-1078,Consumer,Southwest,New Mexico,Home & Kitchen,Storage,ClosetMaid Organizer,67.4,3,0,0.0,23.08,202.2,43.72,71.04,Online,Credit Card,2,0
ORD-04822,2023-04-30,2023-05-04,4,CUST-1640,Corporate,Northeast,Massachusetts,Office Supplies,Desks & Chairs,Herman Miller Aeron,1242.16,1,5,62.11,13.44,1180.05,835.1,344.95,Mobile App,Apple Pay,3,0
ORD-04823,2023-11-21,2023-11-28,7,CUST-1247,Corporate,Midwest,Wisconsin,Home & Kitchen,Appliances,Keurig K-Slim,107.85,2,25,53.92,16.65,161.78,63.24,35.3,Mobile App,Gift Card,1,1
ORD-04824,2023-10-03,2023-10-06,3,CUST-2549,Corporate,Midwest,Indiana,Clothing,Activewear,Reebok Sports Bra,35.53,2,20,14.21,15.1,56.85,24.43,7.99,Online,Credit Card,4,0
ORD-04825,2023-04-23,2023-04-25,2,CUST-2214,Corporate,Northeast,New Jersey,Home & Kitchen,Cookware,All-Clad Pan Set,261.45,1,15,39.22,0.0,222.23,189.07,33.16,Online,Gift Card,5,0
ORD-04826,2024-07-03,2024-07-05,2,CUST-2062,Consumer,West,Arizona,Sports & Outdoors,Fitness Equipment,Bowflex Dumbbells,364.11,1,5,18.21,14.29,345.9,238.78,107.12,In-Store,Gift Card,5,0
ORD-04827,2023-03-28,2023-03-29,1,CUST-2842,Consumer,Northeast,Connecticut,Electronics,Monitors,ASUS ProArt 27,445.02,1,5,22.25,0.0,422.77,245.4,177.37,Mobile App,Debit Card,4,0
ORD-04828,2024-11-17,2024-11-21,4,CUST-2550,Corporate,Southeast,Georgia,Home & Kitchen,Furniture,Wayfair Sofa,512.11,2,10,102.42,10.08,921.8,354.61,212.58,Online,Apple Pay,3,0
ORD-04829,2023-05-28,2023-05-30,2,CUST-1208,Consumer,West,California,Clothing,Men's Apparel,Levi's 501 Jeans,58.37,2,0,0.0,9.9,116.74,40.63,35.48,Mobile App,Gift Card,5,0
ORD-04830,2023-09-12,2023-09-17,5,CUST-2243,Corporate,Southwest,Oklahoma,Clothing,Women's Apparel,Adidas Yoga Pants,56.82,1,15,8.52,8.68,48.3,34.23,14.07,Online,Credit Card,1,0
ORD-04831,2023-11-08,2023-11-13,5,CUST-1218,Consumer,Southeast,Tennessee,Electronics,Tablets,iPad 10th Gen,472.06,1,5,23.6,13.74,448.46,278.85,169.61,Online,Debit Card,5,0
ORD-04832,2023-10-10,2023-10-16,6,CUST-3228,Consumer,West,Oregon,Home & Kitchen,Furniture,IKEA Kallax Shelf,87.49,1,10,8.75,9.41,78.74,57.38,21.36,Mobile App,Credit Card,2,1
ORD-04833,2024-07-18,2024-07-23,5,CUST-2370,Corporate,Northeast,Connecticut,Sports & Outdoors,Cycling,Schwinn Hybrid Bike,348.37,5,10,174.19,17.3,1567.66,216.09,487.21,Mobile App,Credit Card,1,0
ORD-04834,2023-01-30,2023-01-31,1,CUST-1175,Consumer,Southeast,Tennessee,Home & Kitchen,Storage,Sterilite Cart,40.13,1,15,6.02,6.39,34.11,22.88,11.23,In-Store,Apple Pay,5,0
ORD-04835,2024-07-27,2024-07-28,1,CUST-2536,Consumer,Southwest,Oklahoma,Home & Kitchen,Decor,Pottery Barn Throw Pillow,51.72,1,10,5.17,16.01,46.55,33.05,13.5,Online,Credit Card,4,0
ORD-04836,2024-10-05,2024-10-11,6,CUST-1106,Consumer,Northeast,New York,Clothing,Women's Apparel,Adidas Yoga Pants,53.09,1,0,0.0,22.9,53.09,37.71,15.38,Online,Credit Card,4,0
ORD-04837,2024-11-04,2024-11-06,2,CUST-1707,Small Business,Midwest,Ohio,Clothing,Footwear,New Balance 574,87.33,1,0,0.0,5.94,87.33,59.88,27.45,Online,Debit Card,5,0
ORD-04838,2024-02-23,2024-02-29,6,CUST-2637,Consumer,West,Washington,Home & Kitchen,Furniture,IKEA Kallax Shelf,89.84,3,0,0.0,6.98,269.52,63.96,77.64,Online,Gift Card,2,0
ORD-04839,2024-05-02,2024-05-09,7,CUST-3299,Consumer,Southwest,Nevada,Sports & Outdoors,Camping Gear,REI Sleeping Bag,183.27,5,5,45.82,16.59,870.53,128.7,227.03,Online,PayPal,5,0
ORD-04840,2024-10-09,2024-10-13,4,CUST-1514,Corporate,Southeast,Virginia,Electronics,Laptops,Dell Inspiron 15,549.73,1,0,0.0,23.44,549.73,368.92,180.81,In-Store,Credit Card,4,0
ORD-04841,2023-11-09,2023-11-11,2,CUST-2455,Consumer,Midwest,Wisconsin,Office Supplies,Stationery,Sharpie Marker Set,17.67,1,10,1.77,22.53,15.9,11.39,4.51,Online,Gift Card,5,0
ORD-04842,2024-04-10,2024-04-17,7,CUST-1564,Corporate,Midwest,Illinois,Office Supplies,Paper Products,Moleskine Notebook,15.39,2,0,0.0,16.16,30.78,8.69,13.4,Online,Apple Pay,2,0
ORD-04843,2023-06-12,2023-06-19,7,CUST-2585,Small Business,Southwest,New Mexico,Clothing,Footwear,Adidas Ultraboost,182.69,1,20,36.54,18.13,146.15,109.49,36.66,Mobile App,Debit Card,2,0
ORD-04844,2024-08-05,2024-08-09,4,CUST-2646,Consumer,Southeast,Georgia,Electronics,Smartphones,iPhone SE,438.45,5,0,0.0,16.77,2192.25,290.32,740.65,In-Store,PayPal,4,0
ORD-04845,2024-05-24,2024-05-29,5,CUST-1213,Consumer,Southeast,Virginia,Office Supplies,Printers,Epson EcoTank,202.98,1,5,10.15,19.56,192.83,134.41,58.42,Mobile App,Credit Card,3,0
ORD-04846,2024-11-11,2024-11-14,3,CUST-3459,Corporate,Southeast,Georgia,Clothing,Footwear,New Balance 574,94.1,1,0,0.0,5.94,94.1,66.26,27.84,In-Store,PayPal,2,1
ORD-04847,2024-01-11,2024-01-13,2,CUST-1289,Consumer,Southeast,Georgia,Office Supplies,Desks & Chairs,Herman Miller Aeron,1277.18,5,10,638.59,0.0,5747.31,917.11,1161.76,Online,Apple Pay,5,0
ORD-04848,2024-09-02,2024-09-09,7,CUST-2623,Consumer,Southeast,Virginia,Clothing,Men's Apparel,Nike Dri-FIT Tee,36.0,2,0,0.0,12.45,72.0,26.49,19.02,Online,Credit Card,3,0
ORD-04849,2023-12-11,2023-12-13,2,CUST-2333,Consumer,Southeast,Georgia,Electronics,Smartphones,iPhone SE,444.67,2,0,0.0,0.0,889.34,299.9,289.54,Online,Gift Card,5,0
ORD-04850,2024-03-16,2024-03-23,7,CUST-2938,Consumer,Midwest,Michigan,Clothing,Accessories,Ray-Ban Aviators,157.91,1,10,15.79,0.0,142.12,103.33,38.79,Mobile App,Credit Card,3,0
ORD-04851,2024-06-28,2024-07-01,3,CUST-1287,Consumer,Southwest,Texas,Electronics,Headphones,AirPods Pro 2,258.2,1,10,25.82,12.91,232.38,172.4,59.98,Online,PayPal,1,1
ORD-04852,2023-06-28,2023-07-01,3,CUST-2518,Consumer,Midwest,Ohio,Home & Kitchen,Storage,Sterilite Cart,38.54,2,0,0.0,15.27,77.08,27.39,22.3,Online,Gift Card,5,0
ORD-04853,2024-02-09,2024-02-10,1,CUST-2326,Consumer,Southeast,Florida,Office Supplies,Paper Products,Moleskine Notebook,14.3,2,10,2.86,9.06,25.74,7.97,9.8,In-Store,Credit Card,3,0
ORD-04854,2024-11-24,2024-11-26,2,CUST-3199,Small Business,Midwest,Wisconsin,Sports & Outdoors,Fitness Equipment,Peloton Bike Mat,58.51,1,0,0.0,24.45,58.51,33.73,24.78,Online,Gift Card,4,0
ORD-04855,2023-05-30,2023-05-31,1,CUST-2712,Consumer,Midwest,Indiana,Clothing,Men's Apparel,Columbia Jacket,92.11,3,5,13.82,13.96,262.51,62.06,76.33,Mobile App,Gift Card,3,0
ORD-04856,2024-05-09,2024-05-13,4,CUST-1781,Consumer,Southeast,North Carolina,Office Supplies,Organizers,Bankers Box Set,25.22,2,10,5.04,13.81,45.4,15.17,15.06,Mobile App,Credit Card,4,0
ORD-04857,2023-03-19,2023-03-20,1,CUST-1228,Small Business,Southeast,North Carolina,Electronics,Tablets,iPad 10th Gen,451.76,5,15,338.82,22.25,1919.98,284.67,496.63,In-Store,Apple Pay,3,0
ORD-04858,2023-07-07,2023-07-11,4,CUST-2672,Corporate,West,Arizona,Clothing,Activewear,Reebok Sports Bra,33.57,3,15,15.11,7.56,85.6,23.09,16.33,Online,PayPal,4,0
ORD-04859,2023-07-01,2023-07-02,1,CUST-2225,Corporate,Southeast,North Carolina,Office Supplies,Paper Products,HP Printer Paper 5-Ream,29.01,1,15,4.35,22.43,24.66,16.77,7.89,Online,Gift Card,5,0
ORD-04860,2023-12-24,2023-12-25,1,CUST-2891,Consumer,West,Arizona,Home & Kitchen,Cookware,All-Clad Pan Set,257.89,2,0,0.0,16.2,515.78,180.12,155.54,In-Store,Apple Pay,3,0
ORD-04861,2024-04-17,2024-04-22,5,CUST-3463,Consumer,Northeast,New York,Home & Kitchen,Appliances,Dyson V15 Vacuum,618.43,5,0,0.0,9.05,3092.15,377.6,1204.15,Online,Credit Card,5,0
ORD-04862,2024-12-25,2024-12-27,2,CUST-1624,Corporate,Northeast,Connecticut,Sports & Outdoors,Fitness Equipment,Peloton Bike Mat,61.35,3,5,9.2,12.47,174.85,35.55,68.2,Online,Apple Pay,3,0
ORD-04863,2024-08-25,2024-08-30,5,CUST-3042,Corporate,Southeast,Florida,Electronics,Smartphones,Google Pixel 7a,401.4,5,15,301.05,24.04,1705.95,285.62,277.85,Online,Debit Card,2,1
ORD-04864,2023-07-04,2023-07-08,4,CUST-2540,Corporate,Southwest,Utah,Sports & Outdoors,Fitness Equipment,Peloton Bike Mat,61.66,5,10,30.83,0.0,277.47,39.57,79.62,Online,Debit Card,4,0
ORD-04865,2024-09-13,2024-09-18,5,CUST-2408,Corporate,Southeast,North Carolina,Electronics,Headphones,Bose QC45,277.7,1,5,13.88,16.19,263.82,193.65,70.17,Mobile App,PayPal,2,1
ORD-04866,2023-06-01,2023-06-02,1,CUST-3430,Small Business,Northeast,Massachusetts,Sports & Outdoors,Cycling,Schwinn Hybrid Bike,355.74,2,10,71.15,6.22,640.33,224.41,191.51,Mobile App,PayPal,4,0
ORD-04867,2024-06-22,2024-06-27,5,CUST-2894,Small Business,Northeast,Massachusetts,Sports & Outdoors,Running,Nathan Hydration Vest,69.6,5,10,34.8,22.77,313.2,39.52,115.6,In-Store,Debit Card,5,1
ORD-04868,2023-12-12,2023-12-16,4,CUST-2064,Corporate,Southwest,Oklahoma,Home & Kitchen,Cookware,Lodge Cast Iron Skillet,29.07,5,5,7.27,5.05,138.08,17.51,50.53,Mobile App,Gift Card,3,0
ORD-04869,2024-05-09,2024-05-10,1,CUST-2365,Consumer,Midwest,Ohio,Office Supplies,Organizers,AmazonBasics File Cabinet,94.15,1,0,0.0,15.57,94.15,59.38,34.77,Online,Gift Card,3,0
ORD-04870,2023-08-13,2023-08-20,7,CUST-3166,Corporate,West,Arizona,Clothing,Activewear,Puma Track Pants,51.2,1,5,2.56,5.35,48.64,36.69,11.95,In-Store,Debit Card,2,0
ORD-04871,2023-01-06,2023-01-12,6,CUST-1190,Consumer,Northeast,New York,Electronics,Smartphones,Google Pixel 7a,410.81,2,0,0.0,8.47,821.62,263.12,295.38,In-Store,Gift Card,1,0
ORD-04872,2024-04-01,2024-04-03,2,CUST-2579,Consumer,Midwest,Ohio,Office Supplies,Organizers,Pendaflex Folders,15.33,3,15,6.9,23.99,39.09,10.74,6.87,Mobile App,Gift Card,4,0
ORD-04873,2023-09-06,2023-09-07,1,CUST-1018,Consumer,Southwest,Nevada,Clothing,Men's Apparel,Columbia Jacket,88.51,1,0,0.0,20.63,88.51,55.13,33.38,Online,Apple Pay,4,0
ORD-04874,2024-03-28,2024-03-29,1,CUST-2312,Small Business,Northeast,New Jersey,Office Supplies,Organizers,Pendaflex Folders,15.09,2,20,6.04,13.52,24.14,8.63,6.88,Mobile App,Gift Card,5,0
ORD-04875,2024-11-19,2024-11-24,5,CUST-2277,Consumer,Southwest,New Mexico,Electronics,Tablets,iPad 10th Gen,458.11,1,5,22.91,7.95,435.2,281.64,153.56,In-Store,Apple Pay,5,0
ORD-04876,2024-09-12,2024-09-17,5,CUST-1910,Consumer,Midwest,Wisconsin,Electronics,Monitors,LG 27-inch 4K,359.53,4,10,143.81,0.0,1294.31,204.7,475.51,Online,Credit Card,4,0
ORD-04877,2023-09-24,2023-10-01,7,CUST-2652,Corporate,Southwest,Oklahoma,Sports & Outdoors,Running,Garmin Forerunner 55,205.5,2,10,41.1,12.94,369.9,139.69,90.52,Mobile App,Credit Card,3,0
ORD-04878,2024-06-07,2024-06-10,3,CUST-1274,Corporate,Northeast,Pennsylvania,Home & Kitchen,Appliances,Instant Pot Duo 7-in-1,90.82,2,10,18.16,5.83,163.48,61.01,41.46,In-Store,Credit Card,4,0
ORD-04879,2024-05-10,2024-05-13,3,CUST-3076,Corporate,Southwest,Texas,Electronics,Laptops,HP Pavilion x360,643.98,2,20,257.59,10.96,1030.37,411.86,206.65,Online,PayPal,5,0
ORD-04880,2023-05-26,2023-06-01,6,CUST-1632,Consumer,Northeast,Connecticut,Clothing,Activewear,Reebok Sports Bra,33.27,1,5,1.66,17.82,31.61,21.03,10.58,In-Store,Debit Card,2,0
ORD-04881,2024-06-19,2024-06-21,2,CUST-3179,Corporate,West,Oregon,Office Supplies,Printers,HP LaserJet Pro,313.19,2,0,0.0,10.71,626.38,208.4,209.58,In-Store,Gift Card,1,0
ORD-04882,2024-12-29,2025-01-01,3,CUST-2900,Small Business,Northeast,Massachusetts,Office Supplies,Desks & Chairs,Autonomous SmartDesk,466.38,2,25,233.19,8.1,699.57,260.01,179.55,Online,Apple Pay,5,0
ORD-04883,2024-06-15,2024-06-18,3,CUST-2522,Consumer,Midwest,Michigan,Home & Kitchen,Storage,Container Store Bins,25.27,1,0,0.0,15.58,25.27,16.87,8.4,Online,Debit Card,3,0
ORD-04884,2024-08-01,2024-08-02,1,CUST-2854,Consumer,Southwest,Nevada,Sports & Outdoors,Cycling,Schwinn Hybrid Bike,357.06,3,0,0.0,17.27,1071.18,237.31,359.25,Mobile App,PayPal,4,0
ORD-04885,2023-01-10,2023-01-13,3,CUST-3050,Small Business,Northeast,Pennsylvania,Electronics,Tablets,Samsung Galaxy Tab S6,324.97,1,0,0.0,14.74,324.97,240.46,84.51,In-Store,Apple Pay,2,0
ORD-04886,2024-04-08,2024-04-12,4,CUST-1150,Consumer,Southeast,Georgia,Sports & Outdoors,Team Sports,Wilson Basketball,31.12,4,0,0.0,8.28,124.48,22.71,33.64,Mobile App,Debit Card,4,0
ORD-04887,2024-04-08,2024-04-15,7,CUST-2644,Consumer,Northeast,New Jersey,Electronics,Headphones,Bose QC45,278.48,2,25,139.24,18.23,417.72,155.99,105.74,Online,PayPal,3,0
ORD-04888,2023-09-19,2023-09-22,3,CUST-3105,Consumer,Southwest,Utah,Electronics,Headphones,Sony WH-1000XM5,291.44,1,15,43.72,6.87,247.72,214.3,33.42,Mobile App,Credit Card,1,1
ORD-04889,2024-04-29,2024-05-06,7,CUST-3187,Small Business,Northeast,Pennsylvania,Electronics,Laptops,Lenovo ThinkPad E15,755.44,1,0,0.0,0.0,755.44,524.11,231.33,Online,Credit Card,2,0
ORD-04890,2023-03-27,2023-03-29,2,CUST-3204,Consumer,West,Colorado,Office Supplies,Desks & Chairs,Autonomous SmartDesk,444.73,1,10,44.47,24.68,400.26,265.69,134.57,Online,PayPal,4,0
ORD-04891,2023-05-27,2023-06-03,7,CUST-2617,Consumer,Midwest,Michigan,Home & Kitchen,Appliances,Dyson V15 Vacuum,680.7,4,0,0.0,5.83,2722.8,407.1,1094.4,Online,Apple Pay,2,1
ORD-04892,2023-01-27,2023-01-29,2,CUST-1658,Consumer,West,Colorado,Home & Kitchen,Cookware,All-Clad Pan Set,239.98,4,0,0.0,17.44,959.92,162.68,309.2,Online,Credit Card,4,0
ORD-04893,2024-06-04,2024-06-05,1,CUST-2414,Small Business,Southeast,Georgia,Electronics,Tablets,iPad 10th Gen,427.75,1,0,0.0,23.85,427.75,311.15,116.6,Mobile App,Gift Card,2,0
ORD-04894,2024-04-19,2024-04-24,5,CUST-2811,Small Business,West,Washington,Home & Kitchen,Decor,Wall Art Canvas,59.87,1,10,5.99,16.96,53.88,40.74,13.14,Online,Credit Card,3,0
ORD-04895,2023-09-10,2023-09-13,3,CUST-2622,Consumer,Southeast,Virginia,Sports & Outdoors,Fitness Equipment,Peloton Bike Mat,61.67,1,10,6.17,13.98,55.5,39.98,15.52,Online,PayPal,3,0
ORD-04896,2023-02-03,2023-02-06,3,CUST-3224,Consumer,Midwest,Indiana,Electronics,Tablets,Amazon Fire HD 10,152.04,2,0,0.0,0.0,304.08,100.63,102.82,Mobile App,Gift Card,4,1
ORD-04897,2024-12-20,2024-12-26,6,CUST-1438,Consumer,Southeast,Florida,Office Supplies,Organizers,Pendaflex Folders,15.5,5,0,0.0,19.23,77.5,9.41,30.45,Online,PayPal,3,0
ORD-04898,2023-01-01,2023-01-08,7,CUST-1395,Corporate,Midwest,Wisconsin,Office Supplies,Organizers,Bankers Box Set,24.88,2,5,2.49,20.03,47.27,18.34,10.59,Mobile App,Gift Card,5,0
ORD-04899,2024-08-22,2024-08-25,3,CUST-2202,Consumer,Southwest,New Mexico,Clothing,Women's Apparel,Adidas Yoga Pants,52.81,1,25,13.2,8.54,39.61,39.55,0.06,Online,Credit Card,3,0
ORD-04900,2023-01-01,2023-01-05,4,CUST-3500,Corporate,West,Washington,Electronics,Laptops,Lenovo ThinkPad E15,756.48,1,0,0.0,23.59,756.48,551.07,205.41,Mobile App,PayPal,4,0
ORD-04901,2023-07-15,2023-07-22,7,CUST-3018,Consumer,West,Washington,Electronics,Laptops,Lenovo ThinkPad E15,783.47,1,5,39.17,14.73,744.3,464.46,279.84,Online,Gift Card,4,0
ORD-04902,2024-01-31,2024-02-01,1,CUST-1347,Corporate,Northeast,Connecticut,Sports & Outdoors,Cycling,Schwinn Hybrid Bike,353.34,4,0,0.0,23.5,1413.36,216.32,548.08,Online,Gift Card,1,1
ORD-04903,2024-06-08,2024-06-09,1,CUST-3175,Consumer,Southwest,New Mexico,Sports & Outdoors,Running,Brooks Ghost 15,138.96,1,5,6.95,5.78,132.01,76.62,55.39,In-Store,Credit Card,4,0
ORD-04904,2024-08-22,2024-08-27,5,CUST-2341,Consumer,Northeast,Connecticut,Sports & Outdoors,Camping Gear,Coleman Tent 4P,123.89,1,0,0.0,19.98,123.89,69.41,54.48,Online,Apple Pay,1,0
ORD-04905,2024-01-12,2024-01-15,3,CUST-1219,Small Business,Southeast,Tennessee,Home & Kitchen,Furniture,IKEA Kallax Shelf,86.64,5,20,86.64,24.77,346.56,58.84,52.36,Online,Credit Card,2,1
ORD-04906,2024-10-03,2024-10-04,1,CUST-2410,Consumer,West,Colorado,Office Supplies,Printers,Epson EcoTank,196.51,2,0,0.0,10.48,393.02,139.81,113.4,Online,Credit Card,3,0
ORD-04907,2024-12-29,2025-01-02,4,CUST-1614,Small Business,Southeast,Georgia,Office Supplies,Printers,HP LaserJet Pro,313.99,3,0,0.0,20.23,941.97,218.18,287.43,In-Store,PayPal,3,0
ORD-04908,2024-04-07,2024-04-10,3,CUST-2896,Consumer,Midwest,Illinois,Electronics,Headphones,Bose QC45,278.22,4,0,0.0,8.28,1112.88,187.87,361.4,Online,Debit Card,5,0
ORD-04909,2024-03-11,2024-03-15,4,CUST-3296,Consumer,Southwest,Utah,Clothing,Footwear,Adidas Ultraboost,187.61,1,15,28.14,10.67,159.47,129.78,29.69,Online,Gift Card,5,0
ORD-04910,2023-10-19,2023-10-20,1,CUST-2378,Consumer,Northeast,Massachusetts,Clothing,Activewear,Puma Track Pants,50.23,3,5,7.53,22.33,143.16,36.34,34.14,Online,Apple Pay,3,0
ORD-04911,2023-08-07,2023-08-13,6,CUST-1162,Consumer,Northeast,Massachusetts,Sports & Outdoors,Running,Nathan Hydration Vest,72.95,1,5,3.65,16.23,69.3,47.34,21.96,Mobile App,Debit Card,4,0
ORD-04912,2023-11-17,2023-11-18,1,CUST-1995,Consumer,Southeast,Florida,Sports & Outdoors,Cycling,Bell Helmet,48.27,5,15,36.2,8.94,205.15,31.9,45.65,Online,Credit Card,4,0
ORD-04913,2024-12-04,2024-12-06,2,CUST-1625,Consumer,Northeast,New Jersey,Sports & Outdoors,Camping Gear,Yeti Cooler,251.96,2,5,25.2,19.88,478.72,146.2,186.32,In-Store,Apple Pay,3,0
ORD-04914,2024-12-05,2024-12-06,1,CUST-1058,Small Business,Northeast,New York,Sports & Outdoors,Cycling,Garmin Edge 530,307.37,3,20,184.42,6.5,737.69,196.47,148.28,Online,Debit Card,4,1
ORD-04915,2023-07-14,2023-07-17,3,CUST-1653,Consumer,Southeast,Georgia,Sports & Outdoors,Fitness Equipment,Resistance Band Set,24.61,1,5,1.23,18.94,23.38,17.03,6.35,In-Store,PayPal,5,0
ORD-04916,2024-06-18,2024-06-19,1,CUST-2646,Small Business,West,California,Office Supplies,Paper Products,HP Printer Paper 5-Ream,30.03,2,10,6.01,8.71,54.05,18.93,16.19,Online,PayPal,5,0
ORD-04917,2024-06-03,2024-06-09,6,CUST-1239,Consumer,West,California,Clothing,Activewear,Puma Track Pants,48.9,2,0,0.0,16.09,97.8,29.53,38.74,Online,Apple Pay,3,0
ORD-04918,2023-01-02,2023-01-03,1,CUST-2605,Consumer,Northeast,New Jersey,Electronics,Monitors,ASUS ProArt 27,447.7,2,10,89.54,18.89,805.86,265.76,274.34,In-Store,Debit Card,4,0
ORD-04919,2023-03-15,2023-03-20,5,CUST-3029,Small Business,Southwest,New Mexico,Electronics,Headphones,Sony WH-1000XM5,289.62,1,15,43.44,21.4,246.18,192.68,53.5,Online,PayPal,3,0
ORD-04920,2023-04-27,2023-05-04,7,CUST-3334,Consumer,Midwest,Michigan,Clothing,Women's Apparel,Adidas Yoga Pants,56.79,1,5,2.84,12.3,53.95,34.57,19.38,Mobile App,Apple Pay,2,1
ORD-04921,2023-07-05,2023-07-09,4,CUST-2725,Small Business,Southwest,Oklahoma,Clothing,Women's Apparel,Lululemon Tank,66.42,1,15,9.96,11.46,56.46,47.03,9.43,Online,Debit Card,4,0
ORD-04922,2024-11-05,2024-11-08,3,CUST-1927,Consumer,Southwest,Oklahoma,Clothing,Activewear,Reebok Sports Bra,35.05,2,15,10.52,13.53,59.58,22.4,14.78,Online,Debit Card,5,0
ORD-04923,2023-03-24,2023-03-30,6,CUST-2312,Consumer,Southeast,Virginia,Clothing,Men's Apparel,Columbia Jacket,93.58,1,10,9.36,13.58,84.22,57.07,27.15,Online,Debit Card,3,0
ORD-04924,2024-09-15,2024-09-17,2,CUST-3271,Small Business,Northeast,Pennsylvania,Electronics,Headphones,AirPods Pro 2,245.65,2,0,0.0,12.59,491.3,136.66,217.98,In-Store,PayPal,4,1
ORD-04925,2023-09-18,2023-09-24,6,CUST-2429,Consumer,Northeast,Connecticut,Clothing,Men's Apparel,Columbia Jacket,92.14,2,10,18.43,17.59,165.85,62.22,41.41,In-Store,Gift Card,2,0
ORD-04926,2024-11-13,2024-11-19,6,CUST-2349,Corporate,Southeast,Georgia,Sports & Outdoors,Cycling,Garmin Edge 530,297.9,3,5,44.69,0.0,849.01,220.01,188.98,Online,Apple Pay,4,0
ORD-04927,2024-10-02,2024-10-04,2,CUST-2788,Corporate,West,Colorado,Home & Kitchen,Furniture,Wayfair Sofa,498.47,2,5,49.85,16.12,947.09,364.69,217.71,Mobile App,Credit Card,5,0
ORD-04928,2024-04-24,2024-04-30,6,CUST-2628,Corporate,West,Colorado,Home & Kitchen,Cookware,All-Clad Pan Set,238.6,1,5,11.93,23.69,226.67,175.19,51.48,Mobile App,Debit Card,2,0
ORD-04929,2023-12-01,2023-12-03,2,CUST-1925,Corporate,Midwest,Wisconsin,Electronics,Tablets,Amazon Fire HD 10,152.57,1,0,0.0,23.94,152.57,92.13,60.44,Online,Debit Card,1,1
ORD-04930,2023-02-14,2023-02-20,6,CUST-2711,Corporate,Midwest,Michigan,Home & Kitchen,Appliances,Instant Pot Duo 7-in-1,88.28,5,20,88.28,20.17,353.12,57.7,64.62,Mobile App,Debit Card,3,0
ORD-04931,2023-02-21,2023-02-22,1,CUST-3387,Corporate,Midwest,Indiana,Clothing,Accessories,Fossil Watch,126.75,1,5,6.34,0.0,120.41,88.64,31.77,In-Store,Debit Card,4,0
ORD-04932,2023-02-24,2023-02-25,1,CUST-2160,Corporate,West,Colorado,Clothing,Footwear,New Balance 574,89.04,1,0,0.0,11.29,89.04,65.88,23.16,Online,PayPal,5,0
ORD-04933,2023-02-10,2023-02-14,4,CUST-2119,Small Business,Northeast,Pennsylvania,Home & Kitchen,Storage,Sterilite Cart,39.45,2,10,7.89,5.05,71.01,28.02,14.97,In-Store,PayPal,1,1
ORD-04934,2023-09-18,2023-09-21,3,CUST-1105,Consumer,Midwest,Ohio,Home & Kitchen,Appliances,Dyson V15 Vacuum,665.33,1,15,99.8,8.8,565.53,480.45,85.08,Online,Apple Pay,5,0
ORD-04935,2024-07-28,2024-08-01,4,CUST-1795,Consumer,Midwest,Ohio,Office Supplies,Stationery,Sharpie Marker Set,17.07,1,25,4.27,21.85,12.8,12.05,0.75,In-Store,PayPal,3,0
ORD-04936,2024-06-12,2024-06-17,5,CUST-2191,Consumer,Southeast,Florida,Clothing,Accessories,Coach Wallet,82.89,1,15,12.43,15.99,70.46,48.3,22.16,Online,PayPal,2,1
ORD-04937,2024-07-26,2024-08-02,7,CUST-3337,Corporate,West,Arizona,Electronics,Laptops,HP Pavilion x360,639.43,1,5,31.97,8.55,607.46,441.34,166.12,Online,PayPal,2,0
ORD-04938,2024-03-26,2024-03-31,5,CUST-1945,Consumer,Northeast,Connecticut,Electronics,Laptops,Dell Inspiron 15,557.89,2,15,167.37,12.27,948.41,331.05,286.31,Mobile App,Gift Card,5,0
ORD-04939,2024-06-06,2024-06-09,3,CUST-3484,Small Business,Southwest,New Mexico,Office Supplies,Organizers,Pendaflex Folders,15.16,1,15,2.27,8.18,12.89,10.19,2.7,Mobile App,Apple Pay,4,0
ORD-04940,2023-08-02,2023-08-05,3,CUST-2065,Consumer,Southwest,New Mexico,Clothing,Footwear,Nike Air Max 90,124.26,4,15,74.56,7.55,422.48,69.63,143.96,In-Store,Debit Card,3,0
ORD-04941,2023-12-11,2023-12-16,5,CUST-1610,Consumer,Southwest,New Mexico,Electronics,Laptops,HP Pavilion x360,659.82,1,10,65.98,0.0,593.84,477.36,116.48,Online,Debit Card,1,1
ORD-04942,2024-04-08,2024-04-11,3,CUST-2482,Consumer,Northeast,Pennsylvania,Home & Kitchen,Furniture,West Elm Desk,334.47,2,0,0.0,5.14,668.94,204.06,260.82,Online,Credit Card,3,0
ORD-04943,2024-11-15,2024-11-21,6,CUST-3108,Consumer,Midwest,Michigan,Home & Kitchen,Cookware,Lodge Cast Iron Skillet,28.56,1,5,1.43,6.81,27.13,16.65,10.48,Online,Gift Card,1,1
ORD-04944,2023-11-02,2023-11-03,1,CUST-1942,Consumer,Northeast,Connecticut,Home & Kitchen,Appliances,Dyson V15 Vacuum,667.39,1,0,0.0,0.0,667.39,500.34,167.05,Online,Apple Pay,2,1
ORD-04945,2023-08-01,2023-08-08,7,CUST-1146,Consumer,Northeast,Connecticut,Electronics,Monitors,ASUS ProArt 27,414.16,1,0,0.0,0.0,414.16,264.7,149.46,Online,Gift Card,4,0
ORD-04946,2023-01-24,2023-01-30,6,CUST-3102,Corporate,West,California,Sports & Outdoors,Cycling,Bell Helmet,47.7,1,0,0.0,22.81,47.7,30.69,17.01,Mobile App,Gift Card,2,0
ORD-04947,2023-03-16,2023-03-20,4,CUST-1087,Consumer,Midwest,Wisconsin,Sports & Outdoors,Team Sports,Rawlings Baseball Glove,51.34,1,5,2.57,24.34,48.77,30.2,18.57,Mobile App,Apple Pay,1,0
ORD-04948,2023-12-23,2023-12-26,3,CUST-3292,Consumer,Northeast,New York,Office Supplies,Organizers,Bankers Box Set,26.12,1,10,2.61,10.24,23.51,18.34,5.17,Mobile App,Debit Card,3,0
ORD-04949,2023-05-16,2023-05-19,3,CUST-1420,Small Business,Southeast,Georgia,Clothing,Footwear,Nike Air Max 90,134.86,1,0,0.0,7.89,134.86,77.61,57.25,Online,Credit Card,3,0
ORD-04950,2024-01-12,2024-01-13,1,CUST-2095,Consumer,Southeast,Virginia,Office Supplies,Organizers,AmazonBasics File Cabinet,90.38,3,0,0.0,7.29,271.14,67.51,68.61,In-Store,Debit Card,2,0
ORD-04951,2024-05-21,2024-05-27,6,CUST-2665,Corporate,Northeast,New York,Sports & Outdoors,Cycling,Bell Helmet,50.67,1,0,0.0,0.0,50.67,33.09,17.58,In-Store,Debit Card,5,0
ORD-04952,2024-10-25,2024-10-30,5,CUST-2352,Corporate,West,California,Office Supplies,Stationery,Pilot G2 Pen Pack,12.43,1,0,0.0,0.0,12.43,7.07,5.36,Mobile App,Gift Card,3,0
ORD-04953,2024-02-26,2024-02-29,3,CUST-2710,Consumer,Southeast,Tennessee,Home & Kitchen,Storage,ClosetMaid Organizer,66.91,1,10,6.69,0.0,60.22,45.09,15.13,Mobile App,Debit Card,4,0
ORD-04954,2023-08-03,2023-08-04,1,CUST-3472,Corporate,Northeast,New York,Electronics,Headphones,AirPods Pro 2,243.23,1,20,48.65,8.87,194.58,143.93,50.65,In-Store,PayPal,4,0
ORD-04955,2024-05-30,2024-06-06,7,CUST-2195,Corporate,West,Oregon,Office Supplies,Stationery,Sharpie Marker Set,16.48,2,5,1.65,6.25,31.31,11.89,7.53,In-Store,Credit Card,4,0
ORD-04956,2024-07-28,2024-08-04,7,CUST-2098,Small Business,West,Arizona,Sports & Outdoors,Fitness Equipment,Peloton Bike Mat,61.36,1,15,9.2,0.0,52.16,45.52,6.64,In-Store,Gift Card,1,0
ORD-04957,2024-04-22,2024-04-26,4,CUST-1919,Small Business,Southwest,New Mexico,Sports & Outdoors,Camping Gear,Coleman Tent 4P,124.37,3,15,55.97,6.74,317.14,80.06,76.96,Online,Debit Card,3,0
ORD-04958,2024-01-26,2024-02-01,6,CUST-1128,Consumer,Northeast,Massachusetts,Clothing,Men's Apparel,Levi's 501 Jeans,60.72,5,5,15.18,7.8,288.42,36.82,104.32,Mobile App,Debit Card,2,0
ORD-04959,2023-03-25,2023-03-28,3,CUST-2627,Small Business,Southeast,Georgia,Sports & Outdoors,Team Sports,Wilson Basketball,28.98,5,15,21.73,14.98,123.17,18.12,32.57,Mobile App,Gift Card,4,0
ORD-04960,2024-08-04,2024-08-10,6,CUST-2294,Small Business,Northeast,Connecticut,Clothing,Accessories,Fossil Watch,132.97,1,0,0.0,17.16,132.97,98.13,34.84,In-Store,Apple Pay,3,1
ORD-04961,2024-03-27,2024-03-29,2,CUST-1062,Consumer,Southeast,Virginia,Sports & Outdoors,Fitness Equipment,Bowflex Dumbbells,338.58,3,20,203.15,0.0,812.59,232.1,116.29,Online,Gift Card,5,0
ORD-04962,2024-09-19,2024-09-21,2,CUST-3327,Corporate,Midwest,Ohio,Home & Kitchen,Appliances,Instant Pot Duo 7-in-1,93.73,1,5,4.69,13.94,89.04,67.76,21.28,In-Store,Debit Card,4,0
ORD-04963,2023-12-08,2023-12-11,3,CUST-1649,Corporate,West,Arizona,Sports & Outdoors,Fitness Equipment,Peloton Bike Mat,61.69,2,15,18.51,24.19,104.87,43.33,18.21,Online,PayPal,3,0
ORD-04964,2023-11-24,2023-11-26,2,CUST-3110,Corporate,Northeast,Massachusetts,Clothing,Women's Apparel,North Face Fleece,95.41,2,5,9.54,22.14,181.28,63.3,54.68,Online,Gift Card,4,0
ORD-04965,2024-09-23,2024-09-27,4,CUST-2293,Small Business,Midwest,Ohio,Home & Kitchen,Decor,Wall Art Canvas,61.83,3,20,37.1,15.78,148.39,42.7,20.29,Online,Gift Card,3,0
ORD-04966,2023-08-04,2023-08-10,6,CUST-2888,Consumer,Southeast,Tennessee,Home & Kitchen,Storage,Container Store Bins,26.02,2,10,5.2,0.0,46.84,15.9,15.04,Mobile App,Apple Pay,3,0
ORD-04967,2023-03-23,2023-03-25,2,CUST-1934,Corporate,Southeast,Florida,Sports & Outdoors,Fitness Equipment,Bowflex Dumbbells,345.9,2,0,0.0,6.01,691.8,258.81,174.18,Mobile App,Credit Card,4,0
ORD-04968,2024-12-26,2024-12-31,5,CUST-3016,Corporate,Northeast,Connecticut,Office Supplies,Printers,Epson EcoTank,209.04,5,25,261.3,8.25,783.9,121.41,176.85,Online,Debit Card,4,0
ORD-04969,2023-11-23,2023-11-24,1,CUST-1065,Consumer,Southwest,Oklahoma,Home & Kitchen,Storage,Container Store Bins,25.95,1,10,2.6,14.02,23.35,15.16,8.19,Online,Debit Card,4,0
ORD-04970,2023-08-19,2023-08-21,2,CUST-2499,Small Business,Midwest,Michigan,Electronics,Monitors,Dell 24-inch FHD,200.47,1,5,10.02,0.0,190.45,128.82,61.63,In-Store,Debit Card,4,0
ORD-04971,2023-10-02,2023-10-06,4,CUST-2280,Small Business,Northeast,Connecticut,Sports & Outdoors,Cycling,Garmin Edge 530,303.29,5,10,151.65,5.01,1364.8,181.74,456.1,Online,Debit Card,5,0
ORD-04972,2024-11-26,2024-12-02,6,CUST-2338,Consumer,Midwest,Michigan,Sports & Outdoors,Team Sports,Rawlings Baseball Glove,49.13,1,0,0.0,5.97,49.13,30.49,18.64,Online,Apple Pay,2,1
ORD-04973,2023-05-30,2023-05-31,1,CUST-2799,Consumer,Midwest,Michigan,Sports & Outdoors,Fitness Equipment,Peloton Bike Mat,58.36,2,0,0.0,0.0,116.72,33.5,49.72,Online,Gift Card,4,0
ORD-04974,2023-09-09,2023-09-16,7,CUST-2008,Small Business,Midwest,Ohio,Clothing,Accessories,Fossil Watch,135.98,1,10,13.6,18.26,122.38,90.14,32.24,In-Store,Debit Card,4,0
ORD-04975,2023-05-04,2023-05-06,2,CUST-2864,Corporate,Southwest,Oklahoma,Clothing,Women's Apparel,Adidas Yoga Pants,52.7,2,0,0.0,7.87,105.4,37.3,30.8,Mobile App,Credit Card,4,0
ORD-04976,2023-10-27,2023-11-02,6,CUST-1983,Corporate,Southwest,Utah,Office Supplies,Desks & Chairs,Herman Miller Aeron,1274.51,3,10,382.35,8.72,3441.18,912.93,702.39,Mobile App,Credit Card,2,0
ORD-04977,2023-09-16,2023-09-21,5,CUST-2391,Small Business,Northeast,Pennsylvania,Sports & Outdoors,Camping Gear,Yeti Cooler,259.25,3,10,77.78,7.96,699.97,159.82,220.51,Online,PayPal,4,0
ORD-04978,2024-11-23,2024-11-26,3,CUST-1265,Consumer,Northeast,New York,Electronics,Monitors,Dell 24-inch FHD,190.31,1,0,0.0,0.0,190.31,115.12,75.19,In-Store,Debit Card,3,0
ORD-04979,2024-01-01,2024-01-05,4,CUST-1630,Corporate,Midwest,Michigan,Sports & Outdoors,Fitness Equipment,Peloton Bike Mat,60.0,3,5,9.0,8.69,171.0,43.22,41.34,Mobile App,Debit Card,4,0
ORD-04980,2023-06-28,2023-07-03,5,CUST-3332,Small Business,Midwest,Wisconsin,Home & Kitchen,Cookware,Lodge Cast Iron Skillet,29.01,1,5,1.45,0.0,27.56,20.07,7.49,In-Store,PayPal,2,1
ORD-04981,2024-03-01,2024-03-07,6,CUST-2607,Consumer,Midwest,Illinois,Clothing,Activewear,Reebok Sports Bra,35.08,2,20,14.03,23.02,56.13,23.19,9.75,In-Store,Gift Card,4,0
ORD-04982,2024-09-08,2024-09-12,4,CUST-2514,Consumer,West,Washington,Electronics,Smartphones,Google Pixel 7a,393.7,4,15,236.22,21.3,1338.58,276.8,231.38,Mobile App,Apple Pay,4,0
ORD-04983,2024-10-08,2024-10-14,6,CUST-1581,Consumer,West,Oregon,Electronics,Headphones,Sony WH-1000XM5,303.42,3,15,136.54,6.61,773.72,190.01,203.69,In-Store,Apple Pay,4,0
ORD-04984,2023-01-27,2023-01-30,3,CUST-3175,Consumer,West,Washington,Home & Kitchen,Furniture,West Elm Desk,346.82,1,5,17.34,15.54,329.48,220.87,108.61,In-Store,Credit Card,2,0
ORD-04985,2024-10-07,2024-10-09,2,CUST-1737,Consumer,Midwest,Wisconsin,Clothing,Accessories,Coach Wallet,80.76,1,10,8.08,0.0,72.68,57.04,15.64,In-Store,PayPal,4,0
ORD-04986,2023-10-26,2023-11-02,7,CUST-1254,Consumer,Midwest,Michigan,Home & Kitchen,Storage,Sterilite Cart,41.4,2,5,4.14,6.95,78.66,27.63,23.4,In-Store,PayPal,1,0
ORD-04987,2023-06-23,2023-06-30,7,CUST-2278,Consumer,Northeast,New Jersey,Home & Kitchen,Storage,Container Store Bins,26.06,1,0,0.0,6.72,26.06,16.54,9.52,Mobile App,Debit Card,3,0
ORD-04988,2023-04-08,2023-04-15,7,CUST-2143,Consumer,Midwest,Illinois,Home & Kitchen,Cookware,All-Clad Pan Set,257.14,1,10,25.71,9.99,231.43,144.84,86.59,Online,Gift Card,2,0
ORD-04989,2024-05-30,2024-06-04,5,CUST-3116,Consumer,Northeast,New Jersey,Office Supplies,Organizers,Pendaflex Folders,15.28,3,10,4.58,10.01,41.26,10.4,10.06,In-Store,Gift Card,3,0
ORD-04990,2023-04-26,2023-04-27,1,CUST-3383,Corporate,West,Washington,Clothing,Activewear,Reebok Sports Bra,34.83,2,10,6.97,12.7,62.69,25.72,11.25,In-Store,Apple Pay,5,0
ORD-04991,2023-02-06,2023-02-13,7,CUST-1492,Consumer,Northeast,New Jersey,Sports & Outdoors,Camping Gear,Coleman Tent 4P,133.38,1,20,26.68,20.57,106.7,98.75,7.95,In-Store,Gift Card,2,0
ORD-04992,2023-09-03,2023-09-05,2,CUST-2463,Consumer,Midwest,Wisconsin,Office Supplies,Printers,Epson EcoTank,193.06,1,0,0.0,20.49,193.06,107.84,85.22,In-Store,PayPal,2,1
ORD-04993,2024-06-11,2024-06-16,5,CUST-2211,Consumer,Midwest,Illinois,Sports & Outdoors,Cycling,Bell Helmet,52.15,3,0,0.0,7.99,156.45,31.39,62.28,In-Store,Credit Card,3,0
ORD-04994,2024-07-03,2024-07-10,7,CUST-2829,Consumer,Northeast,Pennsylvania,Electronics,Laptops,Lenovo ThinkPad E15,719.43,2,5,71.94,11.35,1366.92,457.78,451.36,Mobile App,PayPal,1,0
ORD-04995,2023-06-03,2023-06-07,4,CUST-3100,Corporate,Northeast,Massachusetts,Clothing,Women's Apparel,Lululemon Tank,66.73,1,5,3.34,15.48,63.39,47.64,15.75,Online,PayPal,5,0
ORD-04996,2023-02-11,2023-02-17,6,CUST-3144,Consumer,Northeast,Pennsylvania,Electronics,Headphones,Sony WH-1000XM5,312.22,1,20,62.44,7.69,249.78,199.08,50.7,Online,Gift Card,4,0
ORD-04997,2023-04-30,2023-05-05,5,CUST-3314,Consumer,Southeast,Tennessee,Electronics,Monitors,Dell 24-inch FHD,192.88,1,10,19.29,6.62,173.59,134.89,38.7,Online,Credit Card,2,1
ORD-04998,2024-02-28,2024-03-02,3,CUST-3075,Corporate,Northeast,Massachusetts,Home & Kitchen,Storage,Sterilite Cart,40.67,2,5,4.07,16.51,77.27,27.25,22.77,Online,Credit Card,5,0
ORD-04999,2023-01-25,2023-01-30,5,CUST-3407,Consumer,Southeast,North Carolina,Electronics,Laptops,HP Pavilion x360,631.76,2,0,0.0,24.46,1263.52,365.12,533.28,Online,Gift Card,3,0
ORD-05000,2023-01-27,2023-01-28,1,CUST-1468,Consumer,Midwest,Wisconsin,Electronics,Headphones,Sony WH-1000XM5,285.74,1,0,0.0,21.46,285.74,198.78,86.96,Online,Debit Card,4,0
